jitter,shimmer,pause_count,pause_duration_mean,pause_duration_std,speaking_time_ratio,f0_std,f0_range,energy_std,speech_rate_normalized,articulation_rate_normalized,fluency_score
0.040218362994790056,0.10877516837819766,7,464.29940245639233,161.76204528031846,0.6106655295164416,63.47467877950126,196.27544328798916,0.6081736908304312,3.277726226758434,4.216023298480736,16.638292200830378
0.023301182874440905,0.093963912649516,2,322.1122247766789,112.97463422114308,0.7449370477953562,39.06907488329469,109.26635835850186,0.4681863864493774,1.761516060583751,2.2753521624073003,70.89826949045667
0.03391573408991448,0.11742786713002946,4,338.66014652921206,99.66242409494615,0.6147353332581608,73.87474254539083,192.9862536001668,0.4250376203133243,2.5003467158121566,3.340227096907617,30.222057718727772
0.01516302269040641,0.07874765917965959,2,218.67077973562004,44.558331086944236,0.9036061117562336,23.23889565708764,70.44827256904196,0.36824123372460493,3.218446292179547,4.558380743189403,100.0
0.048965438520727086,0.12988560076069136,6,353.42656253720344,92.860152242707,0.6130228481362815,67.63164041207571,208.6594218445759,0.5474015534614913,1.6747519584879722,2.405445829216695,15.18093946174802
0.021430683210442787,0.08437206724765481,4,325.4666153522079,99.00407432485179,0.7232935819610119,36.82020982343451,91.88296935123175,0.34246566823288666,2.542022184423322,3.4809043400314454,65.40297630638865
0.020944087781872317,0.09834189241766056,3,335.69624663207594,98.60495682519245,0.8450987949334839,56.32324244002915,115.19610144092195,0.46512318525565166,4.0824483846675035,5.404774738491039,60.72458275025674
0.0424803456108822,0.10562292253702732,7,474.7466860652571,159.18973890954084,0.559811433211745,52.88733034637678,147.57269496685288,0.6117252867959745,3.1443180454010133,3.8721485852791364,27.79597828870905
0.017121744227250296,0.0528688516106446,0,207.25924157298113,54.512157688626615,0.8539340717501487,20.18978809316488,57.216820431806006,0.28416085159529475,2.896010031049774,4.311966023434857,100.0
0.05093575568694766,0.1337201754612578,10,503.99405100534096,168.73010603860152,0.5188107979439515,85.02089860150927,212.57158368878908,0.6940448795769687,2.912992860945858,3.767939215829288,0.0
0.04458179231251992,0.11683799723735294,4,455.7032258510245,171.74182848250337,0.6311548254269898,57.119961603187136,169.627529004608,0.5630231705411931,2.5138028627521942,3.6163404876369563,34.06646765270872
0.013109368047389616,0.06225125612493487,2,221.43668729988337,68.65506999965712,0.8883122734054234,30.732993994873972,88.86221457571294,0.20398892545042388,2.8722789474069104,4.285524242576853,96.30042067964371
0.024016668032978434,0.0809333760892144,4,328.41433592661343,96.20933116920462,0.7939568679144436,34.42093648866215,103.94112863106048,0.41984619540914764,3.010944011141767,4.124926599740148,61.29402322939819
0.027142193704829638,0.08003685737950357,3,264.16623922798783,69.73881817383595,0.7649319982626086,31.69050057184306,83.50581429220539,0.392969099601913,3.0108912220168103,4.498517375206077,69.39226821925585
0.0602555070487646,0.1403127485561866,10,488.26086717319845,142.7410270769204,0.4077185984187417,99.80572718118052,239.55936635840092,0.6000286101339186,2.1420641175586117,3.207065001078822,2.068739542826259
0.028895481438551637,0.08662450008871492,3,259.63038383553726,92.95168001943772,0.7414728163281818,46.647337673093084,94.89403229797546,0.34158812491273505,3.1927276587377698,4.154125260375199,61.64479792344845
0.024351806324079413,0.08852551824930766,4,230.25014086647548,47.72364681974918,0.7147655915197273,53.46111154981194,179.73354398300586,0.3127674416616681,2.497142223782196,3.699230856478631,70.33982792844043
0.011358947724889521,0.061227695758411096,0,167.63888847130863,45.21850287709187,0.9206475702079492,31.128687773871516,108.80455984260392,0.3219481178453513,3.901328756046644,5.688371133942862,100.0
0.0794207823769963,0.13854978823643016,10,464.8777562478558,127.49948013612408,0.42737518904128574,72.29111087873696,157.51577541097203,0.6181345328574511,1.9072766767998361,2.8261806865790224,0.0
0.039963873059150945,0.10366801383000976,6,342.34224256321045,123.32048463827394,0.571153162437033,62.18327159453139,167.10574593787607,0.671956342999566,1.8132993324682396,2.5138702490363647,21.780121206354828
0.012671971016329688,0.06193490130414891,2,203.29713204359527,63.163343799177916,0.8767132852931132,22.618827446654382,58.43330679695986,0.3250463927552933,3.097644518081321,4.367498672473613,96.30893362963165
0.012511411631228533,0.061605804193693645,0,213.51153754905548,51.163517137472866,0.9354422102714436,32.11191235033832,65.11601757867273,0.26687487509321084,4.269410557623605,5.456587485611977,95.75869827890187
0.024343605697763816,0.08524624788911139,2,295.2774746769603,112.18379498856412,0.8096919410822981,45.788859697691635,147.1225774170628,0.4758675386174163,2.5591318628666264,3.31513500618238,66.20137816691151
0.04229312172594428,0.12707863206849776,4,373.1115028732479,136.08875620680936,0.5671776705339862,78.63389699780066,227.93941280518823,0.511563702405359,2.4941000907341744,3.1270408270066463,28.981073941325487
0.027473645285852947,0.08901747219948494,3,297.67912827170386,86.47753625848014,0.8207322069229838,57.421014789609835,132.62633936557302,0.3787908096192087,4.335389390099479,5.947724578484677,67.52079264456437
0.06606900390729517,0.14440625953067002,10,550.9505113808458,117.72098096154562,0.5476496808192445,98.70508184415941,290.2915842222525,0.6200433485681617,3.2456432812852594,4.856480852387376,0.0
0.07857660987325793,0.1441243558268085,7,527.1219990754782,176.10601136780267,0.5118013900895536,88.78197703971085,230.0709754189409,0.7116924555315108,2.848066465628195,4.227100805052567,3.303857173174368
0.02399499895235627,0.09576903225837201,3,306.41332498505915,118.1901278927284,0.7990039891722015,47.7680869037007,139.86348174700325,0.45466095725921835,4.390010681070087,6.30061610125494,65.8734291363126
0.01135679881102758,0.06891439950493586,1,153.20807033552168,54.49076489334354,0.9468833678962186,26.01351311748324,80.45261093189453,0.3335598925002681,3.4467950833996577,4.1374449136240115,96.14002237608732
0.022975174043964056,0.09474152697310279,3,209.27742456551493,43.64037467799679,0.8115363443884414,56.99261381009639,145.8562439168598,0.37995047427611484,2.7549835119879504,3.953286088840791,73.61206621460539
0.024281793446310165,0.09814917480252673,2,260.86072755971895,74.73656452875426,0.7094032505670306,42.66279340765924,91.54575877332842,0.3338701399889135,3.448899138442735,4.986790301637115,65.15219467461631
0.02762490976629474,0.09265774677618496,4,255.68688975039169,67.53847123819087,0.7896955331008544,30.41817136929893,61.2318375849551,0.33763603101090167,3.173469138606685,3.976308473065027,62.20635986306476
0.020370991474319207,0.09481171560393409,2,301.36491887771734,88.16306886455014,0.7672718968321615,58.74059130834962,157.03108101895813,0.443473212049928,4.197746413157848,6.192136195306831,69.87901852639254
0.07873770465514915,0.14151002446401204,7,547.6486509250667,199.1944890638039,0.5099245088564679,97.17308484318166,206.35344571631663,0.7353635477725181,2.0536305545810993,2.683728512375038,3.6168591735716227
0.012450621312020774,0.057636323823795375,2,157.04819419279556,38.844992321782264,0.9029393727034557,31.064368557907095,95.76106374609532,0.3401532159019362,3.8637311550506848,4.893395406221882,95.04305836502121
0.026699288953989393,0.09218470977262554,4,249.5474357873019,84.1916301804311,0.7723327271357191,58.09742772735711,162.7340477593173,0.49465339019201043,2.726765758623337,3.7986107664664113,71.48480227573387
0.04021195635058788,0.12118788240685574,6,320.38837977230475,96.11787522273592,0.5728346503699441,74.35082790802056,239.62699408461054,0.45177590366037373,2.469867700255559,3.253130740013054,29.821434344022148
0.016912485461135343,0.07727377956003426,2,194.50007223277638,41.914968382761955,0.8728945176031707,32.65985877516254,71.7604191532106,0.2464901744872812,3.370067621560971,4.682892508585284,100.0
0.014073721254332946,0.05333622615728255,1,240.84482627721886,77.8367531460908,0.9169961692274793,35.36609678172774,77.69217846150873,0.38914325430432173,3.9525881703792036,4.765525379120953,100.0
0.02267125788722581,0.08151863284246785,4,260.09130717451626,67.13423510024843,0.8131356620805213,40.12789892211417,91.00725327946789,0.4929246922097715,3.8755597153490102,5.729171148398637,62.520640278793294
0.014159761386722139,0.07826308183643892,2,157.70050338300877,40.70126275234038,0.9395169721608378,37.466087504373654,81.12787550104647,0.3839017273482569,3.513998731645778,4.22750944377474,100.0
0.013711477751115185,0.05241615172855138,2,243.47816924693362,52.40538252828076,0.8813060627834707,30.94997907822347,87.28514782943525,0.2160660194028513,3.7799965218766243,5.479447836325602,99.16494400590523
0.018114321969598637,0.0681063460342864,0,245.75311001689946,78.93312431313464,0.8782363283303048,25.861832012759557,71.42055487327912,0.2553506133526583,3.3020115649621182,4.326345702917429,98.43329039572036
0.02693084755284446,0.09463515879859227,2,256.72425789694813,51.424725052323716,0.7946975989940082,40.734960703807126,102.09406880347757,0.33057604300786075,4.1313287558570195,5.579323391916985,72.84085725044935
0.02781361051029378,0.09681889502487455,2,279.20279810135025,105.05795449310514,0.7693777763022414,47.05912318483067,106.05995251579778,0.3098706074941887,3.592038610110788,4.403281511109436,69.54010745437131
0.02023359854540754,0.0857235662886474,2,291.10422495074636,98.83684008089453,0.7671774886272099,32.96238162690224,105.97678178422044,0.4075098266683149,3.387704637218368,4.468144367685802,67.1243875314089
0.03262710358300368,0.101608457914239,6,331.2209896668094,80.76323692614598,0.6849850548508725,53.632878805728836,120.39874820625641,0.4346545195907821,1.9811766447890133,2.814773615582571,33.83315409162634
0.01966231310902595,0.07645126857622225,2,151.00161696952944,54.69798309573258,0.8878342181195795,35.185491079526734,82.95728040982965,0.26486905576942654,3.2145854456209957,4.466933011192031,100.0
0.0796609421620825,0.13136717431724299,8,558.7891548743513,129.82005150791989,0.4271841700133288,90.05522316427705,187.11861526546676,0.6635373700622091,2.3118151791587733,3.17549224272347,0.0
0.02777454217683889,0.0800944704887267,3,313.2125844046252,97.29190168257028,0.8477050211540219,38.35620667869067,78.63288445989174,0.3472270291956791,3.077207264794355,3.9751308737760147,65.54190227192346
0.029779797119820574,0.08202067769653822,4,265.44239003852897,82.99108351648184,0.7150407491827944,54.94507488384563,177.59753164284132,0.4634285083430358,1.8034897532690801,2.639625182713385,60.613981093365794
0.041762781704463924,0.10914835937616685,6,408.3374229323413,138.90393321289858,0.6897985010351918,72.03709960083147,210.4690964547701,0.638761133236764,2.4909945851574844,3.3646023221958643,16.710257816801015
0.010245010385701843,0.06387843710937569,1,162.3248832335904,33.64258301889752,0.8971137203278213,27.6424011720844,62.38663990500663,0.3432963852144982,2.6009397426498757,3.522738109643698,100.0
0.04069075565027945,0.12594517674752095,4,411.44131409367844,111.64958930096871,0.5643041896775672,74.21665080494189,167.67928019029026,0.5336950784849954,3.173207179593992,3.9222583128379878,32.997815845067585
0.019272588851597255,0.07783841337689183,1,160.64714255565568,60.43781609360106,0.9413961512501555,29.07344319070837,96.34380095726922,0.3608249222670578,2.799895230612586,4.06861803141074,95.17913120298998
0.07060500745058666,0.1357075514910842,8,410.15270109263156,120.58816685337281,0.4439512551623082,78.13311189341513,178.09804407636554,0.797873525493023,3.4662305360324828,4.2310270114334685,1.9442060175554932
0.023188848318466914,0.08445690127063754,3,263.1237944750386,87.00690943910628,0.8419616865148046,30.890348472459443,92.35356048203663,0.36127736181026965,3.6045447380209064,5.320342654186207,61.57247390973847
0.0247631396200737,0.0856683422873756,3,245.01091096190333,76.07069217919148,0.7120471891129555,54.0202833538053,127.12774332770643,0.3003195342531202,2.145948643364669,2.819646642331379,68.98816130679874
0.05778975726918609,0.14180165513278212,7,505.1111091127172,194.63946086689097,0.4172651732545814,87.37452940641865,243.05032370284374,0.601040922918422,3.243351453016869,4.746253891982637,0.0
0.02499477394654901,0.09433729965767988,2,225.82974192757925,63.845416148864366,0.8247916222153876,46.52505716547938,154.53078637680775,0.42321203256893425,3.3365994503230683,4.155921160211529,76.59292661091808
0.02631527823579062,0.09598761610344222,2,263.02747220969917,72.31993677239548,0.7719458381996843,34.06822105027219,102.27438779119758,0.39938720012287626,4.3698220829878505,5.930608962872667,70.77026602036604
0.02089762616091992,0.08495577896192802,4,228.9536730709288,57.616422196826015,0.7228116363033074,46.36445926942621,119.3329105092094,0.3355230015533999,2.8178150199245575,3.9452726620344865,71.79392163373257
0.022413737331921986,0.0849704772547547,3,317.605658959142,66.83348114544634,0.8264939933705061,58.75134031518123,155.8445519173478,0.3534841465497875,4.323382322089804,6.343581600373754,64.50960378332638
0.013941209632221842,0.06567305105437202,2,247.461821332287,91.00509751577604,0.8809837705659452,34.43333632394291,76.08658580601826,0.32549457257065484,4.004973938294492,5.1056577027252015,100.0
0.01696734499493398,0.06990205243753739,1,192.98204953708805,64.25499629432782,0.8900687591269296,29.7992937582874,78.63077464990997,0.29742482270923565,3.694714717513043,4.68868534105647,100.0
0.028502570466907184,0.08886636897227411,2,349.3945240163662,91.80325795410458,0.7047084647156456,47.01884631687823,121.67090567383426,0.4642209750855925,2.856124613420313,4.269099416425582,69.47497915764646
0.02760144617043039,0.09519006297235204,3,304.77424334155603,70.00505662696995,0.7110348078089943,45.18273985881136,91.0625272690026,0.4827398684631265,2.6313982231225506,3.633501113815498,61.628835683342366
0.022868949674253892,0.09889015198388448,2,261.7307807661763,92.50634295810809,0.8147807534705388,49.86491157967334,120.20912688322866,0.4358919162079238,3.635811829543313,4.7847935211591555,66.24742336086986
0.024405923535187,0.09157212464134763,4,322.0415910034898,80.09028975936657,0.7693691130395935,43.78896772984008,105.74029107660705,0.36717215047080265,3.6358055722618885,4.625042742896506,66.55611979962981
0.013123306069753923,0.06414395553123799,0,180.48029568536572,45.10195353307794,0.8830210218903998,24.35029705320151,63.773277664816646,0.22347151140133392,4.015105032403616,5.286260393905344,95.12805438051414
0.028923706376825876,0.09768219359217294,3,275.6388643259382,81.25276085058731,0.7383083934898397,35.50784401593578,121.68025943695831,0.3860175365289991,2.653929203188805,3.863780194304635,62.31867466507839
0.06879465986025357,0.13020760467024467,9,450.79926653555526,120.6639037865225,0.46626040417311193,93.24216189127097,296.0862538277835,0.6322824055292852,2.2113915512451623,2.7680389718654337,0.0
0.06394241842670083,0.14028695271275676,9,505.3868879968722,120.31672496254109,0.4844945458014951,89.3485233939513,219.32489985885164,0.6157957048292135,3.0023651337430692,4.469415365737263,0.0
0.049632990287694204,0.11541224689341999,5,390.7754111654528,100.80132930662958,0.6290607486341605,72.36747704900534,215.4397496876569,0.412148779903062,1.739544153127475,2.2422724887794128,18.507956069245644
0.011774070280816912,0.05282501748085433,0,223.99905623282123,48.35521515328988,0.9361865632338426,36.00703857541175,93.02575689533566,0.3123303386692146,3.251284248992228,4.641630350214185,100.0
0.024899178576030218,0.09043065437953594,2,283.8577452643078,91.6069694887656,0.7139254882729649,47.01087437769677,104.46092542891577,0.39030186790465254,2.0462182965134224,2.710639573092019,72.7650804704847
0.03171659967525499,0.11076940132118086,4,395.6835209599582,86.98736755072159,0.5863957487095584,79.03733074424756,268.0277120772716,0.6699293420380387,3.265533830199862,4.42773812768137,24.400967202447973
0.07730082124837626,0.13527320903430912,10,524.4530597987232,135.30124906191193,0.42342658729444815,95.92351419224117,283.2697778571027,0.6991493562189421,3.476817863723045,4.574954892474982,0.0
0.031749791502727914,0.12840603814339024,4,312.0996308426074,123.48767254562316,0.6841006044762471,77.58675251241635,252.04711117084642,0.5436183987868265,1.994922172289871,2.8140206831640637,36.00814114383522
0.03665052119496402,0.1261939847053517,7,462.7915336249693,152.1206071682413,0.6489989930780712,75.7047386740998,198.333598657053,0.6899867313401418,2.3097570383800665,3.0949338080069246,20.54693757815827
0.04786767630581742,0.12645119312589315,4,498.29034032855793,129.84354736090089,0.6224335477746932,70.76680120384334,159.451373135406,0.47843485170317845,3.2731779248993558,4.4496736001641075,33.755628128166606
0.03147935033487632,0.12662297656617494,4,429.8928587760677,122.05708856260816,0.6437779776486587,74.3343204099122,237.29241311130602,0.6670509093494298,2.1018566075366025,2.8275517337995266,28.938259352627615
0.022206636361288,0.09587645549587526,2,285.36563177431367,80.5423523661332,0.8127208641938162,54.89459159967462,138.72585921463974,0.33320872027009835,3.447717507837818,4.511653081316524,71.43238388372264
0.04248081581914304,0.1171624979126399,4,380.8054352867555,151.56983174602217,0.6416620540847223,68.96694168067435,203.3132506305075,0.6002178905923029,1.5040685381201633,2.1257501605642806,32.739060048215784
0.03378655957313727,0.10493622390916438,4,357.0049626027733,85.66201181772905,0.6292868538620786,57.442288855160015,147.45634232974894,0.44979568343147414,1.561410064717566,1.8997569051182324,39.56695025895063
0.017524304458772674,0.06320641058512527,1,249.53574017944848,84.68135604486204,0.8894402961711584,27.90132602275544,68.42084338333936,0.3811529098405711,4.00372057471337,5.337608635411114,99.69544617471345
0.04727732423508071,0.11426624172148353,5,356.7129668437048,80.94869974564101,0.6951901181422425,69.89086773385092,195.54276395356922,0.4679382798747898,1.7910515740652118,2.2607344010685564,22.902484521088425
0.02515965611643794,0.08018455158089288,3,264.4410582427075,68.5310686881116,0.7453601203961245,47.44963532552415,145.36692960200475,0.4893341242433741,2.172945187232319,2.824967248271026,60.81425031233613
0.03828283775834116,0.1121208339740152,7,331.218289669892,85.81761528592058,0.5721089488928126,50.519169257875305,144.1132639733062,0.45103072580892717,3.4737653381540574,5.167457815613873,30.80525414481003
0.051212052650344286,0.13881897257547307,9,535.4814504358098,149.42868120506066,0.4332791730130571,95.91953831142419,285.89972850244794,0.636816148345347,2.1651973178087998,2.87860415594331,2.064968147768955
0.012971007645895245,0.06646162354363679,2,168.5852643730069,47.47368720216807,0.868657305581205,27.517231810752236,92.77761421709128,0.3067813833563853,3.119337647136665,4.552920381467315,100.0
0.02188192442030865,0.09347519008104703,4,221.6770454191953,72.18812635650806,0.7780553497969027,41.89705344259527,134.4936222815413,0.35455178333476406,2.5784988072169015,3.4405125166573423,67.86331813144353
0.04653572032640537,0.11879407160731957,7,337.6231634187437,93.5818142847412,0.6448652224466674,70.41407979971508,173.1404569651008,0.4879796112208832,2.781698785173286,3.776006588026362,26.542494432019463
0.0253585641502544,0.0925007427254325,2,331.02899619420646,118.55736743565613,0.7389931728783108,47.907408091404236,105.53340174759083,0.32163629217278106,2.8617362249040337,3.6411041884154405,67.85900394869942
0.028751523774826822,0.09545343075024783,2,343.6904010386847,79.8249684930413,0.7959087301662129,40.72486247848308,120.42915880200191,0.32184043720431715,2.5573731341508736,3.4833895325993374,66.21515943585356
0.011120134950858935,0.058279668213147236,0,219.08557880953938,48.0907592686155,0.9164799253804091,32.71462397586514,111.39231319698322,0.25186688193617685,4.120622025687571,5.018676091989123,97.29797751549951
0.05391631950670643,0.13259182291814717,10,413.1900461028912,90.24623549882097,0.48842940050637734,88.85386216537756,236.38567776797544,0.723347019900072,1.9954181401959505,2.434169909444536,2.442657950806333
0.04153308116994409,0.1098567038032048,6,473.9806647209011,95.88888180535017,0.6320161115633066,79.38701502515073,166.8153330004398,0.5877678207194738,2.375574750401003,2.917650140854708,14.760409747997656
0.015769782948075066,0.05706720037505023,2,158.42514189503842,34.52952716556782,0.9048221835429039,35.14676975964938,91.10891769833194,0.2074462938431832,3.3471860693499673,4.7219077613144185,100.0
0.024869279452964743,0.09993080176954926,2,346.1439064825803,132.28548775807346,0.7423533626288257,44.33973322306148,116.51471391615108,0.4004566971237796,1.6805300997421044,2.245494879609537,66.82370704800631
0.04227687489992703,0.10833610444823302,4,307.9126890136678,68.329566055494,0.689748310104664,70.96585334129833,239.54268986408994,0.5158423996306423,3.1293070825363527,3.9938321882514436,34.449926118539004
0.015188996863314319,0.07747088921937573,2,180.53867943714687,50.33786076468613,0.936863641490725,39.05868073267695,88.97504714096576,0.2173847647506251,3.0344978325264123,4.056771416588306,100.0
0.02282766947659898,0.09850995379938796,3,287.6726884260095,73.01175064024403,0.8009188432371089,58.318670502014804,169.76890987719545,0.3706401676642254,4.139751388735966,6.100909260113535,68.9210101083428
0.020219493761096493,0.08725496038221525,2,215.41731893814014,80.77018663252476,0.837290354223648,57.35965821778095,147.91519017683513,0.39818618026038743,2.753443997121235,3.4326825588661993,72.36109484178856
0.027192253620663763,0.09252363225982717,3,205.15099102565796,59.85334169857239,0.7876778197254903,58.05332574714431,156.1286716335381,0.36489538385904935,2.916089728659185,3.946674386209641,71.87264743386773
0.02147239166098922,0.09670354083738271,2,325.3461644196237,97.40389355248246,0.7342461667908409,51.510478068253356,116.09131135779849,0.3785281764162497,2.1233567987229565,3.1106608800694495,74.40900672418475
0.04159336726884875,0.12582285085418324,5,487.55341874644967,178.80954267671208,0.557766204846094,56.27862910162173,118.45333000762021,0.49614228979271086,2.408759201624079,3.1597823965464644,21.7487407468707
0.012580402273220562,0.06269050830242412,1,219.25277156453382,52.15016346170685,0.9350733115932615,26.666692729795006,54.700428634057985,0.31251524242384565,2.7643993296499794,4.132651538560984,100.0
0.010723433661054372,0.05924192406893559,2,237.91091584353444,90.57063813466394,0.8579958051494619,28.702863653815513,71.36682609972976,0.37345428437517,2.7240249053081134,3.668592151031621,98.70020092412258
0.02278061837528401,0.09075111553518986,3,260.26381444865984,88.71568966580834,0.7756255998161882,39.8177924879927,96.35508382332797,0.30357394478730143,4.190395357125643,5.5840809208567235,62.601497360015756
0.07944592794927634,0.14335401883038576,9,409.3092857670467,136.94066925763653,0.4960040944634949,84.92621875751128,198.2685299149183,0.6426504242938292,3.186775256918594,4.333586435292765,2.1637670165973475
0.011004477040941348,0.06373274495504962,0,205.78205630518204,50.20368662800263,0.9482345934328223,27.032986005316125,75.67759292621965,0.24039748465841246,2.9420749090646496,4.204433743343918,100.0
0.06597516335977231,0.1315490074324237,10,456.6365926612638,157.40358845291425,0.5114592954269637,91.13577521916982,261.4864998392367,0.7599775150076302,2.3776840169852234,3.4491909696987313,2.892620940152085
0.039380737881774215,0.10728593071843472,5,406.5583331140701,148.20408685476355,0.6311841561224019,63.603660404071,151.27962382096953,0.5158251955923481,2.963101242289529,4.080492732152892,16.333335478730483
0.015121851751410939,0.05577587663063241,0,174.78962647972935,45.07073206386888,0.9178734200713003,31.00749358214627,82.26648107795842,0.3218110051522315,4.436594406274562,6.432988578890154,100.0
0.03414623346169441,0.10219242465903197,6,454.8324590495328,179.35262244685256,0.5891626660045541,62.281634624854014,186.85061882490368,0.6643183517678927,1.6457753186923296,2.4648648340374506,18.86083415537852
0.011969765666793333,0.06758313601603592,1,248.51673869067233,79.92331619971905,0.9493547543407784,33.677099961261504,71.26667966330331,0.37867846243220077,3.6359875212648216,4.476526768335477,97.40388233698907
0.013658720783313918,0.06729288953563307,1,153.71144996405474,41.909342579712366,0.8517445803585039,36.11390222890011,85.69576399086104,0.3519677786207458,2.7053344135917285,3.6846021425596565,100.0
0.028117643585528648,0.0935955398933741,2,318.76132419863217,103.20067805814202,0.7281530494872139,37.94639486200603,89.6130481281884,0.4360730518770104,3.2526221167739693,3.99727146410892,71.30907821337128
0.039747690494098736,0.10392172523475281,6,411.3442064514203,151.129705548343,0.5638985365119001,72.49368446462636,204.425229658553,0.41710800938364445,3.424144030715766,4.59622836374049,18.424696067117615
0.0740774766410838,0.14141907215445856,8,473.08125182981235,127.46164087412716,0.502999238802499,77.4203627169108,202.28990623598696,0.7683691722761223,2.192858416450826,2.967690895499358,0.0
0.025594095857797584,0.09743742119794416,4,238.01048032934975,51.88676041028475,0.7465847033191728,54.998940057749294,119.96953608403244,0.457152924363211,1.8654312185539095,2.3591820925889793,67.2147690948838
0.029350899068253514,0.08007385083244839,4,228.33272595527018,70.77944984140208,0.7312309916348732,39.780594422168406,133.2708363395266,0.4161095139877967,2.2674757145224804,3.311820958198103,70.05258847909425
0.0264474632566642,0.08682219911230704,4,330.0296763250869,67.39414371035488,0.7053151095017961,42.91502800162887,90.07193572309525,0.32759819186903155,1.677314588341536,2.414650980657731,69.58060349163769
0.02596281596900492,0.0804271094540767,2,231.55089555819603,71.47802870412333,0.7347341155466554,34.60186061936039,103.06019894100616,0.488052145283314,2.4582901593047914,3.15702414453952,77.41106875019481
0.042919264186637315,0.10831983618445085,7,451.1300059833712,123.19666062819465,0.5978519319545152,74.7030680735594,238.55540986155899,0.6964021155260567,2.8613046737368855,3.8249499126814355,16.275755353580077
0.03538030985995949,0.11744901295687984,4,440.0464717962004,109.07643704435029,0.5539107561594067,53.98515275887691,133.3776789107407,0.5127791880150613,2.8975802902751893,3.755334992966031,34.05365710056808
0.0261495618681824,0.09561552954851096,4,325.96055692268067,86.4831374353414,0.794862882498501,53.57895447613448,111.07920207461738,0.30110332934471495,3.1331609996963836,4.403901433809287,60.70791040267107
0.02077472754670132,0.08057302599692526,4,212.06110777142902,84.19112367321273,0.8385049267867819,55.66669100576526,156.67973314260152,0.30590493234403743,3.1985735856944095,3.889013887533676,74.81056598150772
0.02219310613652152,0.08590906941834918,3,235.7804446186293,77.84026399671197,0.7111971832078952,51.24205652350768,109.45876492664956,0.45787249897916493,2.147143649712151,2.8596794638863727,67.131860259427
0.0346376769743324,0.11857329762135216,6,435.78393109914344,147.07880284306282,0.6810817780267168,71.9377647967784,201.48129472955432,0.40820175527048586,2.392880790218342,2.983671860642422,18.169381943142753
0.028571126222341127,0.08497558474678894,2,283.5033458885628,89.61735793916276,0.7451529322254196,34.64056531322555,118.73530108744541,0.3125560853207679,1.5383731266355485,1.9457692737396284,68.71472910965582
0.04150255360236874,0.1137503724138688,5,429.81527188619646,155.02584254586216,0.559897810923126,67.89249267236923,153.44687130389704,0.5667808528391982,1.8949989043158852,2.461693874717909,21.834779793674045
0.025983454813725507,0.08759926583618702,3,304.97640780405374,68.88966153748785,0.7008722895476385,50.933481811108585,129.30304717287328,0.46381172209764726,2.380281562506612,3.0999175672089403,65.37454883139523
0.026887395919493826,0.09057397220218087,4,300.3110221416768,110.06657158575675,0.7484603976417898,45.85771759313849,105.7063440291912,0.30174732997391585,1.8711039093986692,2.550877765204935,63.106779508063454
0.019261009635341428,0.06375647506750665,0,198.26546324319546,72.61575852594112,0.8554204805270524,30.365536430103333,98.05350272315043,0.2689940250268676,3.6062672078388647,5.349709885393863,100.0
0.01541063603167699,0.07907591155010059,1,242.99505528373066,51.08320632343712,0.8946090544639095,27.706428214314613,92.92960987138675,0.3142924709297919,4.453086806560121,5.608378747337414,100.0
0.022599551318604423,0.098100373678796,2,318.3267893238985,71.97236938382574,0.7478420635875355,53.65893978652963,142.21026551030852,0.3423147162826799,1.864817927020266,2.576667213695279,70.99302788020192
0.028300372769333636,0.08475109618991183,4,310.61305796864116,105.84681489253362,0.8422497674786602,49.240937136614626,101.957223614609,0.3959284295417494,3.6290013296004435,5.007758120171247,60.95783560396971
0.032941799308815675,0.11929209831526723,5,337.4077985290576,116.50025486814778,0.6182746553004256,54.33782328734874,131.94797604783267,0.40196588935838345,2.172513072302632,3.17945693725599,30.642662012578665
0.04414365246114265,0.10397865522642065,6,419.02865177861975,92.71627745254828,0.5629160523099735,52.41821405076971,171.98476461734487,0.6396735386044151,3.4160816200448374,5.086001825829557,25.728560524982537
0.029779788279970888,0.08425292804012248,4,312.71803711792035,83.399551068838,0.843274519392909,53.00419944972356,161.8768629414195,0.4411372031347077,2.5022983949374424,3.3602275544752063,60.078456112981826
0.047743401996809286,0.10878919416495492,4,339.35134561319455,80.53050903723332,0.589724820345396,64.38894791318148,204.4802086254955,0.6855298189901509,2.4135497417021052,3.4339632109514753,30.989835728234784
0.07314056754135184,0.13076111288777903,9,546.4180879145831,196.80832579841817,0.4743727309812051,99.76198170044826,333.39111179270856,0.6016959249151658,2.1242735200110694,3.1282906223259754,0.0
0.036686700897631624,0.11385994788548195,5,496.8921975331425,142.52240620997017,0.686165606616213,65.67472673228202,208.567460914769,0.6099323195499409,2.536064016667363,3.1265284627466357,18.07177859175642
0.010615206624351548,0.0673122028399901,2,183.70456666591843,45.88521663971333,0.9060863169999561,24.98354278322427,52.74835516636662,0.20913914485759844,3.5465982306219344,5.051345379954011,97.13644993500534
0.03329905359976853,0.11748818376467762,4,453.7623313937121,112.89102985308003,0.5707568302622623,54.0038574531221,108.44907556983894,0.519849656151834,1.7620928693722326,2.4012086988971,29.017612117476812
0.04300787110575991,0.12724320410040363,7,400.0295255710049,140.89428798027583,0.6168207012465065,56.01672058865359,180.9860147451756,0.4102514731551873,3.4967644152138133,4.535468387942327,21.930264616719054
0.03796016923838053,0.10500935559863643,4,402.1223238262404,101.53189440320709,0.6743487287793217,77.10432649127121,237.20095542538536,0.6058346903577224,2.11717034455822,2.740418856798237,23.19876580353941
0.017569014344010998,0.06338464186554195,0,202.07507040894146,59.10893970264857,0.8841795662343296,29.305199807958076,78.29122878020075,0.2510688041489774,4.303073554938566,5.547611037630822,100.0
0.0362191938529314,0.10669104968360528,4,438.4892749806242,101.63431380011765,0.6065898340631304,70.54147864744195,239.1575266621318,0.6370639192872417,1.94767953838608,2.496767766497595,31.15788291957564
0.0752010566982275,0.13015012007864546,7,519.0711511952862,166.25669406246948,0.41981693662039865,84.3859834170841,259.962566142177,0.6611723355062612,2.6613953405217465,3.5938083316085105,0.0
0.0250257117099058,0.09175354204690266,2,345.89166853135487,105.19582609726284,0.7095419765253914,54.9603665379431,186.84675987838753,0.36900940824480183,3.1153429934900285,4.568556656926182,72.88303176586723
0.048644878868530014,0.12310722625654216,7,337.42759559040246,127.60905436876628,0.6529781723202417,57.79063254033049,185.06027721172367,0.6433507378552545,2.2083537176766646,3.110123003069932,32.886426761712755
0.019986492296529337,0.06708171209006283,0,230.11813695833493,57.56398361209394,0.8914669354621466,37.93968003765889,112.09681520939466,0.3276156644053558,2.698295403202832,3.3495196599200847,100.0
0.04956629941033015,0.11863773174384659,5,413.9800636261959,144.28694962782996,0.6091566429977414,63.962852808410716,170.96055480356287,0.5153882643868434,2.5027452842877347,3.1188278433925523,22.481258512687784
0.015431545000583326,0.07318184169786741,1,235.51562521934906,70.93368767220892,0.8507127925540396,30.529984834718007,66.87236242936508,0.2924981425713535,4.210303978386914,5.14499172293131,96.72466576320156
0.07251501624304844,0.1434272285161903,8,570.7172947060006,142.768174007622,0.4122003299350927,91.30105227667663,252.38600930106605,0.6693667995153928,2.1326619477995603,3.191204833198069,2.2359045204378702
0.026547672118772066,0.09735099308389901,3,330.37348004557606,108.91447578028082,0.7385715608897813,36.74671975830446,96.94565777855433,0.450690711614656,1.5078546747994837,2.1046042878128772,65.77504705555589
0.07724050758751287,0.13070402229609349,10,427.1437486208942,128.87173740063162,0.41684284349431894,80.19850536415935,165.16927618671124,0.6023443816780589,2.9600368218189415,4.397408634011283,0.0
0.02195604376851801,0.09982049347347104,2,242.83128663373807,69.26294937100846,0.7279600418600433,48.77960818835334,124.75622834098561,0.3109998892104169,2.170519686590654,2.9874021204842145,72.6955821824314
0.030963906500016215,0.11995562962575576,6,306.29760452022447,84.19758031739724,0.6628585523132124,60.0038943730744,152.26096144401288,0.617856698744492,3.2893969222015103,4.111131796241266,21.87361806980742
0.01880953388622737,0.0718337967843586,1,151.93029448008033,57.5583179680093,0.908019322709941,29.05149692603721,95.99311625982052,0.24244604469608988,3.1663673781892614,3.84180773707529,100.0
0.01589030030134557,0.06704181968349619,0,228.85339063659063,86.22307599575856,0.8843134197462262,38.71155587626375,135.07544640566113,0.34577167912161527,3.6328375830545236,5.3513966432817,95.47365285366826
0.026074270488146912,0.081223972198794,3,215.84811287999847,84.93467435924887,0.7969970274534063,40.7467715699609,121.00011028940932,0.4647149589770166,4.014086064220372,5.507162114487769,69.28914779606735
0.02133255750596131,0.08088634250811647,4,299.8907789129003,77.98335165455492,0.8442905152910046,40.95156641314418,106.66167820775725,0.431312538227232,4.294448652543167,5.325741844363219,65.10595580739546
0.011896059164028961,0.07481024640377806,2,157.61381497824408,47.67725424121393,0.9338078678462024,39.50235813737993,91.17554999953211,0.2709745404638165,3.515626619643692,5.19639853513804,100.0
0.05417384634791829,0.1469702899511594,9,485.8934079596525,162.97435319726213,0.4143682645519209,88.36169004220923,235.73808085166579,0.7690721253584104,2.858912067130147,3.878486547864522,0.0
0.04726333842387612,0.1282863516519728,7,357.63256386341607,97.31640656602237,0.6528243309643059,54.10764000438813,185.37851230772128,0.6289696159452326,2.29640324245504,3.3997854962537937,20.312866688552223
0.016957873067630497,0.06876905638066573,2,157.09925465169408,59.44691566247381,0.9140238612229672,39.49740671021382,100.8908358361423,0.20271205392548067,2.7905401740274227,3.94859107723276,95.0417489626724
0.07363172901342661,0.13647387451077564,7,433.0587179115701,89.38879944282226,0.539375308681936,76.8507293490765,210.53268309835883,0.7393897453074252,2.120137716837,3.046544201494215,2.966347141569753
0.05381708177346964,0.134221674585741,10,560.3358399542088,178.99557222619748,0.41375608185777957,79.5576202054837,164.43888941868013,0.6853120333555354,2.8371252620340552,3.7392829748978196,0.0
0.020768650967018142,0.09570008268821494,3,311.09135934629046,80.23480932506224,0.7690349648168463,32.72352339795678,88.56328390455604,0.4405474880105046,3.517135863099849,5.19960895800959,61.907169049598785
0.0246995195019661,0.08543870103479148,2,337.74590719243565,116.68032218740501,0.845287153720775,30.36556134272477,69.83026143232611,0.4855538775184999,3.2731958832944135,4.875452046657677,67.77356490502483
0.06983246765920498,0.14688782914268056,10,582.8224525751236,143.60389870269066,0.5061317197895914,79.42892416693572,261.17044032524007,0.7163062410655531,1.7648930659254665,2.5681895568797306,0.0
0.026459524263303877,0.09781259765932207,2,289.5498283691461,98.32661694258891,0.725544114474506,49.5377800264937,155.59837189614205,0.3392080100599729,2.1903616486950557,2.6419547265108303,71.00271330237005
0.048484387685482716,0.12837740091334437,5,435.0417663158818,168.163838309503,0.6494384706210533,77.00529871612288,223.46944224502607,0.6452986933929334,1.7158940261467157,2.427176416446578,19.958507078071257
0.024585942008760055,0.0877740948996663,4,338.5469589902276,67.71130701400186,0.7042582874387984,56.310893263361564,162.8087971265448,0.4481188813147854,2.8079233811748976,3.8010008617984,67.11916504043609
0.019815198770007075,0.06051061182448432,0,198.04258763546565,48.9813635740786,0.8713143369395647,34.78550706638556,105.19548142867598,0.20220493863397676,3.409747641671949,4.30058620727302,95.82056777965634
0.026727660289862436,0.09011790428497501,2,242.11912530774086,71.95703090501372,0.780856691970307,54.08082307955878,109.3945013966749,0.41488949583974183,2.7780613522655555,3.920291450750765,75.05976452345026
0.017650048010367556,0.05302232892775954,2,197.13865605634516,56.817977366328876,0.9301000315988024,37.65738202470869,93.67779581295346,0.330435967085693,3.2917650210034846,4.908082228752678,95.38968731017238
0.06355343326591714,0.1485286963079438,9,416.25055630194043,121.75815460180753,0.42425926317094936,71.47390546937892,244.15093865778502,0.7258198101570095,1.6747655966851984,2.076571604928466,1.0584159757016331
0.04921381223634129,0.10107612906389642,7,387.30677605433914,130.07930671486298,0.6018435906956447,55.241488621870324,171.99687845291615,0.4863222473309719,2.340169395193344,3.009214643078117,26.970636024970517
0.0654257918334305,0.13661365605034742,9,463.5717203141236,161.46728607857102,0.45092246697452665,89.17427464711979,259.66071795081086,0.6958040414240173,2.221833071533106,3.190229721602238,0.0
0.011078732454368865,0.0688952404178466,0,185.84929561252127,52.071537612269864,0.8840023361956257,20.85751476260272,47.59334078897294,0.3974574158061877,4.1763141572897515,6.1546933445132215,96.97658403008481
0.015772929380203377,0.07126882608060964,0,177.27767670377753,64.05920505423964,0.9050735626396618,23.317016162311063,51.02643765890674,0.32949691185360236,2.6337202979865806,3.772761338830752,100.0
0.017052095361407112,0.07321224767120109,1,225.47341394630712,66.08919080943834,0.8987166471535487,30.374023922039736,90.13810071191006,0.3762395765793556,3.3032522964480164,4.1637103247685445,100.0
0.04795324095611844,0.11844358469022426,4,410.583171443844,159.74901787466712,0.6997542668844412,56.332046586468735,113.02933383476514,0.472706595324948,2.5590427161838365,3.8278135106275566,38.21961431599012
0.02323467893701525,0.09800092583963184,2,304.1774169913183,104.72414760022525,0.8109322014006681,48.79519203991613,128.25582349127833,0.3189987528402837,4.058283238755864,5.917639221525207,68.08371673247188
0.025605730802776467,0.09736034355829222,4,326.11852919419624,74.55334536947949,0.7466316816539111,41.068246019499014,136.05161833915113,0.3621401618515558,2.8209559374835056,4.008938356167314,65.94090551108489
0.020167637024522903,0.08155798439859539,3,297.62125487832384,68.40527057965792,0.7628692782939596,48.66746712104464,162.04762358635227,0.4827768156868014,2.913501946183337,3.657428602508494,66.15864512579913
0.020380560418407048,0.09096022942856478,3,296.95103040939733,103.0719279483353,0.7345550068312631,36.30246200011363,108.60565191549054,0.42417917530160054,1.6703266214376484,2.3150921857958657,69.96300796624105
0.04910314647373167,0.10610354996712136,7,420.61510149162183,136.24089754484237,0.6910481408330875,54.71570614014421,154.02524467585064,0.5521859165535179,1.8835970301678162,2.706162762088254,20.56521990854397
0.016160170776724124,0.07912337832948384,0,225.852332806276,78.4017779236647,0.8858919508789727,30.695388800016687,98.55953285162556,0.29294025378853306,2.657145713004825,3.590742750911809,99.85811255833421
0.022202346701685322,0.08419727616025127,2,310.5973603389255,93.04399737847503,0.79060834104205,36.44291662836233,106.82647900282701,0.4400112264497523,3.3054656471500747,4.024447455709259,68.1114573575912
0.06712480967220019,0.13905944905760004,9,586.623525582219,131.32932060873117,0.5093495219137328,76.28975513086371,168.97800442107243,0.6307176455048513,2.161557063108966,2.7887028866076795,3.310811384482024
0.017673204326594694,0.07200547035851391,1,230.73474588269315,70.59126746561867,0.9274312373626606,35.23190910201012,101.33404117563917,0.29542455007795204,3.0677937592668267,4.147600404846301,98.71715004562134
0.04825424742302624,0.11509603538798753,5,340.1404176286576,99.77429012318588,0.5848689397155207,66.4431333644381,135.52246730589854,0.46087354411308756,2.7863209211908773,3.3902306077891433,23.086173450717954
0.023871922944782454,0.09122160769881678,3,319.9377768667817,86.15403617768101,0.7998931227861493,38.28820234402916,117.38902572180822,0.3559504588224062,3.4236173599636572,4.47906744049538,63.15310766688364
0.014714943377529667,0.05084982291657309,2,183.54078076539113,39.53574957996067,0.886361769775545,38.16838601186522,87.32894300868291,0.25598571941181064,4.049755856240613,5.652245611478842,95.40765718471216
0.029080404071709583,0.09420497150392508,2,290.11217982088755,107.06563047120167,0.72030045157533,38.75352457893828,90.83644817135863,0.3598053986583986,2.924530018018894,4.345354407799513,67.29482356216886
0.03348297490612285,0.11118674921035461,6,430.61525910741295,120.8718187178139,0.6057630501234409,72.52270455249979,189.79461989468038,0.5994711547130993,2.519952675313723,3.6723800831914084,22.077277588254034
0.012212121779299576,0.07697910409651589,2,153.9514128824252,59.061630851259075,0.9031290172550582,26.002757604248348,84.07009153570901,0.35330949536655276,3.5543423863934414,4.510677122550768,98.54479827971029
0.0505910446322629,0.14425530398448663,9,513.1680058747086,113.77164118669579,0.4359334055206734,78.15173451725356,271.6218627506151,0.7915695209384694,3.124379041625053,4.098900784337074,0.0
0.04923462159307621,0.12237335674314107,4,431.5176645398204,91.79460662655838,0.6597469152803977,72.28333208087905,164.69433896276746,0.4285280964634149,2.1135790271646804,2.914244511629713,26.057205608921386
0.021004874623947782,0.08578936654134338,4,318.2074238575077,67.77746868362497,0.7677693842899121,46.68198123178354,99.73193859548599,0.3771050744490627,4.2082420425079015,5.285092233135991,66.07162266531064
0.045891419153010315,0.12004775984796533,4,443.51280540558196,160.5418535827852,0.643448117868137,58.48688863816789,190.19131435351997,0.6277682877339494,2.8200315156772575,3.4902931158128294,30.220617636256517
0.0365644749065656,0.11336893575274164,7,332.17820745772093,85.76728346622876,0.5872569497384137,63.26948093429984,162.85769735566157,0.6751898687680117,1.7139668316993315,2.432942747912997,27.161197017225405
0.01314516195013595,0.05630963378311808,0,184.0147091972283,47.62339830396809,0.8611418936234568,37.380451420700915,79.64478620768995,0.30039090382729283,3.1807537822206937,4.4298080104583715,100.0
0.03393522122041673,0.1284096455260512,5,430.5412471297886,97.92189627892596,0.5927497357104541,74.49408016709383,203.10487924480003,0.5901947819526626,3.467194471230689,5.084532983585025,18.127066443248186
0.046662128312238746,0.12433509220514881,6,493.25187806807355,163.83231606792341,0.5826381652757525,57.320655020171905,180.6461370041139,0.42283237474315355,3.2667794522310256,4.680682245635814,27.752725992852415
0.025510825441059787,0.08582752030580686,3,312.89866883796856,99.41186907576227,0.7589114129428258,57.46015594033053,134.52253589288884,0.31645827482985806,3.074789092390032,3.7242018416608036,64.59365293430345
0.025082154246494667,0.09283806972478252,2,223.39009275056304,67.30503823125883,0.812819633368509,57.2117295214058,181.82851790560557,0.43379958022114856,3.1865560446538135,4.706154196961739,77.57259778924762
0.03847455053501992,0.1148359798032551,5,331.7931802588316,113.43978518689214,0.6576539056425574,67.94953849176295,182.47170350691283,0.4245723552293986,2.1225996020708378,3.13628243377582,26.821398733540978
0.02327770401868964,0.09712153060298434,3,287.6916818492063,110.41382187177109,0.8161866009102552,43.75098796799613,97.77748393845067,0.48130612895094327,3.1674287473830587,4.406796932717169,65.97348211024321
0.010575404418593363,0.06797657855326548,2,226.60395735753087,85.06506649271702,0.9239381617562312,36.920652171322885,97.9259650103579,0.3395263933025531,3.787186964641169,4.739341537384707,97.71062374922258
0.016372878524085064,0.07941857810342295,2,184.88152833677165,42.25044994345628,0.8820964292858108,36.46788554288076,86.91259008783959,0.32871023673715605,4.106735591778518,5.942864960362187,99.78034255598047
0.01694010650013254,0.06467515044869168,0,173.97387808625322,47.61408568309161,0.9166996812296883,20.885688234346237,43.99684034939566,0.34942976340484344,3.1240595378985985,4.40290735737711,100.0
0.03327524689688191,0.10879482522052462,7,373.79967308518457,97.59572441839077,0.658507675531599,56.412099435353504,161.02329338415646,0.5479298601512861,2.9424292842341107,4.238627495371352,27.65766189870302
0.039063396554596466,0.10481408446561223,6,461.62707646714824,154.27390672311108,0.6032718558180837,62.398092099901056,169.76744892820386,0.6076561376017505,3.4293815812341553,4.3963840838096715,21.57564355376808
0.021863850052175594,0.08625920812148301,3,290.52160842964975,100.30987733767712,0.8157353145757215,40.33850425494995,115.57938357749867,0.490131163329492,2.9299262450432484,3.8347966766831694,67.45729067108466
0.02256194044821944,0.08395174777146946,4,331.893047501272,106.6836863804899,0.7902553399260139,32.27038322585842,86.92956172320588,0.49559688696775234,4.250754103389556,5.68033608224531,69.31695263422758
0.021610732362155344,0.09700374914678599,2,312.2431689761041,105.33236324571378,0.7952751983223989,56.643594928757636,133.48192110765802,0.46106139556420495,2.6934360727590496,3.999658656459795,69.89884493694424
0.07449771458571516,0.14270710931799652,7,548.7911012269643,169.43199512584943,0.5385387013551516,84.28561633567546,258.7277171827532,0.608660506899795,2.951448923471068,3.750460183566614,2.561275480264479
0.029323932204705982,0.08091860962843359,2,244.44519263677955,52.603810925978244,0.7341069899881059,58.16834442521511,151.91914405026296,0.34293333178123253,2.3802070724937856,2.8965229135645627,75.60410194087115
0.01727285625217821,0.05436693308961185,2,163.09214136651784,46.31090762826278,0.9329022733931943,36.49776131866973,103.59607956330596,0.27429458848487825,2.790895306538471,4.0506407081478315,100.0
0.016054534911760874,0.0770261490558471,1,175.66098414984683,35.76510921354004,0.8778716104070411,24.479476928154767,66.64476724834196,0.39448751017593714,2.7823256805648398,3.530735231266857,98.49348546174502
0.04480761410842645,0.11175104219423891,5,491.4724278660846,138.93424319752256,0.6105244050034037,62.649468098819334,132.36551525789704,0.6586669604620723,1.8058919732478476,2.281414129018609,15.082380331459063
0.028005031825420735,0.09227597041646816,2,275.9043408076082,104.07476201081401,0.828664154332881,44.51765206919048,137.2476811409305,0.4298207371229953,3.4179351708676036,4.159433428104129,68.57389976889856
0.01343767776588007,0.05004995790500209,2,199.10369656540098,56.09849176618618,0.8584017664581383,26.69158457923889,56.77918988304204,0.21420318502250485,4.053009432568198,6.066512883715893,100.0
0.027425030810697238,0.08703296993120613,2,217.27481512805053,81.50613519985419,0.7435192243164206,35.29450527944555,113.03157851176717,0.40810713082027555,1.6208907290505543,1.9579189376346595,79.67151677795309
0.031093107726077145,0.10908960085038602,5,383.13569507506315,105.87861314937521,0.680652794134358,77.54991016328701,227.2295924277176,0.61215607141266,2.7173755514303535,3.345779958124357,15.267240815435583
0.07060262998614032,0.1312148124007796,7,451.14844708070086,175.43789635272515,0.4143213504445195,75.46519386673319,158.76427368042906,0.6831793968438792,1.8998987005975079,2.3579252191575937,1.5030360254236652
0.016897018873704848,0.07829314796389564,2,206.60261549979936,79.30540908378532,0.8947601614292339,30.10521605277517,79.70121789929709,0.3044768176958241,2.68466040316226,3.3934371620449193,98.2508230430502
0.021851989529948383,0.09647797053886185,4,230.3321289258564,47.19026401387601,0.7472017402074956,43.19984574485784,113.20700028171312,0.45324029690244916,2.9603268471632993,4.299531703376472,69.94663318827777
0.020984059948949266,0.099569975270553,2,233.87244459405912,79.49435747031718,0.7844472600952959,33.46202513630883,79.65159384375511,0.37678343918051765,2.8224494949422416,4.1238008359395355,73.66685702450121
0.017494071912902857,0.058367466247895405,0,190.0271440916054,69.73393536677466,0.8793705892124621,27.739447763271833,56.37079467073356,0.2649160685834501,4.094484666621904,5.673851137442394,100.0
0.029223351528271675,0.09005904734382576,3,316.7047403181686,77.54600794182933,0.8033466304433549,45.10007084039605,141.22220303441907,0.3528685755308013,3.24128572964755,4.07371638651608,64.8769983079128
0.03949230195328437,0.12175088381520678,5,352.655615160997,90.40032240836372,0.601703099262749,64.67207423164564,183.2767000869883,0.6260600161880223,2.66422077744473,3.7633715868536357,17.87883296342787
0.020539167541607478,0.09828739347063542,3,210.4634510814706,45.53528233201828,0.750171066013288,38.17987786181607,120.55700688994065,0.3168565610139817,2.811335359183782,3.6553762068075835,66.26166723724111
0.04930682233082726,0.11480151821899987,7,315.53832483266007,69.65029256428478,0.59021077457321,61.55894316892865,191.59412615170714,0.4493516424491795,1.9689548617634756,2.6042676423541247,20.27349152766966
0.025253161519021974,0.09681009900263489,2,332.57267604513464,93.0832603702507,0.7624536328687759,47.13254668321848,151.59690317057004,0.4087384352120083,4.083611476810752,5.725225215161424,67.37770796285639
0.04658333254842085,0.12894883915049055,6,433.2997023308487,140.19423074036467,0.6390126656069579,68.80323708744932,156.57705816681073,0.5881994462993893,2.7038374988111666,3.3088458888978685,15.690767801842089
0.035500695218792754,0.10193761479284517,6,316.7920947232138,67.7092664517268,0.6124099719424746,68.015637844299,193.02092863880685,0.491325606532334,1.7611650873803781,2.2689871601427254,22.455084213176708
0.01852577092552823,0.07707280437528231,0,162.38113267106203,49.906758057202275,0.9399472428279195,26.278857103553097,54.62063534306169,0.2700051451511428,3.356966578514154,4.511305112283127,100.0
0.017625309377688143,0.06890744024888111,0,212.25281447824963,68.58105979732582,0.8771923336274651,28.776631168442005,83.19399948476718,0.2729302558510905,3.2671507068097005,4.536137039588246,100.0
0.027898383624570904,0.08154340111304327,3,211.97009627950487,54.56931980944195,0.7576958084500595,46.42308048806568,123.64304420024216,0.3489095249532828,3.3470834519147266,5.0150625233026975,73.09299560223644
0.017029719483335638,0.072460959106978,2,158.6218517094735,45.47484897758659,0.8649265596872716,33.06920771606258,112.3037386902724,0.24443205450756925,3.779281498931643,5.611681672818422,97.37060187277314
0.026684025883686704,0.0967192553504681,3,308.8614059292657,121.28329841993396,0.7886192793892657,48.07180961682581,124.55484655029737,0.33370224449028324,2.9868889009412047,3.755134123946293,63.93408665221982
0.06753822882946135,0.14464933786311182,8,499.6891822847115,195.9311519233333,0.4767847325986792,79.91922520059083,189.54530614086784,0.6065603367965208,2.6778912390748824,3.92955336887293,2.8174563484021045
0.020977531974080154,0.08892825127922156,2,320.5785240510334,94.24705344416142,0.7159995485758067,45.40328773331811,146.00918183371655,0.40438364148378414,1.9134149969813863,2.5597350020093304,68.42114997118335
0.026160693715162622,0.08000332189977741,3,322.34306024762475,64.92373581420114,0.825595632786954,48.79485611024306,165.93294543738926,0.4659717194471085,3.2891270451256256,4.663486743745412,60.426633409285394
0.01855346565436456,0.056949490139760486,1,226.9255318178721,57.03198245734626,0.9121213824089354,28.83973555502474,77.43935006119763,0.27833844666455115,3.3326028510818144,4.905527814241382,97.96945250197749
0.025018039422596887,0.09848961296430114,2,217.86029168426546,67.42151142868482,0.7379680578347131,55.30430255213259,135.56721014454445,0.47533599725910114,3.1104868695592853,3.759604026826341,72.70643444308864
0.06520400005699951,0.14849847229945976,8,517.0204727738591,135.78765268449828,0.5438804573088009,91.99787242245378,198.96586506171906,0.6229905848734593,3.02249634930423,3.860832156794943,4.315276607797416
0.06081534198593769,0.14297409503392286,8,514.4365301972784,184.01855924042513,0.48854084012352467,79.66933095342756,180.92842534781082,0.65266827954456,1.9677519278698516,2.888100695003591,0.0
0.03651003377090329,0.10978755509830601,4,327.8759203953252,120.58456765537969,0.6575071465812945,75.78325966789488,188.23362890457736,0.6647103847535061,1.796715880832202,2.498191668372511,33.809633327178986
0.07582176352814839,0.1478058689121578,8,597.9486182213201,165.14008933639957,0.43831331188628453,91.54054794817243,264.85348364136905,0.6586017235724761,3.1120551594255748,4.539031349125164,0.0
0.0432542726430494,0.10109940815686115,4,345.4984143053361,113.48211646997919,0.6670424058436403,54.97854633073057,170.39189466862115,0.5045922567769396,1.8720912919375199,2.677664296009713,35.58051162483494
0.03397951764284448,0.12633242134657757,5,455.4174831764106,167.95838778280432,0.5554105103857842,68.4028418094639,147.1007474903694,0.5974058498932916,1.8727099728031522,2.3488617270723493,15.861460447521742
0.025599443202399944,0.08540932819917109,4,306.525272411654,64.83550262577569,0.7598786124673527,37.82163496380249,124.89046386455267,0.46913156510786636,2.664424737420628,3.307784478669165,61.70173680595599
0.02981195189361664,0.09365480974852206,2,320.7961009119386,123.92407709185382,0.8478694402565444,38.739387246102886,99.87928085261407,0.4947023192792316,4.159452640626748,5.793683208658636,67.51915855501566
0.017306781463008174,0.0739932664781633,0,190.91618021899814,68.61001260725233,0.8684268395954807,36.3047211299332,122.8498312137242,0.2686626897532422,2.648243170243502,3.9095072357732112,100.0
0.02260104224246493,0.09272678151881397,3,320.3170630378088,113.95294356290533,0.7512817859150136,39.37745369112394,94.08448070923627,0.4719562688971786,3.2470457154305894,4.642609010656499,65.40369901835598
0.012039944910026504,0.05214265168243498,1,157.11417340259132,35.73228536378914,0.8535378631489599,35.86477239774521,114.78026931722377,0.23060709820397937,3.4207377097813483,4.39770153601273,100.0
0.04968047782008908,0.12654051940814323,6,419.1938705677435,159.34916572560888,0.68595791217247,59.342966849416726,200.65632246555052,0.5822780997540801,3.2873225401815236,4.533119846923937,20.8057244241716
0.03908598833664714,0.12130680681019772,4,451.4044131361789,104.09284806742063,0.5908568559769934,57.143454120865016,160.5124960344305,0.5724611650082669,2.003736087476017,2.4162660677792362,32.07379148744082
0.06885071563709232,0.13936442579296898,10,580.1864875219813,196.45606851089474,0.4626552134575548,76.31557490562876,261.38769155729074,0.6323940425932314,2.31572937834037,3.405418093287269,0.0
0.052940410858689474,0.13584202922533947,8,402.9880140896942,133.6439738769364,0.5002212175317583,82.38724038003986,235.81311945088405,0.688852945052431,2.1894604792778836,2.937138969335915,0.0
0.01697641142310892,0.06828892522408786,0,248.24111271255333,74.49813002731402,0.8758377944988864,33.05116976282727,87.41197507918947,0.2710445521580134,3.8004586412845844,5.538922588338717,98.1840742957653
0.038780790026568666,0.10938020108618167,4,453.25002572500324,103.6543127952037,0.632805928957271,77.50714349841726,261.5876818158305,0.5574131675503384,1.9034804818082258,2.4557527629611586,32.37291536178106
0.02826912086531373,0.09335889755403826,4,332.3195822313558,108.16037037107463,0.7738757012551272,38.066936895581776,127.46802755969708,0.420653777879528,3.0743972658838175,4.197376715674186,61.02295873621529
0.044728543429543854,0.11278148151732378,6,414.4430005490052,91.31704854822227,0.6329397310815584,52.51755982903635,178.6291585582457,0.40186138587384795,2.3703762528190655,3.2767506698173032,23.55781105953758
0.010694651248475103,0.05306960658679562,0,170.86628073051818,39.2034842026018,0.8731126087838079,31.22836794355266,68.98914187852091,0.39217454289664566,2.8204980124979855,3.618293708759393,95.81172180112328
0.027784145284827293,0.09374916237124234,4,331.1249745666523,74.7910651048762,0.7819453077484736,47.72595963435435,98.68365008671468,0.4484887198151098,4.145730157207133,5.804048254889144,63.13824543960262
0.029498335282826645,0.08454488769820548,2,230.526256498419,65.66965888344947,0.8031183604983431,48.3930444087162,140.36064600331778,0.35025129176303976,3.3913886855092192,4.689649637491396,79.73637725069983
0.07840053667880793,0.13853970110392336,7,567.5433203902809,143.69908120650513,0.459680665637378,71.13095707334355,247.56599859823675,0.6555784356296438,1.9347189877457092,2.867174889307212,0.0
0.024985135458649596,0.08062779948731869,3,276.1065711535299,106.4753721822504,0.7244576696871746,33.49607811697414,85.68025401111122,0.4957526639152571,3.0349205554740513,4.2980761544747,67.62715420818641
0.024959799613719937,0.0845021339531533,2,288.7095998885289,67.53669009406997,0.7537584459141342,33.08802211398023,80.27995158964653,0.3074825560417834,3.009110112223717,3.7503625364573945,71.80866987633442
0.018316822003342097,0.07618926734303758,0,190.85971491972475,40.02399364126981,0.924627879009401,24.121188670851772,55.67044783564661,0.29305869323531714,4.40143867457553,6.0933447097230715,100.0
0.024603772198456327,0.09118730692890463,4,255.84071084752887,59.8861516757511,0.7146829917943518,32.59400492317402,84.57992413597998,0.3780300807807463,1.5752517834092097,1.9263542434500525,69.7440788312189
0.026908535590278244,0.083720384061094,3,264.1754633645174,104.94973798900104,0.7390968443716056,58.6918472442773,118.04832486538565,0.4172408112144857,1.8610551396032673,2.3425783855917603,60.98684199601177
0.01681409127121128,0.0607881223800251,2,241.77697299703254,50.53672345166367,0.8905416417726304,30.7976373907924,77.00176391821317,0.30443399389591447,2.6779771045755796,3.4339547896175824,100.0
0.02959322508328286,0.0970577251305553,4,242.6466768645746,80.02760358199272,0.8375552236263188,58.49862139027248,159.98617989995265,0.37589830081724906,2.6492391499735817,3.919529824394024,74.06072069613846
0.024964044481547217,0.0881080125434724,4,253.56103773670472,95.98584635586458,0.8400290702165427,54.78241618799921,170.9484179884365,0.3168106878030513,3.1567582380734596,4.523412692359524,69.5803189729422
0.032112281004642945,0.10281872550701442,4,369.7561343044165,136.52508629447385,0.6606537007050189,59.134684975387096,194.86733989416172,0.4318530335855742,2.52474087016725,3.675896768932393,30.782590930308494
0.01476265252569348,0.07003368729030066,0,217.43960747636962,53.45094809003403,0.8546566488884044,20.87925055374743,65.51028666160528,0.34284096932838964,2.686953686988299,3.7745454758414487,100.0
0.06340068586715598,0.1327580325198934,10,522.6350296607483,171.34628717946123,0.40277538405442903,75.90251067779928,249.78039665350045,0.7118435967104181,2.137221251086237,3.0276476647669597,0.0
0.012120603838065028,0.06872498395395396,2,199.0759077420994,45.97204263643887,0.8966350514508078,31.04490760275197,88.66467307835963,0.27939183725291267,4.1589327996768635,5.864633746838102,95.76084660285068
0.01474620623773935,0.059879423355912335,1,216.69168250658984,84.95074621138514,0.9263404182148381,38.280495214165825,104.59486448354002,0.20129091753008432,3.141272316508776,3.909800243132579,95.53277550599786
0.079766928785986,0.1301258520285472,10,450.1554979565332,124.27604492112756,0.4327192741000252,81.82799859296802,249.21841712750322,0.6983550594796414,2.6957537231120696,3.6834036057514434,1.278265722869374
0.05284999346743487,0.14557528830408323,8,559.912955581912,211.9943364097102,0.40935976230140353,93.33674943520813,237.87712982340355,0.7673575318388222,1.515986268193694,1.8996924997082618,3.6111136368122745
0.02695963362836476,0.09271091480909337,4,202.59174865944274,48.723960096873434,0.8061140381940857,55.313009344239205,144.16066100834155,0.30463416903878937,2.6465263441119884,3.81722717549347,67.10680568639134
0.020190343387523402,0.08876565459981307,4,213.6112655714734,55.49398674675272,0.7357700669672215,45.47370423176669,114.2327356973149,0.40538973694886216,3.193820773582853,4.231357668744513,69.46513331857797
0.03427897014670662,0.12400334481309302,7,344.55997692686276,137.48721869838815,0.6570730824040972,53.54262330441718,183.8242149395994,0.5294029285636627,3.012187835383455,3.9603359149628488,30.880928207727365
0.04217536094395836,0.12626482472859998,7,329.1177148437633,108.76352473729423,0.6988269326782228,59.71082382766469,207.42613751224084,0.4290980049901939,2.034044715163261,3.043283892417356,34.98472445200065
0.024676265446338153,0.08804770329026133,2,301.198447415696,102.25113720569006,0.8193561469915057,35.871885875248445,91.42431398949952,0.37924264169443805,3.106519852316153,4.605597423320303,68.93236537022086
0.06570794647012587,0.13861168593227943,8,469.9674802023335,131.93466503364306,0.44643391539535826,96.75525557131284,293.7333115169968,0.794480069709002,2.7431156892079507,3.38519221242332,2.0199468501270132
0.036562106032020356,0.1269857135734945,7,341.8754121126731,106.96620133201282,0.5646708584343167,73.68707599978269,186.20422561337048,0.4735951141045008,3.473595499616427,5.090349383573832,27.71875360866588
0.01871815074287878,0.05306344447687687,2,205.0024350874531,77.7400965273424,0.9452465114756975,34.84588944192006,90.44550278999021,0.38879382682988833,2.7953452671492256,3.442011773152225,100.0
0.014041590131370619,0.05186354232048266,2,201.88414744335563,63.648115796926064,0.9496222877221082,20.0502517277339,48.96267945527174,0.33561331165309954,4.482619896942884,5.8602118897893005,97.42206824081366
0.02482948304993467,0.09792714356705384,2,272.0213611674483,100.6314661297812,0.7423737175872721,50.45007091103186,136.1263339528945,0.3672575511468488,1.7412669898871889,2.1736898662805637,70.10003067005223
0.012393417659993489,0.06005802293892686,2,230.2350625793006,67.63780749376868,0.9181293178338,35.388451547980885,84.46633792113207,0.2788863442886293,3.097091641161347,4.008779235946687,100.0
0.025587066352409853,0.09862819685846011,3,278.696668702913,56.76164588289421,0.8005872257408944,54.710541753383815,159.03422569398546,0.469566181760648,3.340059650086407,4.8057989683845355,62.46846792733496
0.0516776169555409,0.13480980550360974,7,509.08249210227774,128.73279126891828,0.5095673692984848,88.60739972321052,290.3011302932654,0.7773744891412661,3.47433965370989,4.884754654159171,0.0
0.026116676245268082,0.08593350260152638,3,292.40271776686194,63.115249568744616,0.8369399251471659,36.45594430720143,119.66320894181716,0.4830112865563292,3.009058220573284,4.47531056251975,65.93449517458002
0.025340747113417463,0.0848096951760434,2,308.06064767292764,120.72027271613342,0.7316395060534323,42.247126348843416,138.18997269153476,0.4246245857224856,3.3241991016313888,4.753399660399651,72.19096894624623
0.02541932084794087,0.0822216371165673,2,282.9341203266304,93.0426113740842,0.7205110191335986,59.29604332425121,155.7920401533539,0.43767857144121197,2.546325260908488,3.5270795408793574,70.22385722444416
0.029157747419884913,0.08804425958616538,4,306.30791576154013,103.18411677091697,0.7313761119811172,54.73210987280158,181.47840372450983,0.3063215629701839,3.088725824238314,3.847911727324979,68.42017022208641
0.019450731256372738,0.06115751215917622,0,167.2618932982131,37.5808540507296,0.9162701746011872,36.81256647137457,98.95389298199458,0.28387507241863186,2.8861805352254506,3.99846004505692,98.40532654631288
0.01325845008809957,0.07732162547781368,1,155.88928901035231,32.066409996020056,0.8688862060507939,29.634435603483823,95.42191377997261,0.2581562098084626,3.987890688276067,5.261388904920332,96.44842603714449
0.027510463708291362,0.09615540396019835,3,205.29017644287865,46.53811355446469,0.7886784159820963,59.68880012071179,178.72541618233967,0.30260850978655723,3.2158750736430264,4.180465760041559,70.03058541349377
0.02656330682704446,0.08137952285329847,3,269.57412360358137,94.44808142974847,0.8320729104830722,37.290357100592416,115.53860322863659,0.4255719755088888,2.5214876637077905,3.2101796027574347,62.774999281928075
0.040084403277042095,0.10909808745193117,7,399.16940562575746,116.82142579312355,0.6356667097783513,79.91482618785416,242.3626793625899,0.6928842423348083,3.1663996766752485,4.0744951122112205,20.15822480501768
0.02399861162249003,0.0805966468706535,2,245.9049746726606,72.60911074136503,0.8232085867897885,33.31310944838987,70.67316125182177,0.4241337690370984,4.331336158375821,5.558531525823873,78.1345340716867
0.03742899725402962,0.10783766279100922,7,339.22077416584057,125.12022936070608,0.695716362508597,65.25324951569391,152.76801827145584,0.44048947248448816,2.047006532362814,2.972622042243809,23.401430688923178
0.016949832614916574,0.05388923440410257,2,229.78647365393664,79.51921668766688,0.9423567066912543,24.021596379760652,69.06645272023951,0.2156012922188043,3.8789413662723145,4.964005007665087,98.3662688083046
0.07918064467155633,0.14336055012431034,10,519.3541865478278,198.22917439290316,0.4696991646480822,76.68853012819854,249.14158925105934,0.7533485950231921,1.9551767992815094,2.686191203028182,2.9206506754286976
0.03150412284983446,0.10180379756558161,4,414.6015054755936,109.01972178027906,0.6148168387099391,68.50890442508842,172.28977972294737,0.5994280854625699,1.6666587358591953,2.0837104523334324,30.28605909487114
0.023697418135751148,0.09835061364289249,3,296.815692090513,91.0350400876291,0.7579876466587439,31.85413479218924,105.37113446763213,0.31633691660611,3.9752303064850505,5.891070106560896,60.25140942831611
0.02006493339016836,0.08187089889339601,3,296.0846400533007,106.74318805728434,0.7031043417989411,55.70379838939098,168.4313631508311,0.31082735635059827,2.5529689319542435,3.2967256745549807,65.04502386021154
0.02807588195134117,0.09759654140877574,4,314.42963624787336,85.15696362883983,0.8423641297834307,42.83638929012652,113.7976769734499,0.39655855485486446,3.662546761205489,4.549460012913372,60.51404404340525
0.04547748310390354,0.11934360328070033,5,494.1011280824381,113.30802040292333,0.5994618182125133,76.02524561265375,219.7300243596125,0.5894127054010891,2.9272484568181323,4.000735160044413,14.995944394777936
0.03247341756611027,0.10198752090560902,6,301.65905799974183,74.1082963048673,0.5611669075359935,62.43285833684422,125.43935528971947,0.5441602627683894,2.0344856805315787,2.5047661599548214,23.163659752070046
0.022403862275346176,0.09448581465754785,2,209.59079010345593,63.500574863691725,0.740513060582264,58.14412209601474,143.04274780224793,0.3004614410230286,1.6124501938953935,2.3967872249894473,71.43724647103099
0.022007729479319747,0.08719250063200938,2,251.91982254375816,55.07857156179764,0.7090910154561656,30.88481437662836,98.93254560043728,0.4221909532244926,1.6719106900028848,2.265682073846903,72.93277522955015
0.011204135884080643,0.07954989223945035,0,183.41970851911077,63.693689197846005,0.9149041236691062,21.616433826570717,59.415581814968114,0.38447128361655675,3.90137887485401,5.5304941754944155,97.61007735421254
0.04005251711352663,0.12560246508770484,4,463.31616179975595,159.40007816558813,0.6693659290083668,51.293962963200876,131.52608096156303,0.4733698323014933,3.3691650057178695,4.7000820424863585,35.82166313771734
0.05502848696094574,0.14606719474861993,9,480.75889482407814,161.81662045909343,0.5166831408926094,79.72046744808368,208.83316667595918,0.7971012531305507,2.4831026258073177,3.1426720677658015,0.0
0.044606402037489876,0.10835638590625259,5,432.8173840126981,157.32855087088566,0.6395201077364431,53.35438063905793,109.62005675212667,0.5245816543680717,2.471798953600274,3.4752036174745657,24.90411156331236
0.022594087379418173,0.08595259766636619,2,238.3810802223392,92.81922691811204,0.7987770372707347,59.58431385804681,144.08623412493398,0.41792074320796757,3.9963898859299247,5.610861398255676,72.19450845337688
0.02576884891961266,0.09169950172339357,4,206.6524435812865,49.597243273925166,0.8331742687459764,40.21565952089793,106.30163653252124,0.36232852266137133,2.6874932637918274,3.5032578514040793,74.57572596445128
0.04190061229587941,0.11028263984020198,5,486.59890576873397,117.8076429237808,0.57945278508107,60.959363502034314,185.3035076657616,0.5632249296232079,2.7897850517530944,3.988372996274146,20.44951623885681
0.02130114453936949,0.09531035897155782,3,322.31068272766464,100.49884016695094,0.8455456507493272,39.12735390169767,130.14939876142958,0.4788456902078551,2.6307523550939482,3.548738150743597,60.25193637439521
0.02732862728593707,0.08709917000714935,4,316.3822965120241,126.14598326224221,0.737209934233189,49.10470718802115,157.71930784126207,0.3206153743963747,1.9872152274703707,2.5592917895054073,60.22759302191802
0.05887375538466684,0.13130710628089207,7,481.78764839729644,150.9498597512087,0.4293369835896165,95.69339904972412,327.2376976930197,0.609624227886244,1.6204566143009236,2.406750566125481,0.0
0.04198725023275853,0.11472359555623896,7,305.801332367976,80.99196771202978,0.6031763945359803,63.756736876428036,146.6494148207801,0.5891763377557104,3.2881194853132496,4.920348677921896,19.064669003566127
0.023604668052749436,0.09931709173339853,2,281.4403721297189,92.88374547895721,0.7576557059188,51.4316275991828,133.60991039327743,0.341507643753171,2.9291454947610136,4.130450053679884,68.58361664571437
0.04100472824843849,0.12183901561873198,7,489.14175140008354,158.16707762451495,0.6859168344307285,54.09385348777287,183.9456081259694,0.5224368117139141,1.7206479067735452,2.219353315577801,24.182659341279333
0.0204742393398149,0.08825827770617262,4,251.4232713703928,94.4602172927869,0.7628665810998065,39.775759668116265,81.93010540395994,0.45608919222098954,2.717413401676305,4.030305772993145,66.95627853344028
0.031022117157428086,0.10322341978431797,7,490.18871035499257,184.57612508549934,0.6200453415082701,79.82293588612455,172.8937510743013,0.5176418530512079,3.2924761965106217,4.647401903149485,21.1802325024499
0.014292508988229034,0.054266042738223184,2,177.16190837500736,37.70587315764001,0.9414876139985483,20.450548197430486,43.44968701458629,0.30564020067864517,2.8069533791625814,3.80173785640008,97.52516409719809
0.022449650860913734,0.08734673367768017,4,222.32923101015456,51.3327459282832,0.7773068648492188,35.509542934599864,107.11484068755935,0.38235673883905,2.9584471592095563,4.09000004880459,73.64940873876209
0.0779536745428025,0.14417247967200364,10,501.15641621916956,190.83315667485513,0.4695169055794131,93.98053502496155,192.36804620482565,0.7379320809489783,3.3278548919107434,4.548442092474697,0.0
0.018474833138050775,0.07916815089649533,0,169.02476963272474,66.0889666307536,0.9126578679522539,21.76343372600364,61.44889678832357,0.31395792823983065,4.452897605572968,5.821143820532364,98.16781816733194
0.0226364115874616,0.09561923290115211,3,332.6525611121437,111.93637228983273,0.7787891630851999,45.08959762251893,137.69096912437797,0.398124921447814,4.072032604466622,6.023664887122409,64.20101265796913
0.05282654862207344,0.13161156578718997,8,560.5966271991231,200.62563912262448,0.5418231559718529,96.71459738316771,336.61513451804336,0.6298283381398213,2.4156188094345517,3.1989331479512075,4.995202262088369
0.014705190839508471,0.06971653535944533,1,196.44467172540598,77.2147358870154,0.871992589322442,28.37683464444517,65.87749246872309,0.38294530257826137,3.2616472033406474,4.660650157053138,95.18923276531727
0.02123187683564366,0.08707309821572204,4,264.0503172720287,82.74436385089254,0.7925969546931608,31.20242280483807,67.98386885986218,0.4807084510245089,2.9262707783114896,4.241338939239246,63.75504667114012
0.019801498805743608,0.0526361444804488,1,189.9973175190696,42.29190915857197,0.8754631762979109,31.87123490283193,72.5180865663815,0.2715591252936376,2.5460775791617896,3.7426402844641213,99.18795577646586
0.023888856527328004,0.08951745377040018,4,266.0333783083703,59.60487344073716,0.8448606922598301,43.04905874343611,123.80619952145237,0.43349998499700043,3.570262044117486,4.611035207839578,67.4600825444312
0.04747135063510102,0.12483521043571522,5,499.965860909973,195.36386345348683,0.616797141846866,55.96826966682776,138.15641589969607,0.6356839982428717,2.613715744007342,3.55834574653047,26.308629074002614
0.015569452970989474,0.06998735186175865,2,153.3709400350348,58.98791350328516,0.8706231547061175,22.858084594096482,63.113757092203706,0.23630378300129906,3.4733238163113658,4.276589701898036,99.4479623851085
0.038573314190575726,0.11903557317855101,7,463.97877101501643,137.6955649887377,0.6911310338118083,71.5413297652973,223.67884614269144,0.421060177871523,2.357508685049827,3.3270443870913766,19.98946572256051
0.06457761230607441,0.14590169545727766,10,405.72203899888075,153.6435945730985,0.5313133638829287,81.90099954968764,187.2988462976444,0.7628500719008423,3.0496545743454444,4.211434735777639,0.0
0.015757965424959147,0.06215568891453571,2,160.64697248394202,58.59397351199872,0.9368713258485616,28.916073630634955,93.06697731758463,0.28571048780247615,3.0623500445986283,4.010764262121674,100.0
0.05738769648819688,0.14281711674657044,10,564.8611822837361,169.6117182676293,0.40012006273561745,74.86558784110439,166.4210761555252,0.7307509867600448,1.849621984354564,2.6524648429079214,0.0
0.020865439809501195,0.09684780057688856,4,256.3712145339389,54.41123695420468,0.7915569279899197,40.858510648243005,137.8564901179515,0.4488284389314434,4.090077728594104,5.046251899793001,66.9193072853727
0.05388007812988317,0.1383534136658106,8,476.3518555668349,113.92996246138375,0.5431851324474836,95.00366920291182,295.31864442244284,0.7566628925133044,2.961570259301711,3.7916715781066666,0.0
0.022830919075790417,0.0861695696428027,3,313.7074643140261,117.30376761697558,0.8119521302257035,54.2743990256765,145.24796302743138,0.496689471218896,3.3527710204993935,4.9336667874039275,62.74268650351704
0.06431217945269474,0.1434090960641367,8,586.9684118955436,201.04045487721726,0.5193271090962084,71.22716358203422,205.20675379809876,0.6380389325245358,1.7255046671076422,2.26390846761897,3.0781104260964076
0.04895323962844931,0.10087121486685405,6,342.91248449044684,135.22767871778288,0.6989046978173613,70.29108965386918,213.6351682690528,0.5786016907668051,2.6072802273663784,3.712509797880784,25.223520607405277
0.04832545645203324,0.11686058302316024,7,402.3262231332479,102.59414579214486,0.5863785166628201,78.91010579951615,208.58972654780285,0.6397880400893717,2.904683917539437,4.283121947416065,22.000886125745517
0.022034646047257914,0.08969769907084009,2,308.1064123380287,67.45364149623951,0.7004733721831323,46.319727131605156,152.39778762250768,0.3342725241070636,2.282519733444529,3.0207401356182566,68.52843431642836
0.022520815746586324,0.08205092774697367,3,247.1518642526514,55.92422529482315,0.7164142984247116,48.78023356280078,166.97846357592135,0.45185245932880613,2.7858976334273517,3.472181621897611,73.18937245452204
0.021374059102884303,0.09718257402882219,2,254.89661124128767,85.17310776163933,0.8292016736099138,34.64293369995854,108.5996768853756,0.3183520770776132,3.1015898194478453,4.452559784601337,70.92278598055667
0.03269359473558116,0.12136243249425177,4,439.74267980280615,127.96492101436395,0.6935108876062275,60.84683174244432,180.58341852402646,0.5847010982377883,3.156984923105379,4.446512105811039,29.43428928789638
0.023674714400902127,0.08278948173710748,2,344.5228516584593,89.7710564071111,0.744401253898688,45.81678964441963,123.4405844960449,0.4930525365128255,2.7747521077766995,3.5247560154426867,73.61486099768048
0.04901780912616597,0.11936152880981246,6,341.98218118092416,103.54549264843563,0.6155313637100903,71.57810966370455,149.41444842349154,0.45963497027738126,2.0614589883659984,2.5058951416837267,22.94579998368755
0.03188309432057356,0.11549356837437058,6,458.3781895879617,105.46429762535696,0.6325678143789639,53.675554459330606,170.54873622856235,0.5183485905069016,2.655044561848002,3.7942158269163904,19.14786217626901
0.013734656893458427,0.07770704396314014,0,239.09036768268783,66.19936248038898,0.8939571530844104,28.87405984022844,77.64926462909123,0.3102646182007766,2.602074038257311,3.552757478804893,100.0
0.015763558736005975,0.0763836547495557,0,228.31129995233348,73.72824247134598,0.9268339582391826,22.358512254300486,53.37638889478783,0.29813288184697573,3.9373194536176515,5.336725753309853,100.0
0.02872431334746652,0.09380579213524423,3,250.13130523813356,95.30018875640312,0.8195054035659114,45.78300023401527,123.75564789820572,0.37171588741315176,3.5009535065859296,5.087218991656343,66.89597513957273
0.021427117418731163,0.09734741844710935,2,300.98314992730815,117.055629522894,0.7910950156714786,54.60608132345956,122.34751747005075,0.3990571025720911,3.924791538319991,5.505132925067009,68.92140575402378
0.015228890816019563,0.05377376796210604,1,232.48499843298967,61.65836552355786,0.8781483056705274,35.238002592198036,96.49670088906282,0.263286891359002,2.8465240473572475,3.5440104586554724,100.0
0.0220442339560873,0.09340273692863336,4,328.6459599496719,81.5594575997421,0.7263270348835622,54.436648269583884,115.82285423126703,0.3316148378251371,2.1921222397887687,2.9708980622908268,61.906008876416465
0.02979100496453012,0.099500467577188,4,233.07913089235026,78.56721658707983,0.7602636768439177,37.335133036580984,115.99035731668252,0.49734461837057575,3.440328007096795,4.534342234450721,67.50071784207749
0.027610671532593094,0.0904693915328429,4,283.5733978086469,90.02175711694132,0.8005382468868666,53.57695380363312,169.56242500160002,0.4392858492483558,3.835251226197845,4.7412381067858895,62.54029943574369
0.01120096420423861,0.06567663503128864,1,204.7238541263996,75.77912587296592,0.9197010975758483,31.250886597486254,79.18453934544058,0.28944804206231634,3.5211552233370895,4.523327333776684,99.70118812433726
0.024328261605647827,0.098743082973867,2,283.6330256967839,80.01627395893716,0.742028252259937,37.73844833217575,126.92141308240298,0.30916226651011897,2.166540046857687,2.83709953201941,66.86313545608054
0.027379437231935692,0.09249681207595489,2,239.45802100887886,65.06168586743405,0.8269459724291134,47.21599394535324,153.50717846230123,0.4111254993159968,2.517334329257442,3.380019912221261,75.8776523162969
0.031136374683981765,0.12906128800691366,7,322.8070164906777,87.7138607763985,0.6087204649123548,75.05686778990223,178.76612627915188,0.6814896484544661,2.123695582926813,2.692712704690114,25.757984161330192
0.027449308627462966,0.09581357622976364,3,285.8301799195934,83.81096086791192,0.7683285632472874,47.62115434490336,124.17065129300819,0.3743163892229118,3.003380103517465,3.878702999781752,61.12295206048749
0.02919478953027059,0.08457754640916552,3,229.05616169647146,80.48856582344301,0.7542111308719762,42.34513878812275,146.12154453529342,0.3729290903347193,4.373908762710082,5.314121791533511,71.41738707087875
0.01975646775691497,0.06416988311908778,1,176.7810727764951,54.49125909307998,0.864517385165685,32.19776111099728,64.79848495801244,0.25328844323775696,4.350520515160787,6.139054262001413,96.28448412858202
0.046663060738108136,0.11893371943189647,6,415.17614769579933,84.24784144497369,0.6253977347389104,52.96299579385033,131.50040236496338,0.5389658141644738,2.3194983055164395,3.0268790642227152,27.562213810546986
0.02781987372015984,0.08679780755147061,3,218.78506925768437,70.70137048894385,0.7989504234992311,45.01154323121919,100.62037029789553,0.4986088450156675,3.9607641341601676,5.483512947506138,72.33303632202204
0.02607318976302215,0.08379690237085671,4,276.6969318396172,92.83964796416258,0.8384654440649434,38.88429692232611,98.55571728857932,0.408371631690358,4.002101294956891,5.435653747591982,65.59069237211568
0.021907086032540733,0.09059253280247603,2,257.9488297997338,69.5426010210774,0.727266646215763,55.22003233887198,117.80700592521028,0.49361963676723686,2.8934626729338504,3.7223350164571647,74.69263764260548
0.027857931083116544,0.08834156597408731,4,231.02769934947105,47.417466981498244,0.7681001432612125,49.98525921494486,105.82841253188947,0.4726527319735836,3.566584242435005,4.624116171290404,73.50175525322588
0.04416963984624776,0.10985853524459684,7,324.73847850734484,105.49685024961606,0.5861130985118844,65.05744629539268,176.27578158074172,0.6251763677893755,1.5029384583323946,2.1294625192281447,24.976258548929252
0.027787750229087235,0.09935738386336253,3,323.42506754688515,127.18419004951026,0.7656033968846035,40.23413524677813,102.92280794235049,0.3653586502311437,4.022513046219391,5.991050722888457,60.25469243634484
0.028795401994571552,0.09562372483853805,4,207.20840028628052,64.5660008941859,0.7636251568534461,42.452695645585614,98.98358827064702,0.4821332331831881,4.4144663061301275,6.066665463732004,71.84029726174997
0.02560108808059246,0.08233263129079699,2,321.1060142362785,65.10337811924126,0.8005843312162505,32.91671421386279,74.46839303039953,0.3972963273804203,4.1646455278743675,5.930909173121248,65.5064989056423
0.03001571178422904,0.10354690918555404,5,418.33274915054676,149.68528144047787,0.6636323261397671,68.88407901848271,225.2135137352889,0.535155467746368,2.8859356714686504,4.030463917337701,17.934041160724963
0.02808400757936876,0.09610822048958474,4,300.4648682309521,71.81254109461702,0.8122790905338108,34.081968985080465,68.99392587896382,0.39624076654501134,4.495894725262334,6.08110150730725,66.08149432892786
0.017962372427672495,0.0727227970891216,2,214.84069468170895,81.43332281179622,0.9032383533859126,20.106747565920816,46.28639761461897,0.3378031936088227,3.8592607789725406,5.11335991903165,95.24810452157061
0.01783520090894536,0.06441077259888799,0,216.41367109882114,83.40875535910243,0.8811239955328707,29.68291095322409,76.71965527369444,0.2966567126984594,3.376690344179132,4.732728977828721,95.3448266844299
0.021246111680797184,0.09722793708266485,4,243.77511957482804,83.91062650917408,0.8273815207433607,41.36127566472238,101.0828032410493,0.4516703065984993,3.2536668339379458,4.377619412105704,70.85588675628743
0.0593733569857343,0.13994117688336544,8,468.2957613494174,132.55027427387668,0.496857547101256,78.75980178495085,195.4015673108068,0.6878057684744068,1.5675557785411596,2.1386265698645097,0.14876234360674756
0.020781447742654027,0.09171413652879386,4,302.5351615085746,107.05048011020342,0.7643178564071342,48.48081484541078,103.04090368258844,0.4697352969601266,4.204533803722785,5.734299581651433,62.321396559840245
0.07171095239032828,0.1436494617090218,7,481.96075248733473,112.89314297584701,0.519628347836356,91.6438394843541,300.47492443184683,0.6252324132506908,1.6753381901462334,2.38574043323449,0.0
0.0284903218355974,0.08970267748669547,2,305.8492848330607,95.14911923654019,0.8300509221217477,32.069149446128456,80.13934187887735,0.41270604479395767,4.0231457247833315,5.016966087033449,70.10769934738119
0.0528766544873488,0.1386446842620567,8,515.2481748058436,192.26863358963845,0.4337345043179728,99.75553216306047,334.00889444552234,0.7381054186113382,3.035734225296559,4.390598401917117,1.5264882565676618
0.05797193343118307,0.13117127438073947,8,424.381556807093,130.83430791138886,0.4791891734021106,84.81380084001141,202.0592282873209,0.73179502293576,1.5901081788622402,2.2705660919946764,0.22605283505625628
0.029862162288585042,0.09888857971631927,4,293.3283030478908,114.8194404087284,0.8312824856562104,45.07237526149645,127.57141047225396,0.33711143644958746,4.078373167841574,5.496837785897868,62.604450830658884
0.015780354722341534,0.06429521497686179,1,165.5350707272049,50.619771468032496,0.8523923953669188,30.92298891602163,107.56485118441823,0.36113814317075926,4.151328555853194,5.989536328468573,100.0
0.050778844265789005,0.13314499493832088,10,536.8741948315741,181.3234204478666,0.5287922600128993,97.6832094919268,252.08089018876083,0.639691696700587,3.3440513280749853,4.415517967552729,0.0
0.024857006139054495,0.09954544298160589,2,321.50974132917804,95.03478500617092,0.7955206555938528,59.7669465068204,191.3961603459002,0.3498260600280298,3.7277534052720327,5.139524828358739,68.17456737653217
0.0360320598706312,0.102615697933586,4,302.66062462113314,96.94823149738164,0.6345995688035833,55.67973853079422,114.06700400990098,0.47256829515753074,2.7811506786471623,3.71089019996678,41.13519575034715
0.022926715811040516,0.0820954520521188,4,249.91892640910476,93.60104806048815,0.7011309326606653,55.71399115054315,178.60807149629676,0.37000940390457626,2.5510236056939135,3.4684722741275786,73.56487447121143
0.0142205216834715,0.050506058201852555,1,227.91826950080954,78.04063365848128,0.8719320744685742,27.573080948884755,75.53119416245875,0.37701582748409646,3.0700697414037257,4.081673722666331,100.0
0.021374687484034045,0.08723109583170924,4,320.47987654556107,120.45702295821911,0.7725120738244876,55.000757720617784,186.61062840759496,0.30521747503073543,4.148623874032873,5.868384989221829,64.26814270754903
0.017363479304302147,0.05182464449353545,1,163.93903252317756,40.11972721249131,0.8565108886581894,34.98596260353617,94.24767432537696,0.2213072932995921,2.5742706708217638,3.5090767355087054,95.76656390181121
0.010973540455714673,0.05654045924685651,2,171.3570866072798,47.13514914751963,0.9281385049695163,37.04825659895339,112.620854570282,0.3636348424611764,2.9536532809747946,4.145753909547011,99.52000575743466
0.021594993445034478,0.09146517156967095,3,311.4149298958581,85.14075122144709,0.8307874232380649,33.18909839011706,101.37892417372453,0.3222980224867902,2.579777461287529,3.5728703860965187,67.03826089833359
0.02662044981480126,0.08431913825905102,2,250.97568320608528,77.59458707765913,0.7770502421488891,41.97169296396858,99.5181218045418,0.4545689786130786,4.351278404717831,5.329875446163987,71.45767233803589
0.017076046046408555,0.054737701392237194,0,200.0311343718829,63.10483622655061,0.9462922716517675,28.089686708243665,82.12963478108294,0.24607018628411548,2.7601090693708077,3.951446983840099,95.87893250899393
0.023791533019474394,0.09963853535548135,3,234.46705311603745,81.33072614256707,0.7329562730416919,32.33405933459815,72.29272977387555,0.3372868725077745,2.4757828447022967,3.5157159761656955,67.73223970631975
0.013779312477745593,0.051373458457331,0,201.5903918485939,68.73285857495434,0.945802037516131,22.05354654270196,53.131559862004934,0.3520512442640883,3.8489890130231723,4.696247732713644,100.0
0.01575333667269921,0.05083280887943387,0,179.99726828141064,64.86541596434034,0.8965300865065088,31.30553253834697,101.25778741327115,0.2925456798802658,3.8806723350000967,5.3397258492054585,100.0
0.046498116228299816,0.1173762771794059,7,439.95355283071086,153.79786710543513,0.5790215044567175,64.21379506429481,209.114697770338,0.4471851273868466,3.1324351944252897,4.147063363272798,23.811990263513813
0.023854871523500527,0.08532391872428544,3,289.78424160596325,101.75567879959931,0.7670110730122305,47.964314445683684,126.45767852296663,0.3101423313622544,3.3247956790847026,4.416212566595728,60.56322416205505
0.026661703184663238,0.089387873028747,3,264.3713271150861,94.87590750351441,0.8205849180302861,50.63231751968353,119.09494481689464,0.3937700255547743,3.948213065218066,5.182373873535501,64.3007263238418
0.02205465691374446,0.08261890813453483,3,264.9651968127795,82.52185805480272,0.7575968611003846,48.84230968078828,123.41692846922378,0.47180387231566523,3.800505289372456,4.670963657087889,69.50987598793832
0.02417166454727707,0.09445983068638422,4,277.0167610505175,64.76734390601727,0.7614957843070628,45.95347243980859,116.39149055710536,0.35356454755694916,2.6188152356177667,3.469196393574825,61.95943818069256
0.022887924176549276,0.08696944655290428,4,273.8099638208407,76.77551742799629,0.7925702026670796,42.41262933416086,121.32041283029974,0.4972878219125574,2.5855559703256015,3.2805877403885,60.82190294085604
0.016930108530637672,0.05202042492284725,1,162.35322207637165,64.15920370504482,0.9461180245158753,23.70984200292883,73.35795139949902,0.3388045725828261,2.8147730225804803,3.9645757176530587,96.20851852677956
0.01146642961496217,0.05782535915106321,2,212.4709430459345,49.258552882173795,0.8648095620691355,31.664104259473294,110.68211445538239,0.3739566357354548,3.2328475467574695,4.167826894415194,97.19593090077609
0.014988070404054511,0.0744471574667187,2,179.00942425842746,43.46114542487908,0.9272710059206777,24.29537397344192,66.33295848063204,0.3157398191250834,3.440225436841717,5.09988057865059,97.47295896108416
0.0471775003528046,0.11825106844713633,4,369.29325501637163,127.18785704066671,0.6844775263105969,68.27576220377664,156.13479756966962,0.6271413065510313,1.6951680187811227,2.4831585626680286,29.883756317767062
0.0134445851757301,0.05987820247805357,1,183.7383491550232,39.69052815834824,0.9180682627102181,23.45048100294162,76.86113852213785,0.2447965485435451,3.7932307139486063,4.648138781417426,100.0
0.05016409820444121,0.13809065860130934,7,517.3350188466859,192.503884341656,0.44162026943159244,73.11499464206835,185.38755087523367,0.7408385478067765,3.233534142908306,3.9554787577617487,0.0
0.0272395452489942,0.08239047980552536,4,328.5036459632726,104.53167161851549,0.7839006139872254,42.186337062908244,131.90209291494833,0.3014938423204685,2.5606956290511698,3.138147233882519,63.47831935223191
0.024811424809100608,0.088413467456495,4,346.62013410560536,83.79452001825393,0.7143894218416421,33.09460963047516,107.54194330737765,0.4137764259736751,3.406329270929133,4.288955050777984,64.10250843898433
0.0222919836409344,0.0805870040807331,3,243.6479260046595,90.60927015220432,0.8271558609856552,58.051254858751065,140.66509736583822,0.43130803926481776,2.7641202021712705,3.455705698857019,74.97150758092629
0.025943830043645057,0.08067822588440782,4,234.69891688165225,68.954957615666,0.7626565663097785,40.50386205461738,94.28374486782832,0.38127254401546773,2.8041276754497204,3.86872733734419,65.22172748560496
0.03437275839912101,0.12811405111110533,4,330.1636982691324,83.8473550673558,0.6754936823659042,51.7200959342797,142.755893338819,0.5724155234762891,2.648946566115465,3.73043723630797,42.06877867098531
0.03733358594431486,0.11134460969265564,4,314.44734272952223,72.59121963873855,0.6486447603522842,71.0173938638219,171.5813330099961,0.4718216322030397,2.1811398490176384,3.1956324494547323,34.369156776101605
0.021429645772766005,0.09704713719671357,3,231.16419788670706,74.82423676996267,0.7294965552395593,39.4854255303408,104.39741286144738,0.3939454570088704,1.5026180297546334,2.0540817375536657,74.00432176998115
0.016999609784744487,0.057868489364367955,1,214.81937858990253,80.78721148974898,0.8684418072545315,32.5531662880676,81.15027436852681,0.324374101351701,2.7506436366835314,3.8006811984434905,95.18899565809244
0.028066412547173986,0.09177179030773015,2,208.55051210787084,61.6365978858524,0.733480490348972,40.31507609129864,132.09338302258558,0.36598394851034816,2.3580185462054493,3.013216786024904,74.26866562024496
0.04339407240199337,0.1146904960426515,4,393.7116689818184,138.06604705220744,0.6973973896664495,66.5468157439448,174.74438051000973,0.4681820497948231,1.6007850798938468,2.22841128933861,31.195532257227015
0.02031440595784428,0.09531652063417685,4,219.18784082880964,63.52988052390653,0.8160295724898458,33.36931094448389,96.06960004333877,0.3508455675365916,4.321899020534044,6.316845940605772,72.97911531834147
0.03138345027107514,0.11843158814956312,4,427.04732656213133,131.93936250158598,0.6384267209465235,74.17245377376089,155.63926121594193,0.6234560968797316,2.5121586150119426,3.65422103197071,29.938839391203757
0.017841987735842977,0.07402743735136258,1,151.91023878000965,33.872048570560494,0.9036653749100625,35.44926108167848,87.04814978020639,0.39183265438228143,4.267356650778706,6.065861852889637,98.77526870129732
0.040459120742331045,0.11145790120907688,7,479.5158202552493,177.23239183965327,0.6592224270779391,78.85674519366377,187.09541994234155,0.5853057533223939,1.8479239444595121,2.7056778841725544,21.081741188911376
0.06117137499411605,0.14854545183196174,10,410.8316926724432,107.88289844990226,0.44168017020018235,95.32512006408504,229.96771907493374,0.7161113087054289,2.5882899523769316,3.1288269345037274,1.2642321019590486
0.017679512900437025,0.05951832408472254,2,186.79263122796326,53.34090083145659,0.8704357487214851,30.228286584649705,81.60349939388355,0.29199984895575126,2.5561058848066036,3.1431802049270896,100.0
0.04727353242798244,0.10930616958833068,6,304.52663804616685,84.13990755183477,0.6466174655159503,72.6421915722553,203.46173441543797,0.47298209934898056,2.6039600577185817,3.215704020889557,27.435152233241485
0.07986264451848772,0.14549178832397708,7,526.1333244868563,184.42148262578465,0.5405230567039359,79.42679122934557,232.54350169213635,0.7109843376643405,3.4258241788059998,4.449208301035195,2.912199281889766
0.02588057710673865,0.0964497453570286,4,274.6515773071413,67.82135041577399,0.7205820892640284,49.500831165352665,110.39678421534613,0.35129723612319724,2.2132510103630696,3.1536650724730704,62.02026714405792
0.06801189094232163,0.13723254133293422,10,492.278750757651,182.36532855018953,0.5076146703533456,87.14855522476499,248.46257544056687,0.6368451749648346,3.1767317954101544,3.831962928329842,0.0
0.022334899581620007,0.09070886563838748,4,347.08336025940656,69.69575940830899,0.7412572726997588,47.65747996562677,100.322857462205,0.46840240685112666,3.3368003631197984,4.976873711131994,61.48408748898234
0.020414426964217847,0.08856061800543104,4,337.497597148243,68.68996754255852,0.8368343717386918,56.65405711620423,151.7976801912584,0.3787288717680397,4.311055404087972,6.23991134567924,67.17129909668868
0.013774579296169829,0.06644217545825479,1,160.32200682038535,42.869937603401816,0.8910619023397877,27.134858820520492,70.31381211965946,0.3051899272974452,3.706988005959304,5.161650011706311,97.53701926928207
0.021972050749507983,0.09721346650715347,2,232.42255948257656,62.09780204947701,0.7746275777134473,55.14225714968474,133.2962135834854,0.372987355531241,3.7943342650796197,5.582683824182097,72.34744576370828
0.01949823705678142,0.052686089365000806,2,201.37319591626607,50.16025009278766,0.8887104720342913,27.132144255172022,86.94104045919266,0.3940513666048351,3.3407166824429377,4.354251517884756,97.68444378433117
0.012891750993862085,0.06706833511794252,1,154.285062432986,40.77025536228164,0.8873017190295459,30.60713249390804,99.98478590449227,0.29848394781336873,2.8803701196129485,4.089225544154458,99.52850927231718
0.015781794209622294,0.05815909182587698,0,241.3105666962722,80.63070033087122,0.938345327076205,27.337702516424876,82.46564473987057,0.31299244912105595,4.4093208761475875,6.540417823879949,99.6767327313135
0.0231033570300395,0.08430603343910334,2,221.99512335342132,55.00183008328756,0.7313346524006032,45.04425115606582,121.20200440176814,0.3336999031224778,2.610891542431715,3.662021203639509,70.81970347269939
0.013521867838594973,0.05131667904912404,0,159.38900728460783,40.61471568082443,0.874564443189777,26.543992084676592,75.65759966396105,0.25391229238369395,4.0669895129828655,4.999162518591911,96.28399456636379
0.019313257590273945,0.06895220156123824,0,172.93583373026985,39.04212563241434,0.8534974665181806,22.948859628666035,69.09379892921307,0.36805221715669756,2.630957060346505,3.9127797313715296,98.57776916236317
0.015523132563561496,0.06951109811294792,0,209.011437905104,66.07999092165066,0.8814726522464543,21.171854997188657,59.688961892438364,0.2218122213450161,3.1525070762122676,3.9055205956201764,98.08583735467165
0.023880016047889377,0.09545862330783714,4,291.0070430932736,62.25699459005923,0.7841586823388946,44.0499605305159,111.89839629942315,0.36095898888181194,3.756059224997003,4.515410164885729,63.06941122507276
0.029111255603483963,0.08377117270134433,2,289.879840789632,69.3908837622044,0.7998877301934714,46.13699252579629,154.05579325635466,0.30002590325224193,2.777185106959926,3.4271951440719355,70.86795630720985
0.023718700235688776,0.09052500834305797,3,270.812152166258,97.25327716685199,0.8019383147732659,36.466043225143146,111.59290200083343,0.3794443862872915,3.3484264242540167,4.673920914346578,68.82804478476226
0.028070727146157878,0.09156474127195095,4,330.5046729306751,123.05209019855339,0.7078450597601172,51.72717322523018,131.28164196663124,0.42955064746460003,2.938850155130937,4.1688469476478,69.83919305023683
0.011727540290215556,0.06612410811554306,1,232.48932286828438,55.72059511572676,0.9360444626888279,31.15702591414736,93.71896551708414,0.3382230798575697,4.336409716124622,6.15373687557769,98.69849514563815
0.03437202545706425,0.10687581099787608,7,366.88059262837237,139.14652331075,0.5586188242785096,51.005182494894335,112.44220579927408,0.4092096134394196,3.240040947028662,4.6872964093072715,21.31234451157156
0.022325204952877473,0.08010510852828986,3,205.65117382164325,56.459166732220986,0.7568845151642085,47.20511090545288,148.64456823113272,0.3154326272138729,4.37273489421648,5.983365504847055,72.67125188157928
0.034690962335298434,0.1065423085310572,5,348.53273302921895,104.61419864746132,0.6091696872307422,59.31265242885245,167.0772844349796,0.4629079949726881,1.9156963905077578,2.7934512131248557,26.946859992206427
0.04408006574805446,0.10350806618923182,5,354.34879138111484,79.70564080505201,0.6041283849931108,67.0722737413279,155.137359236004,0.40248667056116844,3.172098440096841,4.641969265070116,22.798553639909464
0.014088905297492824,0.058511389755340246,0,244.4716282838366,63.78291231005612,0.8763165128867533,28.061086787041177,98.01758469188074,0.2995748842953824,3.1395751582965863,4.6488990858798624,96.39058555575176
0.06870906505642112,0.13047385816875087,9,505.0292687883139,184.18657160362278,0.40199362647991876,77.25019278437497,233.28873604584646,0.6235585520576847,2.831953660061269,3.935647537694506,0.0
0.05064210259133524,0.1440327806090405,10,520.5959060512253,113.44628266263425,0.4364612684148066,72.8684627779749,191.82739788656488,0.7748363121111292,2.375130050129389,3.0257937264759507,0.8965575842256879
0.03152511048342709,0.10126154546092363,7,447.57423779260955,125.95013182629094,0.5793880892028506,76.56575683422373,192.56408096618816,0.5453471196418755,2.0279110772636573,2.6679084791840766,15.885307174595571
0.07575195154516248,0.1309107330299098,8,516.2851445577198,202.00997721001133,0.46142620119762245,74.87381296434944,247.9590407511458,0.6553147208485506,2.4581090111035593,3.0951029412147535,3.1747586067195135
0.02329805003885153,0.08057534313959214,3,259.8491085208637,99.00035363452616,0.7390689776139727,46.45708467397304,143.61380850548565,0.39155688004726225,3.1814576683855886,4.394063853722613,69.24099358678838
0.022552073380352818,0.08280888241291164,2,299.04654291234795,83.82566583891087,0.7127747508357167,33.91610509614353,110.50590015149547,0.34006038618513246,2.7892025154081654,4.130874253585989,68.68718011147024
0.03621509111933419,0.12322224209464182,5,397.4508044342672,108.77601967301852,0.6645064485590589,50.1563085347706,143.44888907855469,0.645492576454581,3.154335070212942,4.199195376893103,19.388322621732627
0.014038008545757773,0.0758605860643809,1,200.9440248746233,60.74399737649161,0.8883143245173107,23.38532438768206,62.91799303784782,0.3891564140300797,4.060149586389718,5.6822108630664685,96.79505056162608
0.029636285228072955,0.09741306125290128,2,347.71975663371995,99.22051965734472,0.7580817883946513,53.19633644500431,184.60867009960285,0.4140999341394643,2.6413850632914824,3.558914487429765,70.5917679804318
0.03209062617207464,0.10357809696901417,5,364.88620484985563,73.95646514959958,0.5507997373623201,57.40018894169056,163.276726886547,0.6325381429795638,2.4816347996501174,3.4915705745968726,22.72430338431039
0.04095533171168868,0.10119787250403711,5,407.0191120217284,150.91800327031984,0.6219325196463829,50.45398380045859,151.67786884573317,0.6822294565845559,2.8994040184100727,4.3168971209357965,26.479417582598256
0.049116899551788,0.1078256814801725,7,467.9654504641415,142.91419108221422,0.6209402981446531,63.53226215096622,186.6364131104656,0.6721948205719116,1.6603379133080665,2.2667775448305747,13.819650737400998
0.03066905539026732,0.1280730145615227,7,400.87870391545823,142.77755244241234,0.6144207050025765,59.80892371975553,175.83801684876624,0.4887722577702825,2.081706673775056,3.1155561873066597,27.240603386052243
0.03540242284900583,0.12837935871028308,4,413.4859671398847,147.16895548523576,0.5711399280770808,79.96122437280856,163.05854510988942,0.6970021571449628,2.31169927781178,3.1504993814094018,29.098743721867404
0.019178388528990186,0.06647862604288433,2,207.795680567498,45.1524035014141,0.856011161315075,38.050774487225475,131.7485126771411,0.27571011680691665,2.938883134798556,4.169362234205004,96.25252128124541
0.05501085377117065,0.14440367779090935,7,528.5997698454111,111.31648783234743,0.4729728074614074,80.82416069560668,206.04024750291654,0.6653512623206946,1.7126307401771503,2.1808411515367934,2.0735586548535476
0.023101284508117024,0.08351767818052974,3,217.06739773046985,84.76158151814982,0.7255551549851811,52.388885581288655,137.59882573695157,0.4371827314284955,2.9681261277670847,3.7407381915726416,72.73159165034114
0.03707277325738955,0.10036832167988108,7,496.647573922939,162.21364164670015,0.6454295590216023,76.6741246593736,173.8368061550497,0.49803719871330127,2.092627428318991,2.7991735522332997,19.97421665586893
0.07954637975214245,0.1431550921971844,8,408.68715491824923,123.01013103641026,0.4866021409886089,95.72079891951995,222.8832134872698,0.7040781018446978,2.025843145441563,2.52784631678306,0.0
0.06622270454068632,0.1351083168097174,10,429.75643902571204,96.31188360784546,0.40634713360963937,75.01906802487153,242.5597907047164,0.7400372231891776,2.9459594733417602,4.017375495302898,2.120626248673174
0.04810855721017385,0.10907120337663744,6,448.80050862150955,113.28709072896453,0.5786884861532918,58.41382933026347,164.17833896457375,0.558522554511416,2.7256686280920572,3.7754767632188972,23.599594336604785
0.027160500142505237,0.08343024848720249,4,253.24893681045845,54.011110200094016,0.7391479285851923,44.06610802498697,123.0349185615355,0.3391049979943513,3.2874802175178663,4.234524827099837,66.76172815306846
0.011008435032084337,0.07102097946988249,0,226.12609432080947,66.40828186977458,0.9146313583512581,37.46271846712108,91.08781590026666,0.2818367599172308,2.9485884281643857,4.037469735256987,100.0
0.036844028239679555,0.1178051093210484,5,327.75850748616506,91.69231716980205,0.5918426646746812,55.043836904667124,125.18735079916136,0.42075839950152955,2.5647917425444233,3.6989958936282696,25.74816784320884
0.010341026306517963,0.05294416170106401,2,161.45567413733067,58.37563563161158,0.9036417398730519,22.91798151204563,57.97464666052309,0.39477331225558526,2.9575238155582135,4.1135675151686115,100.0
0.056418495533796194,0.13935411643640813,9,565.805242100774,161.79617046189955,0.5096576805867129,97.38794393562729,290.4718012770824,0.7556503478582322,1.9036226067583688,2.4576762818534994,0.0
0.0265328939479155,0.08668239897122036,3,257.62406931303127,81.51724008273764,0.8144925208645557,30.79406848007185,98.86009840645022,0.4601427300469744,2.5305729993754404,3.2792420610023703,63.64098034646722
0.02721848096453141,0.09379558042277962,3,298.99251136832,94.1652656537806,0.7033832447674868,52.236613204756026,174.03341365077432,0.4685381547174725,2.5536476464031823,3.157688136581584,67.03723417828624
0.029896193181754977,0.0967260507070525,2,256.7322987711453,97.20578059504477,0.8182763830465383,47.20868631869911,164.57745442458935,0.4901621400037603,3.2938020962426418,4.36493060641248,65.64985632700053
0.05614020338782112,0.14349259096186293,10,579.9564336279309,224.00261170411093,0.4031644108369171,77.17869306137972,227.6959098297812,0.7755554213714592,2.4955959007597652,3.1266721795290344,3.521194276369024
0.012805806204836928,0.07071114663081428,2,154.8259045785372,32.8853457058415,0.911593723647282,21.241315468349924,58.401608137101995,0.20507810117982614,4.077686010582949,5.131999326611416,97.1110529682254
0.03894308411390565,0.11294186367937402,4,442.66067750132873,166.64899378491975,0.627758210374028,68.49588362952541,149.29549125268676,0.4906891111472184,2.882115148956915,3.9387399329539536,32.957309066976535
0.0469685693889454,0.11322098295715267,5,443.9627450668271,92.80397514168509,0.6912443782331522,65.97896207234231,228.0783941591807,0.6021995967628756,2.028575651101833,2.570060863788713,19.382653421915702
0.02136799998039664,0.08645833985708286,2,245.0978367180338,90.34893578610267,0.7272234666397668,36.56291827323799,83.7681762588106,0.4404305730841901,3.314924654645232,4.778760586383924,75.81557474843324
0.05506679098889076,0.14691955917731453,10,577.9766951424995,171.69506123645309,0.47109242410530416,76.77399338616598,219.88904014391855,0.7013008765251412,2.9989743373044364,4.4270209253891055,0.9083365746039551
0.022353933914913734,0.08489212579034469,2,262.89817762867443,82.72434846415617,0.8061503043162588,43.686281173048805,94.34092631198467,0.3645644974085205,4.093608090113406,5.045972623518168,67.77610505285733
0.05925344418893,0.13213802521106932,10,550.8984741505092,126.89449978776204,0.4757507758212841,78.29658838922852,244.2931449403496,0.6874637995655143,1.9146932339842375,2.399571177242721,0.0
0.018019491539381042,0.07447281490004443,1,230.91234586941414,83.83107519184058,0.905949273217158,20.302606621530803,62.21639933937129,0.22425842058500037,4.056828081903381,5.195872485519854,95.13181567417698
0.01328764778527431,0.06250321374598919,1,201.07346751079308,56.20736271052062,0.8839699714616034,20.418910171072326,60.14378327482367,0.2901599969896639,2.8997806480877726,3.9615075875714973,99.12959774281107
0.047654890870155515,0.12848147433090934,5,448.42323174011625,173.35667189804315,0.6011779716562669,72.51777438633562,188.46664669086212,0.5295960190432731,2.3529955471021635,3.464329144387387,20.151472594017065
0.02560904093187937,0.08009735158340897,2,314.95592386282016,89.80851769658643,0.7990374957603313,31.330340065907016,94.6785200601643,0.3183495451322784,3.6573360748602175,4.7142056683616085,73.19689443685245
0.06742794734483168,0.13950402141505144,9,554.8677302371484,163.56051384629433,0.5476221077937776,99.86350719290772,221.41600569788397,0.6717240694960035,2.8111701721330498,3.5360406902444312,1.9983596470916432
0.02186980375177498,0.09725521488829421,4,331.7710984753264,72.89742229799,0.780315594702664,59.529086074008056,196.843747390388,0.48039014373910194,2.5572275722761333,3.26087904832648,67.00526866321076
0.011951823151512704,0.0658769258035953,2,228.45509835599987,47.564718362904706,0.8842504925660337,25.718470491133324,83.74893249182622,0.3441295361573036,3.2118831463825472,4.010612691085116,96.16662970035287
0.02859128938836346,0.08615285372797947,2,298.2338235331551,62.13646492541052,0.8008119733229487,50.35485841651518,161.84344916345006,0.42506063740703903,3.1347352019348635,4.567097854871443,65.11971741494972
0.029667883718485624,0.08023355780791155,3,285.5125328674679,87.56985327112828,0.7411334312512979,47.51860884575774,117.8631103642091,0.4404197824015169,3.4054809925872553,4.266300638796888,64.99677591545101
0.019016899751335255,0.05215265415676652,0,192.16014262947897,48.468605972817045,0.9131917164751193,20.184176241037775,43.37520743427184,0.3568265458300851,3.09910693509401,4.189787501839349,95.42583221685257
0.029912695396721634,0.08839182501114033,2,302.1780770032309,72.12821419716714,0.7371429021989326,56.57285528517456,172.55303126499248,0.4863904332157853,2.216507794468227,3.1594899491251933,70.2906157858264
0.02069078614048705,0.08928754491519632,2,294.1940452814207,64.64784042221682,0.7191495721043988,51.75902771734702,175.82330425654155,0.41760103750471766,3.2673727850368404,4.676198041547239,71.32155073327951
0.020285513377502118,0.09332809324442727,3,208.5955398378869,55.73297233816363,0.7026048471433946,55.46839432034999,167.71008042545654,0.43209253354180527,1.660356058597851,2.076348123610652,70.84926218801662
0.023896122148421885,0.09978107525246491,2,304.2236385394054,102.15190879935399,0.8468279308451028,58.06663784396106,148.9428762834707,0.4525644519767752,4.153433677619198,5.410287907394128,73.53993873403738
0.027473632807560995,0.08812857927605115,2,302.6663191828599,105.08111153966284,0.7767794753159025,57.657431527838305,187.55947006238065,0.47558025296384576,2.8423427552752614,4.123141493259708,72.53497450695957
0.05290003377923072,0.13966131507649993,8,442.9629773383201,144.17837652633094,0.46680877966326,88.57171819675357,203.08402583871097,0.6057316660878687,2.48574653130995,3.064903900953527,3.883792251047108
0.033376825933926116,0.1292076792814581,4,422.8041508062207,142.8208885121891,0.6024523714611356,64.667562441237,204.57982541044916,0.6316083853697793,2.953768843873463,3.6514640075522857,29.84274674026502
0.04506779818936001,0.10801929613899718,4,402.21234747390173,117.13299768576131,0.6063715384660624,77.38333826667308,257.7712177115707,0.6225958780934143,3.4909967078622914,4.439518278626505,28.754892680253867
0.0724849144771074,0.13465030611019785,7,588.193237200107,159.7380130973946,0.4333245828527914,75.27443790682868,202.04674880696973,0.7716219242968965,2.808252807218875,3.9656027152077216,0.33146113268440636
0.040048818053718425,0.11569291975230438,6,497.4812491697087,127.33209916681486,0.6593669672406113,73.31821458016123,191.57317441667104,0.44204276437726425,3.022235085132251,4.0688573458791915,17.448278724501424
0.022506515307191402,0.08543889413519937,2,323.3002393740592,98.46379016650553,0.764852979507693,59.583673656601285,146.93753812552552,0.33966145017448995,4.461952382305177,5.977815284247177,70.65414482628154
0.025683927096782633,0.08478736568846701,3,277.5406438568985,74.69855737356417,0.7982578367107909,36.056647020488406,86.12803576840341,0.4362598532596516,3.221768714518518,4.761047486219414,64.82196740700937
0.07138319855190835,0.1390505790886882,7,542.6531066252718,156.34334973880257,0.49299960462413484,80.91404900356238,205.1226998929077,0.6598677450239073,2.7542506511775198,3.425207981849801,2.0284396033803063
0.01031170837140058,0.051846397898337435,0,162.30238721920438,51.003581585300694,0.8707189656527823,26.555043573523896,71.69971050526492,0.2902261373600096,3.9173267811390886,5.44954462401539,95.66324020130335
0.03717406165718568,0.10150017532471024,5,460.0758225488007,120.45722810192244,0.5564822109225592,70.4809576787665,193.59191632736872,0.5938074902537509,3.3378502988784873,4.907603074875998,16.123221426570076
0.023688852145620484,0.09575015941278033,4,300.636674281175,86.75376167827761,0.7685756064934315,37.21532449101254,108.47201534949224,0.33515514896983567,4.207856788421639,5.900375852745541,67.98787581215689
0.055082227557497185,0.1497809402016621,9,415.2078229730894,139.09315807761106,0.48151318034433477,80.98566535803093,280.1974714235891,0.7326531117639372,1.6742168036259684,2.398494007249707,3.891723368265775
0.027348709207938766,0.09511042605327608,3,306.0851708864204,115.96831649999133,0.7786121906911082,46.97222509698886,128.24785336645493,0.4918079627536524,3.089858525698723,3.9910666831759953,66.54403676000362
0.025069084693754566,0.09307963580938138,2,345.54309835787944,111.71439165823855,0.8063091506577375,31.599682517855452,75.48911640689913,0.37699000206961913,3.70689547813494,4.496153465982082,65.4756653483458
0.04073723909700732,0.1160326308922665,7,322.3400661170082,77.57795940881795,0.6526146363543732,68.5340205301115,197.62601053308106,0.5204845114995047,1.7124742579965224,2.143425309526308,21.132790663389848
0.021934866372145426,0.0943477097780474,4,328.96233370025755,79.82743347968288,0.7467412188924072,37.536855016834664,104.94200910999034,0.43620799439024716,2.3273954974397837,3.179684507157735,64.04164626478186
0.011016360507809235,0.05277613248558496,1,246.36641910273383,77.79015767785512,0.8836999158246179,27.496972693237083,94.11118602710312,0.2872838737986317,3.4660925640156077,5.047984233074512,100.0
0.04504406376007362,0.10209638478098514,4,475.87165645904486,188.0531566391014,0.6766442323039472,70.21696692451424,216.90592155640357,0.4587718200710908,2.6435900388979157,3.7000519166886816,27.880013584704578
0.02280804853120938,0.09691724718174562,2,306.9215907933687,110.39596323494665,0.77551412059947,41.14820827499477,99.7844952850076,0.3520340980643736,2.961515396350296,4.3414930133924035,73.85257517849809
0.025093581279709953,0.0957432100432113,3,233.33364931438817,50.587430719223256,0.7130544382276364,31.800512687687377,108.20354367516772,0.30546268798911214,2.799843631949338,3.8527951537003906,67.68433843395994
0.01322272057274727,0.06518845153944082,1,247.1675974037143,59.392107142734936,0.895444628648042,26.97485795820443,86.39985324921058,0.375536524734593,2.8775096053992986,4.0704207813105056,98.44721057372516
0.034680801361212266,0.11158543101574885,7,336.44320156473105,117.76536067114833,0.5560946604832953,67.67834738597347,197.46476796447007,0.4015852862718524,2.6335574709781326,3.316564995820378,22.614867697879525
0.043743916398909254,0.12295338368513613,4,430.5698186800527,113.82140637965098,0.5907115330854145,62.83622797148954,164.91783456316057,0.5629689461831993,3.187772092179258,4.6113803440284284,32.06468747003835
0.021969760503786462,0.08443277202042566,2,346.1733579620991,123.50527211375238,0.8319909314278741,52.20014226388971,104.52981396518148,0.45802162671650254,3.348365442029136,4.788791360621148,73.35953415669574
0.034260060131847105,0.11320949680632394,6,412.7967322658417,94.47542264086118,0.6573075201647235,52.61442054030139,167.84336841144804,0.6606828202524793,2.051194980582152,2.5086506315590826,21.740516628624007
0.038578374842182996,0.1158399908405503,6,372.1091974428735,74.61995660614217,0.6928395238606011,79.94980559379053,261.9743540839235,0.5751614643820002,2.8843820129021545,4.252360383028407,21.524247732001477
0.016795049003616586,0.07346506944355859,0,179.06828398275334,54.80691878274909,0.9397237754438003,22.448026516631344,49.18747788631686,0.2180142499075435,3.2565252874538952,4.052480447747882,95.74644801607418
0.0200643345422693,0.08408692839618502,2,251.578623568132,92.58849908008226,0.7341730996059774,57.01862270041275,193.71317759247216,0.45243610525072697,3.4090717732855893,4.170961761266621,66.048641058728
0.019451639395915078,0.051704157358534175,1,234.78932606677378,56.033550910767154,0.8912628179237125,32.287887182350325,74.71848753081424,0.3836777699129109,3.5655901546629414,4.3794860563081,100.0
0.04600794817099007,0.12194638386147726,5,420.59157831112094,118.27863040933484,0.6118250540694546,61.690888053156975,131.6408131708185,0.6784677988423022,2.2766890037955356,3.2281853955717423,20.32930638063491
0.02950830711252202,0.09152551813565471,2,342.0696677616597,114.5137289566354,0.8159934397933275,43.76992033725116,145.9529540966527,0.35302477959695766,4.2130454302437945,5.498389055484994,71.04767403930661
0.01259362246422108,0.05778322443834025,2,231.6696178872659,84.25249161803809,0.866311056541847,25.944201944867437,64.95707988980212,0.35447736184871126,3.1314966906263586,4.322529148564424,97.86628836601203
0.01286821232001298,0.06472295498919638,2,177.9958235659622,58.03326097455929,0.8917393161313226,20.317270006699644,59.600208040452976,0.25967386710004753,3.6058543671733325,4.891083475856841,100.0
0.017072174885533746,0.06887872029183832,2,195.10893490710467,60.51051286129068,0.8796337177835271,34.75027230060566,115.03836178487673,0.28968598803176,2.890818690946045,3.999452973397454,96.65298076323336
0.058212839854933286,0.13513291094277802,9,417.3061682067837,112.98705358311028,0.4012185335780154,96.7039156646515,198.39293252735547,0.601803583192758,3.2953491602789278,4.799265806492858,0.0
0.04308772110668308,0.12434135937325924,5,376.7741244615084,87.35333263167544,0.5653574780974936,72.06562482489163,156.85601873556183,0.657068555120514,2.7198236066097525,3.79409860220146,17.48516481199582
0.03871162603136175,0.12778537719854668,7,364.1319695819591,89.52204675191888,0.5599211084407563,50.10995025256104,158.72354814635247,0.4408674369861828,1.8930068397232667,2.5282650321982714,26.476438312733343
0.027278181516866035,0.08018521516487255,4,285.336986917901,87.8428259830668,0.7071775476938357,32.079747904926535,85.3945524982859,0.39943616169516183,3.2102948545319636,3.9954308573146924,68.422940871604
0.01668393703888627,0.07438455063474472,0,174.19126568962892,67.65867095023992,0.8721260292032088,23.396058507613844,65.53372880426758,0.20141198352817222,4.021246290545858,5.4040465705186636,100.0
0.04066110950525688,0.12506402656098664,5,338.1996238424755,94.08981542786653,0.6645782788872668,59.099521185129525,179.21123883079508,0.5709915674219967,2.853155496768243,4.047428148462301,30.45753210758454
0.02770551333916895,0.08945425262786738,4,299.43437662181253,63.99779936577803,0.7695435536560391,52.54902996733529,169.56500147036618,0.4433528055064589,2.982342647820264,4.451405420035015,64.63844677570104
0.023876471135930045,0.08037362691779092,4,307.1989722102225,84.30892824193874,0.7550485964449685,55.60914155341698,132.10333697325493,0.30892820301888907,4.253633690024504,5.55720233586403,69.31040358774563
0.02985019803950191,0.0870938236438099,3,308.63466885438294,70.48591816615433,0.7014453157700752,59.712871642321645,180.30999981035148,0.3276854797767414,2.62767362400346,3.774333770047023,66.73657183336955
0.04429771521609745,0.10319743054348751,6,483.15902129172605,165.42323468194405,0.6417854020101799,75.29411842764422,160.98589503445788,0.4849032093547428,1.9799143063969566,2.917983800603255,15.32753307310741
0.021021975674654074,0.08074993357044216,4,244.56868385343535,84.33606124088246,0.8434754053756762,45.21998943479404,155.13691879396103,0.34510829713119,2.9629825930781397,4.203477836561943,70.28315387015913
0.01853720906789123,0.07743688630133169,0,157.25151814009823,55.97362413926223,0.9043721812224557,22.47477930575082,52.356281057833144,0.3627966236260282,4.4538364358439235,5.650307493667693,100.0
0.06089624057699959,0.13723256340847353,9,417.6087361600035,106.54701856332184,0.422660750244991,92.16229563162992,256.5489774350231,0.6644979628941577,2.6466166314878463,3.2106272104838975,3.798015133439004
0.02198156602167364,0.09629505638139808,4,345.2592473332699,136.26375174101807,0.8358482070981712,35.01886330243102,95.1991939873317,0.3653014797485626,4.01932380599205,5.808698394937527,68.19946925381375
0.044197001251205265,0.1064095477670834,7,490.789375494424,120.45437719319247,0.5809315105290326,56.378962154331475,194.34948210989052,0.5779900016876122,2.357387330653488,3.3889731275595323,22.81082025181463
0.010008969740490772,0.07097622428038738,1,232.40790520552147,88.8559950594325,0.9479680131749725,32.01259840131847,93.15939007440666,0.26614973836604755,3.289008631453491,4.841184590175251,96.56146276247686
0.027742406848814398,0.08064153728559831,4,264.6154048965491,69.64243573870871,0.8177424999773139,48.32356170765339,123.61701198095433,0.36883786565698834,4.396369280211969,6.004389345523829,67.44579739688949
0.027269507655134976,0.08369487025465222,2,212.71433311971452,68.15688948996197,0.7597839563748081,44.601553714530816,139.88796096402268,0.448372323277108,3.393707273183764,4.972730803769264,74.32656826298228
0.021123876304499165,0.08115906778316051,3,340.1239775175997,134.93986943094126,0.7807849616330278,51.684978517218354,173.47334969363618,0.31508112693184714,3.436245559135034,4.221829835724538,65.67132411138606
0.011290542113541871,0.05657508498176665,0,166.82049391633075,58.60088261460663,0.8506300374478424,34.2414213609336,95.24760976232567,0.2587752828721569,2.9963636464825134,4.174757229414301,97.60306873964883
0.013970642183853126,0.06394259791370462,2,175.86211249028653,66.64439856999032,0.8986646593430642,35.65003489829014,78.7445137919399,0.29809423717326494,3.920451349347835,5.813384564682693,97.03224823309088
0.018423283746852894,0.07673062053821839,1,238.3028986930515,55.17822594325275,0.8672334817809845,22.988748460128384,72.62048011080199,0.34993929720489136,3.807638975709024,5.3301235143560515,100.0
0.05882114497852739,0.14002447831989545,9,592.3405741180768,197.20207432161092,0.4707642524625749,73.4051373781481,177.59727942335843,0.6266233094278201,1.566854600692056,2.013556590363332,0.0
0.05059108733149891,0.13422992757288954,10,473.7284181772129,150.3472581020432,0.43260390109710667,83.7031632619641,271.4389379446217,0.623352117959782,2.0130469867774012,2.904992632926708,0.808452332558407
0.018050685691271016,0.06261000595350344,1,210.50649574429505,61.64775140078464,0.8663279778758697,39.47473888145061,79.85389920253238,0.2480837162901429,4.448444219752508,6.4694107618928,100.0
0.027778481625503892,0.09092436048032812,4,243.48246403354898,95.23628313944964,0.7498757911090972,48.71031272992673,121.69839407573315,0.4294824047936476,3.3756078015167663,4.298318962642398,68.14661626015574
0.07440291430722847,0.1416472858125726,10,554.833484745824,123.68382772508721,0.5004112311424682,75.33864069778734,220.71397060221864,0.7792516290529182,2.940255146436527,4.038805087350951,0.0
0.020211347224468205,0.09248342947340527,4,297.9627327952332,74.00117314377782,0.7803573806625027,43.61442748075385,102.43280610168661,0.4978499500889108,4.080126377708194,5.0216056005577085,66.59392714179342
0.02110885266186729,0.09394994023673683,2,284.9583972509932,81.10737050628161,0.7705557971519389,43.29971113633438,143.8146735489255,0.40245899478800773,3.9473159552979484,5.0889894107826485,67.93771117477809
0.03872516998932564,0.10165932860754964,5,315.75938906618234,76.9563308636319,0.6608165258664146,56.071616321589715,114.30994426613857,0.5190194839779182,2.333258779275813,3.380533107639097,25.291918459208052
0.05397317741637589,0.14669783815566445,9,441.0586065332791,162.1181937040269,0.5038627374563187,94.16426205762437,201.4590835557511,0.7222188848985013,2.4559945203829185,3.544445666303049,0.0
0.05596707488339263,0.14050175166641662,10,572.3067114734441,116.3947877342719,0.43979364481108235,79.93578901073671,217.01981366804344,0.7514748186809874,3.304611028414773,4.301206731561949,2.3328986227338078
0.0566355184646942,0.13735992894983323,8,442.3011135394707,128.98160115393222,0.4864578863536929,79.0657778380772,166.1846162082925,0.6319461659963493,1.7808248350563145,2.1956539224284417,0.0
0.026677417551190463,0.08817104639079178,4,202.33569271422317,45.16183907594083,0.7723734850904163,47.309071712130915,122.01168162267312,0.33944513001122206,3.5023573175795635,5.193662745840135,67.54049327986462
0.023779630334090196,0.09152913601084892,2,268.9520453257948,69.58113272463522,0.8141628279459053,47.15545180339786,128.19915295618705,0.4188975892954891,3.941063010728959,4.95553947216104,71.57700387829037
0.016677544062291647,0.050934946191537774,1,204.29626589720746,54.281542887903925,0.8644481839875677,33.7147119751005,76.05967810895318,0.2478504693892068,4.249535381898603,5.234090486209518,100.0
0.042955413884141945,0.11943453730237649,7,414.99697918997174,108.2307377669385,0.6505669402668198,62.694376342046624,203.25586689000548,0.5760949750553931,2.7333966167228665,3.96355184090081,15.73163799193048
0.014301123467062317,0.06802830150104731,0,172.16704650445652,38.48901633504097,0.8576238240967174,26.348789185898355,91.01984095737025,0.23387264740758507,2.8010500353842986,4.168076789249338,100.0
0.028000443030384434,0.09499686663281937,4,348.57531385226144,87.03556654723603,0.7221040977798284,45.941387776958194,139.62105146979187,0.43818801419302167,3.4039297105976445,4.456669338031754,62.4256592117526
0.02929027154201861,0.09701952123446456,4,265.08444054501985,91.83346756043093,0.7392336595653305,35.138754627279226,82.12346798494188,0.3203428635196162,1.5829489145906497,2.36652975368455,66.37096904390884
0.022621961211975496,0.08874353631922745,4,253.65764534947937,82.62655875766224,0.8248583761150734,44.73670784443278,138.9575164341235,0.45535959366234907,3.5185824012500513,5.063670263995685,67.07351613928098
0.020187577104692402,0.0818593561646702,4,262.3679645189697,56.5993921197677,0.7718669636262443,47.79896113593527,127.34645520178425,0.4161383711896596,4.456748506606649,5.7841879935546,61.062335204485315
0.017510788014749253,0.06786660842193121,2,188.35630712174657,49.8256721372703,0.9434573959176052,25.249684097882078,81.88223462220508,0.25445483625958926,4.283990774950221,5.981983591516763,100.0
0.021874239362779112,0.0841943929106522,3,335.87295197708755,87.28334564321653,0.7907614488277865,47.2803439501459,110.53596132201076,0.3403905761168486,2.904603085196425,3.608328067991243,64.3616440502877
0.024679938170980346,0.08754877461306361,4,306.466657545314,120.99486854394665,0.714499764836563,52.36756902727799,157.41663955120757,0.43737122397799155,1.8228830853537497,2.5189869377943683,64.61904092281765
0.025544007685292792,0.09564271361995964,4,238.54063063678177,65.36545166614577,0.8395409094698707,31.437100368847897,89.59410735698981,0.41083293502869517,3.440544864951055,4.202303539980607,65.67039846344909
0.02450407726181266,0.08153553747142277,2,203.83969738174298,56.672194549420674,0.7646818185885461,55.2099740689095,116.86867797379111,0.49826083773839674,3.8105289507058915,5.7120456417173315,71.88010141698852
0.022449666696745064,0.08769188550039601,2,267.39412891316573,54.36389103566802,0.8053884403415648,37.221093766291624,99.78644508346224,0.4981408465072126,4.257948287072393,5.269179203191426,70.1714584701586
0.07930391664644915,0.1307811502898157,7,587.4045956573243,137.0201501506112,0.5219187538795096,73.6853604834574,248.2464537761173,0.6335278887814115,3.272487855012576,4.464849088688321,0.0
0.048633486525602905,0.10405381165518207,7,455.39409275949714,180.2348697609877,0.6240978435582666,74.69780784462652,211.56339154640142,0.566555191330609,2.7940054093518616,3.55946999524472,22.361381706828702
0.0633457081063741,0.14132912710921675,7,447.2660419898874,154.12677416674353,0.5238949038327374,94.64803966510861,318.06904358759937,0.6089387609796263,1.7837383971988825,2.506772376147728,1.9034008870541774
0.013578078841960523,0.05340164327842449,1,210.04603578321866,50.76765352637765,0.851123724708057,37.99144279539285,91.31325317308301,0.27125048365327237,2.5347400030717893,3.459189979306376,97.48483621977772
0.06301136202159253,0.13378500854515035,10,558.4616966204671,189.4368304924562,0.44509567219008195,86.11497766321257,293.27485764665636,0.7782048253010816,2.0428538476574443,2.5315852703907065,0.0
0.024921079161012098,0.09147249734428126,3,275.510358601453,71.52193877774157,0.7519918717836105,45.29484422224504,130.10246945285522,0.4076832192539821,2.5913219777334873,3.301387204712049,60.12458402551708
0.022778062951637496,0.08557202969015515,2,346.12006168999994,95.43524740473461,0.7310775971718136,46.199969208820804,118.36932191273607,0.4689067131251807,2.623135475704098,3.222759623201959,68.57043677069004
0.06839454829017405,0.13762925344412005,8,580.1561557624069,192.5947730012081,0.42038403466052804,84.83284459817082,237.79163222541445,0.7028345493534188,3.0414572464653644,3.927102200948128,4.977669737018314
0.025908961084186305,0.08183906219837496,2,206.32627804389833,70.09063965751494,0.756634656369921,42.61991964291915,96.48745809378029,0.41972680914846694,4.4196899947056485,5.633222591778484,75.46483178909273
0.021249400365556236,0.09517107509035361,4,315.89839318625184,114.09629987839185,0.7622791428712359,49.180696830297386,125.53126103195177,0.354338573795251,4.490845201915157,5.5784114601130135,63.43242061384762
0.01936031997105962,0.06197188591137789,1,188.193448544832,50.10746435997258,0.8914727937147355,38.57970758005825,84.93936590875033,0.3943711692226,3.7352812802884805,5.092471968557233,100.0
0.013572109718861351,0.06891489163623554,0,197.14815100307626,75.12309020165087,0.9224942087181789,37.020843949072834,111.84387342094942,0.3508227650251251,2.9973840921642143,3.6647517496239512,96.80201565935336
0.07980772063563596,0.14231461750998264,8,502.59651956376376,177.19578455944006,0.5055947720538305,87.59507126420132,271.7748100851553,0.7605048226888212,1.7867145037833494,2.3339171689765226,2.7460929323831818
0.015076197257491255,0.07375366222925936,1,226.23996324469775,58.404078937514534,0.8783902724735058,39.97578891377035,84.37600572148685,0.231456713422703,3.6291230480725654,4.5178550636931085,100.0
0.025468077472258342,0.0800992273555253,4,209.98003524880133,80.68663609981928,0.731246838473865,36.26699583303323,103.39559842626507,0.4193341812679704,1.729352429477949,2.2627537625526046,74.78170685280337
0.0284407982944923,0.08441675560952239,2,232.1894138981898,49.2485300452524,0.7038240293397532,41.99231956220159,104.90135562404065,0.4221601339764346,3.3904401646739872,4.86017896812607,77.56961623446459
0.06044924616999975,0.14254166298422655,7,438.95486193126953,158.71903118035704,0.5092238524973884,99.84220166366525,282.05404725525295,0.6571404977501927,3.3847911674018762,4.08876441514033,4.9080798581592955
0.03055486820365381,0.12824325953813256,7,370.0086984662247,99.9586276545895,0.6711444288325501,70.76686284510076,181.9222922510141,0.5463016340548312,2.4556533646661167,3.6247838069064686,18.992111721840672
0.02337394914138495,0.08488923538948877,4,322.9014471383493,101.81770846489376,0.8193451163950523,30.88488586991233,99.35369186588312,0.4289207210985232,4.079527926324174,5.486244759532044,63.97356252520705
0.02990832574011122,0.09916757955032118,3,203.52907312946584,71.57688907549431,0.7460568831459571,34.159058765073524,114.21147601041181,0.49191768446847556,2.4186384297741714,3.1972451297629747,67.48378145055736
0.026831454141273536,0.09645195919473099,3,283.9807426662233,108.64015777502706,0.8446545080773583,55.43241579723952,116.39497925811422,0.3134995482475159,2.6110845173365975,3.18410135061832,67.3175540699142
0.019663500206715555,0.05162804651478221,0,220.19497870616127,50.29998915842332,0.9298036260710989,23.280089997370496,77.40616332921661,0.29316044013101156,4.457330051053821,5.440457619216893,96.77227871289921
0.014840998248531814,0.05967605732530219,0,202.164157383485,51.381579317420325,0.9143575503011803,34.68521928933729,111.9980580478653,0.34889088697449094,3.6433743486734675,4.408484901598727,100.0
0.06319270016809424,0.1478737104485666,10,454.27774347922787,126.20506947716969,0.4267009623260546,73.47880299681725,185.86652724702543,0.7662992851052022,2.5809380415884524,3.3547027524370714,4.389676492375733
0.07939763748948889,0.1356408114283904,10,562.5689326828245,152.1101568084522,0.47771899910223314,83.56223354059898,231.5034960671463,0.7901655216972967,2.6190333430572057,3.1790152427328726,0.0
0.0340735398328395,0.10238841588467944,7,435.8360277598345,140.90581059320485,0.6657666748999458,71.57462538146446,223.80866939335462,0.5140319758692538,2.256034515243596,2.9109225094871336,18.355354778379873
0.056283435202969787,0.14581667839694368,8,478.82938419960135,152.90162257120983,0.42157266185156234,74.05297077912456,180.24742716704986,0.7750694877078549,1.6607963625837163,2.2565241978086155,0.0
0.010971568325169332,0.05586969288247932,0,174.9392859738015,60.29707683459177,0.8793479644156851,37.08014598865883,106.77053563099207,0.2584541485409219,3.2020383671480435,4.497126453742595,95.52214913256026
0.05860809465153963,0.13127899435137622,9,445.0043853318248,124.95333252514169,0.5206010879094205,95.23788788597803,237.60864056331562,0.7426824385022283,1.8856206237413926,2.6621551939879433,3.2920017816693834
0.016788737579487855,0.07616680413568637,0,153.88529968101076,58.622686652856764,0.9470232274172261,30.393193758507223,76.26252369260946,0.24528419880430474,2.9741712537423264,3.7854332076540675,100.0
0.07760327528840368,0.13197417664003225,9,526.2877273389026,206.68783130171795,0.5323248986580462,73.06897747195879,229.11354901445688,0.7591035635582516,1.6020890560981758,2.0021898043710635,0.0
0.0268867299126122,0.09716683780995679,4,281.8618766205962,99.64090708272448,0.7421659727783761,47.123786855921296,154.0696325483405,0.35946244909359454,2.946580725601585,4.072898651534173,65.46249591921583
0.0434957677431645,0.11320739446353847,6,455.56574313244056,135.63414231486104,0.6065088632760472,70.47825130111607,147.66749588700205,0.5276950159960023,1.8092055268675487,2.3011137235776404,22.858299208502096
0.029269911675880615,0.08940421352089473,4,298.1033182234677,101.42949420720866,0.7664333433723707,58.88718964101322,123.20363686956179,0.41643058290392104,2.9633233844433255,3.7734666976770446,64.69742604563069
0.02366669313860818,0.08457323563070354,2,328.15085251679153,72.19936753203297,0.799729486665033,31.493036970900828,79.42297709676029,0.4744994805649874,4.254783605737769,6.071116611874046,71.38547883164969
0.06123233379045862,0.1409141388332209,9,554.7208692416427,202.6868836978846,0.40721331848568854,97.51426085549804,289.1363706244872,0.6959608938321955,2.647475589775305,3.590170633258668,1.3886568172514369
0.024186338673111228,0.08353152810354036,4,335.355044401415,111.5050087506918,0.7060478603615621,36.824294485876884,126.50715441587249,0.3305032661137995,1.6410816349003725,2.087387928484545,63.92262086921662
0.025041003818420043,0.09728795741405746,3,267.1303193947745,89.60379738172371,0.7155733030402673,55.53375513914975,177.81504535048188,0.41328641488245793,3.232512311025644,4.239850005957111,61.797221406257734
0.07090582218473744,0.13140658220889273,9,502.5866219515759,145.26399034139436,0.408922929762621,86.74750478376339,284.57622219948973,0.7397873502117958,3.489891262844981,4.76721724319749,0.0
0.014275569173863125,0.0645377528771069,2,222.52660906349706,59.11347139079145,0.9051788068809276,39.928874573736834,89.54236832020273,0.36450490304381905,2.669139851759892,3.6879981051197923,97.50551035999469
0.021968406910153386,0.09930300778030719,4,222.84829321644713,74.63882308042099,0.7118275039179175,43.94722444794382,149.7648230442802,0.48119325735698987,2.3274252006373777,2.9483709613910976,67.5620946970865
0.024380014497096425,0.08645889496915131,4,305.2750796100052,84.31792233687926,0.747448779986146,34.08899231397626,107.22041727072,0.4956901869789175,3.378858572381195,4.369581804695723,63.76341397544876
0.021410598858640602,0.09865441446110787,4,324.9948182985167,109.14997544885915,0.8235158396154061,34.94209057384223,96.08224322490042,0.44445854828204173,3.329592035369439,4.67584183139034,65.77250348480327
0.01811228929973214,0.05296359754761264,2,194.45821891992986,44.698530256268455,0.8995148942153764,33.95410799596095,97.99276679465746,0.23139329057589691,2.806583188827163,4.19918750185262,100.0
0.0794758721219605,0.14233376832275116,9,424.050932488931,108.99055349684325,0.40757465356009775,91.51999975341312,288.7001681467814,0.6720582236291879,3.256112597404796,4.752755423121988,4.484162825500758
0.07404293019664698,0.13593022921127404,8,410.18994835048244,146.318690590863,0.5192494530039014,93.88121674182395,187.83980358391568,0.7211311148533284,1.6464838183005088,2.249345644135684,0.0
0.06645040129126248,0.14840666062615157,8,526.2147121944384,191.07518764028654,0.433208775461383,72.37942549421868,222.44091135210687,0.6858383170299873,1.8424949531123913,2.697859674134391,0.0
0.03569806503914982,0.11381121515879285,6,365.6699553793211,98.13094272220178,0.5782609530327055,53.030931285729686,118.10954476037716,0.6454156876660663,2.0921581848272393,2.5730096144520416,24.3885064502345
0.022521827439832155,0.08912263981838581,4,327.2624761603919,129.99547369920066,0.7108603216580346,42.626441359282765,135.04592649767687,0.4423533467837186,2.2273944678758935,2.9526209990679506,62.42265267606265
0.03934861782333484,0.12459153373482948,4,463.6174322794618,116.82517913617518,0.6891463243174752,52.33807535394939,145.6587152180609,0.4011609426709638,2.1237020376823867,2.7082045783983184,33.857666164476385
0.027783871446340456,0.09114588943107495,3,209.68804081200332,46.01884975594911,0.8089441810848474,46.373103022031096,100.2691576490141,0.31775510293649933,3.151739657021829,3.7991750642857505,68.62461829749083
0.07498352665561234,0.1468121266891495,8,542.7991472893677,122.66344992568797,0.5089267595919102,99.89372296859537,233.6403006874179,0.7070564498610825,2.406751781116739,3.314024556063555,4.381987645854561
0.024634129690970237,0.09959634556414974,3,211.19381960182608,81.10696404249343,0.7916901450707305,58.85777652567102,168.13532807734535,0.30203365086903233,3.949772829784272,5.747774058162935,68.44993797307545
0.06842062315726803,0.14307043492905716,10,550.7710057735612,207.1927870791087,0.40973063713357866,83.71381164586364,256.4793036723052,0.689257642756345,2.111080045486837,2.896225759610398,0.0
0.0314937352487743,0.12164847636139327,7,412.44777063353445,88.5120151684552,0.6003815130870827,55.96958726091065,194.39516113895291,0.58492110805785,2.6287438047755334,3.4472984573077046,23.59074569240692
0.01680586203034923,0.0670470540131689,0,172.64174701107547,36.283137736016904,0.8583991451720253,24.16672279226108,66.42388815352938,0.2081844219327267,2.930174850219333,4.044947884111694,98.88448444234783
0.011246712118053752,0.07950226445324889,1,155.0849682187664,36.640846944247244,0.9435709888531708,28.181314116161428,81.28546629539998,0.25466075978482505,3.103123849358159,4.092470948933593,100.0
0.04898648644107307,0.10869448982065992,6,312.5460194630829,62.66519882644253,0.6243728973750649,71.54242765250429,161.5421385025202,0.4471842250943709,1.6757416288520595,2.2557890031484793,27.956200410984625
0.05956390572297955,0.13864645349643642,7,517.6451000444564,195.27008832617904,0.40022084244845196,99.44895331466238,251.47215541680345,0.6445492162391778,3.1998451787595177,4.731256367103546,3.9493834494862865
0.012856424659042817,0.07827014572122074,1,152.9832140474072,33.29688192273427,0.8523277350557343,22.088234132477183,59.15957058220233,0.20230100019376235,3.0525730917608582,4.474621097425028,97.16178142101194
0.03455960571284768,0.12124213981559458,4,488.0057173681805,128.96139231328073,0.6689329728128893,63.403382386418215,216.04444152225764,0.5237988701558086,1.6833906133680572,2.2211769370623102,26.173788985592537
0.047318643291162914,0.11327241653827912,5,321.9367328086621,72.87202345798657,0.6053010361370899,71.39172645209551,208.45865597253933,0.4145930647207713,2.0465125471430774,3.0422438012444584,24.334419926253936
0.041855765089904295,0.1050718844879842,7,498.24453044135055,176.10798832049122,0.6018195399520535,68.12490635618414,206.13629535447316,0.5770697957051761,1.7053561087441382,2.1748795864107744,17.902101565053712
0.02012781098699474,0.09578710614313178,3,338.1684774202435,90.23930855360169,0.7162461001986948,32.06991057594525,101.33804587427636,0.35440024787970764,1.9738231706711091,2.848805122324328,61.97163903818713
0.028474749601585577,0.0856899382060174,3,201.5856172512302,43.68985045241955,0.7712829970955272,31.32952842319133,86.39775747922592,0.42392979606809544,4.072302315873651,5.311965388428337,70.32921103874318
0.04496812251315774,0.12409610259065923,4,339.16810404481146,88.5292262578044,0.6102406479279909,68.0964483851102,223.51534886174633,0.6935022958782745,2.288708831767341,2.945329921439899,30.194246956995492
0.02635529119497861,0.08917663386275222,2,342.47484448389946,106.55955721534801,0.7605118002292682,37.91861229547396,90.0800792443648,0.47842502385674973,2.5987852212216214,3.1352667576224076,66.97092267087783
0.04739050408931014,0.10963760950789724,7,315.4530927463791,89.71627068593442,0.6418820564716359,73.52908443484255,248.40896159011888,0.5759191306955579,2.672026018406529,3.85110350746058,25.58563241377573
0.024926787961638257,0.09417477229727708,2,296.79725177946557,93.73459833428177,0.7428392626882745,50.26834483210644,121.03360771326777,0.36517334539537427,2.4118824380994814,3.4512885821449473,69.5559673814694
0.029903230382657926,0.09762784331830504,4,245.07986511201787,85.21683018875791,0.750904737532249,55.534578759747724,177.10081143443148,0.4156661687919671,3.1454225077036675,4.66105785901439,68.37255199594026
0.032188429426974606,0.12807027888900827,5,338.3813659591673,90.55534982719233,0.6832502449212264,78.16691855507517,251.4430095305381,0.49548544943314865,3.214928602844995,4.5744120408961235,27.755295239979407
0.02376405878283872,0.08905715948457706,3,205.4210721157829,63.935568107197845,0.704435158568156,51.6663476910225,180.5156846217779,0.3404013751976625,1.6666640739760625,2.0747846867060775,72.06410091597104
0.04496027643183694,0.115705698027926,5,461.61010207623997,176.62686641106475,0.5871015754180722,66.17231373073335,180.41487871894608,0.5961503034024229,2.6147577675999902,3.473598442799813,18.08001951715024
0.04889551935484209,0.10765585392280831,6,440.3529029195836,130.44403513674675,0.6037054422760684,60.54199566188942,203.83202872304415,0.46993367128978797,2.0082639029815814,2.5649295556650156,19.4662444593519
0.07516867703387464,0.13339200016898858,9,504.841406863078,122.58429480259153,0.44350624423882606,91.71720503438975,258.22507440432804,0.6000752329869303,2.9728265289279676,3.8982119146536722,0.41925328540804996
0.022529994462353462,0.09208966359451705,4,342.3425491547495,120.13281554980448,0.7623377262625257,40.1906009955702,85.76099860916909,0.48753719054949635,2.783990663019658,3.6430800636269822,68.33391688728285
0.010251072304992033,0.059349069866377564,1,197.49038115486033,72.3782926015128,0.943030853534049,27.698488758393452,89.92606208390612,0.2522290378604813,3.4495511723460597,4.725805873231412,100.0
0.03514315094373086,0.10314524183287326,7,494.3490854943348,124.968461778975,0.6165035335155549,65.48616242472153,210.87749637830083,0.6945875322891809,1.99580643045209,2.485898977845799,18.23426488758462
0.028340859735132822,0.08196781115706762,2,341.20991493930563,119.92516030565422,0.7602167968055963,56.84672733861451,194.63062801684683,0.45506367812239723,3.176860651434832,4.000433276648541,68.97422957798406
0.02864082227520944,0.08081501344709453,2,347.3295544053683,71.59252465102183,0.8494901882671287,42.25638529717898,105.60971718094648,0.40560566412382293,3.060180091512639,4.128095991784455,70.3296046489146
0.02310651945992857,0.09284868902987653,4,296.8690882845601,77.37582186644156,0.7723731137995079,36.15707513461132,122.77985332355904,0.31205597713039185,3.604621492530801,4.4326157388036815,69.60850151914254
0.02350233902135499,0.09359704334884338,2,307.93777716728073,105.76757076924106,0.7667079945303504,36.50393504158119,116.71895616972179,0.4100309689618987,4.05278016453687,5.6584198524809635,66.81967293607742
0.03192481671615573,0.12816919833923132,7,344.9396574874381,78.87410069956302,0.6000425322542339,59.68387775191244,192.51133619391769,0.40782047918871167,1.5607965541782418,2.1923128904412925,26.59304597865862
0.04475087589701298,0.11582042396101155,4,414.3820142539555,119.08336385431,0.5683410854376059,51.34977339338151,177.2408034222676,0.587037629848134,3.0622070955332563,4.124105888492037,34.9550353664866
0.02627156268390454,0.08535482362805172,2,208.5100094329629,81.03780497032763,0.7641987165515204,54.17661654110913,160.16256022890087,0.4818780052706591,4.265610856926188,5.287329045122849,72.54279309615755
0.024775636885122892,0.09079496737605779,4,241.3663867530836,50.253701556488366,0.7931206694467934,30.029945433694316,86.22657164981432,0.45904029184165507,3.5063472793194537,4.231635415061044,68.16700108888624
0.06119105691970712,0.13575812189625336,9,555.8418080736718,157.4895305366076,0.4334776994257439,97.08406107686402,212.15714812438634,0.7062234921753289,2.9466294373559894,4.386701993658374,0.0
0.06271139592409172,0.14836287703659978,8,426.36304438679855,101.06999011279349,0.44637095385375236,88.54378134377443,245.75658707803453,0.6147645226711895,2.2203934465779804,2.957399543469125,0.0
0.04720467665472661,0.10993736793919527,6,367.5660131697344,133.28152503915712,0.6661621211075962,64.32833479061946,222.3146688218688,0.6926929891558307,1.6702040957960278,2.48258147961299,19.786385881329927
0.03130511858714101,0.11430492424458089,6,432.67728084591835,107.79670691009376,0.5786856742303056,69.47977564302803,202.71172029264355,0.5474149803189304,1.7550892801315483,2.1171408293952223,18.098307732564294
0.029473531637715853,0.08794197901708374,2,278.92495705609895,101.63254760801965,0.7494653612309256,31.269302538400293,109.01383575744605,0.47205911621366103,2.219778944798451,3.2682633757806365,65.23335384985626
0.02254698967987013,0.0856298037980216,4,245.12082925432415,72.87046147715054,0.8175140605417621,45.78611852601133,106.47503157176335,0.43935021098163296,3.81792432385829,5.061579601313386,72.82676734427764
0.01709922496336801,0.07411171798426507,2,199.179495738122,49.81729783424744,0.9160702613972037,38.23047269250665,79.96458764539494,0.28224001628908096,3.482210239282132,4.365892354169317,99.11286256688157
0.020129415916466737,0.08051604358127268,4,342.15474342077755,104.27674177669331,0.7132743227607157,46.56431889155821,134.494304310261,0.33259750190694837,3.2136180923155506,4.553599923260032,68.94358803506097
0.016021144366051395,0.060188529102071196,0,209.21630342834345,75.51362183912416,0.8576479255528237,38.66076744949699,111.400401604953,0.37072832291698343,4.110384951980114,5.206154830898257,96.14141081661926
0.04008626990530427,0.11203016595542557,4,326.4527150154547,125.34582789243382,0.5529523175589595,63.48883870876868,174.53066327217678,0.5636602369543593,1.5686516034823725,1.941015481144434,31.154012856180156
0.012603087160004078,0.07008804507299086,0,187.91898930951373,43.98996476925286,0.9126520155932849,28.016374908198557,74.95952186915328,0.24006312511739128,4.362831175761136,5.554216995677003,98.85531286276377
0.040792011639889374,0.11220078616566763,5,406.2670366075223,84.68233279850628,0.6617491861425556,61.8773194090355,158.02090003475237,0.6042721262652204,2.121326667895804,2.9495460718084927,15.955693358198209
0.018515178675628473,0.07344952419990161,2,241.83999961007348,51.651300822148,0.9405041314318474,28.552893058452533,67.94988483464475,0.20488256328614443,3.2871750026154762,3.9482582538191404,100.0
0.012700852509776676,0.06334216222153584,1,190.96391629191365,60.503004525782465,0.9400694229819273,21.580810820104105,66.56317277144504,0.2240705608270494,4.153104430697856,5.540526462949527,100.0
0.018168981233944434,0.06863376973679419,1,189.9106498985323,41.62678567771368,0.8962527052642415,26.696050089499778,70.40848476627197,0.38193399764631103,4.209347761867473,5.732445027312681,100.0
0.06230001610125163,0.13214738316274377,8,540.0982638230532,197.6728796959084,0.4822706473194283,81.00722491455205,227.87336320978898,0.7052039811267958,2.9090029409169484,3.574447116897507,0.5648049899970164
0.048917372143668446,0.12725400697630984,4,406.54155626886603,146.98032805176297,0.6356314360750045,60.36353634986934,124.01675153896554,0.5382351437664858,2.0851667263961806,2.767319573571254,30.360068708809514
0.025199283471956057,0.0937913028456614,3,254.16967151312494,54.51865065453977,0.8493721387253067,43.00262663765741,87.09105758556235,0.3598490946181114,3.056466137764082,4.301229732578993,60.791108519939186
0.025526216166562685,0.0911475395179872,4,325.9797535785201,123.71767668943299,0.8003669096887829,53.78597003250706,142.58936799715414,0.45493948621945945,2.947915679926118,3.7207959097991616,66.47333868147288
0.024264335392409464,0.0956417850462247,2,242.60336733343559,49.19450711110902,0.8178766015183649,46.92714024003542,130.18731286703994,0.3275881139407365,4.221548867850013,6.024697913283233,76.27996500232392
0.03669908467355028,0.10050149329389794,5,459.750828849518,154.05396687359152,0.6411793245844845,50.97567828231102,130.07612215134517,0.6273227147759755,1.9313255681510215,2.64289738595006,24.176750040469898
0.02006283516629008,0.09211437615730718,4,326.59778322389144,120.1298227969544,0.7851738388789445,48.99220553911738,165.17277907658018,0.4019596673397243,4.085093303788558,6.028881512961735,69.6346183137459
0.032363383326959774,0.1234775594364989,6,452.29292471620266,128.97429046661958,0.6631355961698906,72.214923643577,220.44497935093497,0.578796415325985,2.957424520671874,3.639572837375725,20.915606757904214
0.024107207046092084,0.08393935850201119,2,274.56894493996947,96.07780619720144,0.7923841025265381,53.18700639419688,167.81257678295245,0.4922130709009792,2.797846832249996,4.124400158662974,72.93472149121347
0.027925004045339836,0.0896897592862223,2,216.54131921248697,59.5456692671359,0.8394319601263494,43.230143630752565,109.88219924592721,0.3386439149490829,3.123766259939231,3.9865052750064627,78.32088317442297
0.023454025182728728,0.08793594088606158,4,256.8974484260031,57.76046284557199,0.7266684541268629,45.2665348749933,104.6054081858736,0.33524876993109193,1.7084033264570262,2.127934393038793,64.96192573506741
0.025158249785001186,0.0876110284596303,2,276.34112239956363,105.57202534441534,0.7040160001229667,42.39888353419805,144.8964836740301,0.39392941668200226,1.856946248240656,2.758027045490073,67.4213112586545
0.024886580360292485,0.085648209650448,4,337.83434477090316,73.35710646060542,0.7607510365182873,56.770648574808874,182.79965869849582,0.42618822517737065,4.197148686304239,6.1101957128622235,65.14560988741768
0.043625444564504956,0.11665738705127725,6,408.9832511897239,138.73949414898217,0.5761018122386645,61.05083654455849,203.66959476943552,0.6871780751577408,1.6456254543728543,2.266519773741812,16.404908900506953
0.014996628590173604,0.059386535483374185,1,184.95347038678452,59.76189241915614,0.9009877818318011,33.5923399042997,108.27873768201813,0.2245691888912935,3.3308261233117564,4.739458737917596,96.28351405326445
0.024744103243791192,0.09839140254439936,2,212.28318438787713,70.4593794723602,0.7225201112243059,43.46403815772922,110.45440584297305,0.45199485184553506,2.019957145749636,2.8770154352977095,74.19107661328924
0.025893014494098945,0.08320084270458858,3,248.03163348813345,90.81240409388185,0.769394284260947,46.66936826255777,131.78434876426542,0.36911749328637494,3.8576748331625437,4.774560637818794,73.26149024236592
0.015806986081602192,0.0761954745885316,1,217.14951728830528,45.35270242862879,0.9336467564852761,29.176257748368407,61.315919339854965,0.27178011348244757,2.8573042422574892,3.9835383972574054,100.0
0.032562981618774516,0.12299826617470515,6,382.37491429277543,81.50582701597615,0.5594635259853147,53.61985671332132,107.83251736810347,0.6613072755324156,1.9331753982938449,2.3796837848431602,20.014869137881902
0.03916659996774357,0.1015524696635855,7,317.01829102238713,121.56786834131343,0.6264112993015757,60.812553521088255,160.8738835472595,0.47508741810221283,2.6020430930677176,3.3974455548583156,26.770191564539495
0.026541016255931287,0.0918725302091495,2,210.109066208411,66.71805305971007,0.7158531114916596,37.188742730813054,115.26329150007494,0.40491437711856465,2.258743920506663,2.916497289413664,71.31990977383981
0.07639814086395144,0.14803419856139294,9,514.4459124475364,186.8666333482467,0.5335241230439602,97.5120877426721,223.61162735780707,0.6179866474253657,2.025759649293043,2.8654707096602747,4.225527424326944
0.03846706814491736,0.11878000854902344,6,390.59501959825747,90.65349839742298,0.6751325503550233,67.44902958834918,138.69474915201124,0.6555331973418439,1.5001272802394463,2.1271537344452036,20.398355007420626
0.014973205534619886,0.07981475119686748,1,226.29916211226893,86.50684301745387,0.8542928110313297,26.845912818182672,54.77144380601103,0.2840273208913991,3.757634311912402,4.720079250701742,97.63637106693817
0.06716874826983513,0.14110366324967216,9,567.071715417947,166.72449761341903,0.5402546370476939,95.85367064487748,278.9138745302082,0.718727229645144,2.6641426250138585,3.9703834014103156,0.16407777736577978
0.023114135551661558,0.08776522648482978,3,287.8895008934114,65.60829837576469,0.7061260620313804,58.146295862843075,117.12996027749952,0.48558794529916915,2.8209385837746135,3.893159935610829,69.21084795741847
0.05465542923944878,0.13158419953978143,8,512.33546737159,153.53837863522315,0.5154815226756752,88.96337625252536,185.21616444914048,0.6548628054964576,1.7633984983219735,2.6427235979127746,0.0
0.014541431597836881,0.0790708734866618,0,235.83828440064968,73.11818765377807,0.9007447316947882,35.48628734969038,114.24941108751774,0.29607567634659204,3.175087770954715,3.9572944007917616,99.57880703119784
0.012096921907487238,0.06111557472576529,0,225.68964596449626,45.507300527894664,0.8535704578792316,35.967243722070506,117.40396881816918,0.3592216310664479,4.244240460278689,6.294762214069894,96.55995051379881
0.02052579642971515,0.0810347826725761,3,211.34536852882647,61.99537020158492,0.7590913997854366,31.103874499666716,77.83370400284382,0.32387660890405323,4.082627199121857,5.085252085245523,71.67686612555967
0.07200196723277706,0.14139029441701156,10,532.2672533758684,197.61836013641616,0.4257887861417339,91.566520090363,247.06351417282144,0.7156520376481639,2.1689700404900902,2.620548555057241,0.0
0.025273393347942385,0.09932511039494528,2,344.1282876374991,115.19706154132008,0.8188493643167706,57.26899970798485,144.79097904813167,0.3731436749016507,2.8212034046490997,3.613210700143768,71.8913713769062
0.029471846051974455,0.0845081909719048,4,328.37314570927833,104.9216886715756,0.8130411936714088,39.76060381479531,132.05425576405588,0.3426057933990518,4.021273835189418,4.986021334341104,61.246886498517775
0.017571305324298875,0.0793427660058341,1,207.40711231870517,52.44200393819462,0.9154600669233212,22.280954480402116,74.98184015765173,0.3645890766518204,2.8356012909628174,3.5220188146535687,98.5252892137524
0.028391723825488435,0.09199806428775967,4,251.47832342513422,70.56734730550838,0.770399401798485,55.51079230771641,117.29454509571768,0.34115999689429133,3.683196717126382,5.094234988443275,67.85538895143968
0.0711326860522578,0.14559107852501435,10,563.034719597094,214.20891878038103,0.433741516278501,99.01934339534345,330.89827336844075,0.7541213358571283,2.402830930760114,3.0436667192081184,0.0
0.014584080614121829,0.06942429073470673,2,239.84542614055067,87.53704745860621,0.9005694537710011,37.85666697865786,95.15598984864114,0.35012149277874477,4.28944027356563,5.455528267627678,100.0
0.020062050970928526,0.08818333804343517,4,263.51258274910066,68.04623905027135,0.8340044038698385,44.14680203154962,112.58818332561219,0.4792325505008692,2.7706867392598173,3.364946626956384,61.12055220024593
0.06561105143669411,0.13691650696638447,9,429.0833390948039,99.03596544800168,0.546108971878976,92.58763830877089,236.7809022041621,0.6800930578042396,3.464132278389466,4.829235124010421,0.0
0.02748119529132519,0.09911590392874654,3,213.37212198772275,63.767743191653054,0.8123190347858402,51.747705496325565,107.64659094719121,0.44511287698618823,4.281411917576591,6.164226890762151,65.84477937793243
0.012813941088986449,0.07846333401105814,2,200.66751941660084,77.6610637113933,0.8994060351781414,22.464075034002086,68.56018086556189,0.27581727684061225,3.89491200079482,5.343450096748481,100.0
0.06707857996598543,0.14618894720320302,8,530.3582754907507,173.7039872899922,0.4615204748339044,72.69293664730554,188.24180583781876,0.7992557090814165,3.2576022036098395,4.572591318423643,0.0
0.012997623215648027,0.07072827620941098,0,200.70602256267432,41.57764896246588,0.945279054239836,35.47912860357515,77.65398064030703,0.36762096758773477,3.082573858194892,4.044991440013681,95.7244122070322
0.020081178140285934,0.08750519641990674,4,283.6601497618216,68.50490145636489,0.8177368003996888,49.24271486171373,110.6749621798627,0.4781427110034424,2.825036643320445,4.084275187149354,65.26719555423463
0.020406217689440113,0.08916556557024284,4,253.39314176226475,80.62569452034207,0.7944721119012315,40.041407980185994,112.27561959008425,0.3046607920078349,2.7772226150846255,3.477301580262956,69.80851312378032
0.023628408286203703,0.08361571040671924,3,316.7401659391116,71.70747399772333,0.7294813706318841,43.190433544831535,143.12051282885048,0.4068276107476713,1.6619825552603422,2.3354635307631058,68.83841009518203
0.05267342521386649,0.14121012667373906,8,465.92256006995984,164.28498349587343,0.4093409478467299,89.55590445518999,217.48949920287575,0.6282850798170005,2.2839858480644404,3.0192158969941265,0.0
0.022911389334690887,0.08979082039984924,2,296.21584108830183,71.70735192963073,0.7978424353639727,30.215781433387406,85.37513972642506,0.30034054489075446,4.092507654759846,4.931020448209197,69.46675989485027
0.010090423758005621,0.05734435574161901,1,165.31969578707978,42.33655350597928,0.9489784375902771,32.39959113254263,99.19645990056438,0.21739203364527052,3.4710878598065618,5.1738728757254675,99.04193989251591
0.04103365200509047,0.10931582153492911,5,457.9533785274466,161.13420808091823,0.6765495292866922,79.3127348015713,242.60379685752528,0.4627966445342368,2.370059126338557,3.1700944656078702,21.55830171447239
0.026981163788739944,0.09224903019779515,4,309.618764239832,110.80463323714385,0.7122505170406704,34.06722710852208,78.35225324337532,0.44708868558276427,2.842269011823302,4.128584098222833,63.328306087453385
0.023409965761671727,0.09303628459480591,3,345.83255081820687,113.24529684039061,0.7314321936576796,34.6258663614628,97.44928288994971,0.3368852861676869,2.168515948543999,2.6612612275780227,65.79023442670885
0.07952189611228555,0.13437758399399322,10,577.9363571231102,130.32017128034022,0.5403433209456262,73.50739180598077,200.00343379003837,0.6167104247382503,2.7812190894847717,3.390713391409408,0.0
0.016725553599053006,0.05507001532452043,1,153.15082094420325,41.34522833540364,0.9261176702777268,29.720597430384707,84.96957026396822,0.38078590316096017,4.115537684275607,5.79539637221455,97.31732690256199
0.035106568671160784,0.12032911951598638,5,487.8566316035189,106.9262428711058,0.6036443121600976,72.64095315011525,162.61450572372877,0.6452761653167887,3.055654385854203,3.845835951727681,16.203562782310737
0.05088310543183571,0.13293187220556715,9,524.7849818178721,145.508275404061,0.4937843579765029,77.34309327305657,195.6658776627836,0.6716764645881507,2.7678608867490464,4.013277315572975,4.556363193730948
0.02160933246414908,0.08805553121720937,2,322.24248185741044,110.91737112932717,0.7985419093242156,35.29981945863905,99.6518702791137,0.3221505476850354,4.392919800107838,6.48248989215851,73.77106180243355
0.04593514195917756,0.1022906195056319,7,311.85230202777814,71.9541467065829,0.6204418088642406,67.62325427488494,142.98341004658607,0.6556698840850964,3.3803632585440964,4.40329622069857,27.709595551595626
0.056120039692271056,0.14927741716517326,10,553.6399788110939,122.09937847521752,0.4693045094998581,74.37182337804285,224.21726822102443,0.6568805436413482,2.6822165882317055,3.5793660605640594,2.729348022225271
0.05788969684120621,0.1301501116989848,7,504.1656654912396,180.58048345817642,0.44677986166058725,87.58109325421646,244.43033057014466,0.7700109031549628,1.7498886709932715,2.2243500938870797,0.0
0.045922981569378275,0.10718697182688844,5,302.15766957506816,72.83395486541319,0.6786755535317062,55.625445584208656,133.39736912224785,0.4030242235811783,1.7262364110528308,2.4749512951014214,29.482199012168678
0.03231729265588908,0.12138678812710375,6,493.0606536369417,189.04451002107197,0.5759036831954544,74.48060782544457,153.94930635380092,0.45632584105134,3.0620621572723277,4.577552712309796,18.75609646379162
0.024055678283676767,0.09829261958315123,4,340.61961999411966,109.39446528639155,0.7429145183923029,30.609204705261522,84.04703441772551,0.39185171612733355,3.4767391770610896,4.553205952405296,67.25409597498266
0.03628901695860406,0.10407353052446158,4,329.6467202405246,75.62632844650405,0.6003350019956143,51.69813912897061,111.62741854562495,0.6030739919885383,1.5435768058981052,1.8549461022813458,40.50261464781252
0.029728581154987187,0.08384878785514187,2,330.093872069348,126.64405543066293,0.7105589273468351,34.737044157067785,70.34486456004367,0.49573038557360777,2.185797518970815,2.9253598916832986,70.80810551607523
0.016839095948072633,0.06863523383171848,2,234.09391861088687,86.75320910595926,0.8817107696056192,36.28526881387792,104.58554278201936,0.39294876704580334,2.887335454022785,3.5413812846143777,100.0
0.020142734340998874,0.0990591156856351,4,259.581361516502,69.53165027188648,0.7484875265118015,57.26634578294688,159.53866505439078,0.4486559201513238,3.456467374857079,5.018823610527673,69.5885891678602
0.02012842080895998,0.08966492719906864,4,239.3915461631373,65.48143507496732,0.7391263399407911,56.436738875545906,135.56424842670967,0.33889687060891993,2.15839306112571,2.974222838300125,71.55619299725159
0.05473257228401159,0.1392355656165909,10,586.7965903769432,119.41124062524422,0.43516745146183416,73.59256498186468,171.3835521965429,0.7680314772643099,1.9032937809110133,2.669535786609519,1.241509156014462
0.025300849620955954,0.09168834717541699,4,316.9476329583709,89.80783877247765,0.7833238661081081,37.280719144652785,114.18035164555005,0.39825369233396674,2.6931007214141722,3.625767239782072,66.16701901897108
0.019076090702636935,0.052226644201128596,0,245.67264497861524,83.09326937737116,0.9024588979629995,29.00397631263783,100.96060794392591,0.374219007705179,2.8300907017080625,3.6084365606847815,100.0
0.013697769845453563,0.07948654932332842,1,242.36022476510794,89.70796957509786,0.8767293276046003,28.207657818373796,62.02742990510705,0.25064322819269413,3.6608493686360646,4.606474460335711,96.2493879651104
0.029718312151014985,0.09009502513017396,4,313.07655203562604,116.28742060872806,0.7863046548317708,31.22531937460257,96.45981231950863,0.3704741777070153,4.140478797140347,6.038046606683327,65.99916381023256
0.04017110284872399,0.11907249459398439,5,402.2873570287699,80.9266555728593,0.6867507025289642,50.86131608848138,105.8084139635591,0.6045656935775923,3.2034742099999347,4.534468815774442,21.07825397493175
0.027850126499622686,0.08831210576664611,2,299.0662879097895,84.5528265282533,0.724500859349436,50.34094990770923,126.31122076404873,0.43398610335373144,3.07348030993717,4.086571226709317,66.44015348567476
0.02070209661474882,0.08820906301965928,4,257.32384747658966,88.98790005164491,0.8448251664381515,36.3095557328585,98.34873622845232,0.4534474309655398,3.0256123780843787,3.8511122913756526,66.77843955163307
0.029770255378271958,0.08906502955010291,2,242.49120034778383,91.00316533850432,0.7957093407003748,31.11700343724614,71.99589574210457,0.36227088143408953,3.93167509760642,5.5550951128022,73.1911626538082
0.05289266419704963,0.1424109162913603,8,511.9854411272762,177.562949339675,0.4564575631151087,95.14954910374993,289.27910381462647,0.625835817269559,3.4167814887025165,4.320405760992401,0.05878189089107089
0.061325234782170626,0.1423985010826011,8,438.1744010103013,103.21675212401244,0.5273093415503974,75.98025664086617,173.63254974581807,0.6994709723066402,2.507945091751137,3.6403355173763914,0.0
0.04392365885669412,0.10002120327787407,7,307.1708249759824,105.58701174075657,0.6886610183896235,52.30155461746654,171.26349750982885,0.6708935911259001,1.6556712096323085,2.0076644628715394,25.05286237045685
0.028001824367173505,0.09329104865918789,2,308.46116715062465,77.49513149044743,0.7159849947681307,56.94330014032723,129.16915358402758,0.30751036289389033,3.0472438887871878,4.369461310544675,69.73013594653067
0.04775422398907457,0.11828835217618186,6,418.047256492028,160.5561636911979,0.5562164979868195,79.94388802701675,164.184970459547,0.6856954679180376,3.4631917298374506,4.835868914523069,18.275856949668547
0.028572764938690744,0.08221761325103484,2,229.20512591841322,62.43531218471177,0.7422212950491007,31.67867090089086,66.72740574486978,0.31655457516692087,2.372579032311556,3.1377984872003086,74.6708715713304
0.012802713687815048,0.05208547448785854,1,210.64080239651827,56.85390349124164,0.8944635974318478,37.23564128413066,80.67085429700307,0.2936240300112921,3.1606511559173347,4.525460928368255,100.0
0.02682086792193964,0.08288789779916143,2,333.37690328684107,71.94127242413063,0.8214444986555413,42.65831177310647,93.62168847498614,0.36476143618616264,3.2121429815549263,4.489331875337458,69.24717946907712
0.028764158395510837,0.09090423677662388,4,341.21550488601633,79.91863603257391,0.7942716714326405,34.812022901119555,103.58810324401001,0.3466089283666867,3.1063434974488056,3.80382011956454,64.248800326396
0.02350764221912632,0.08617287540230377,4,334.51988779595445,87.65093630570969,0.7513611417074778,39.45603266974567,120.16287900814179,0.4174384037951513,3.147021289812022,4.535189339011406,65.66566227633962
0.03880024505846778,0.12706301061219072,7,472.5873687291344,110.2810700067236,0.6902470390180413,54.37969274423604,127.5037013150033,0.6824888402800109,2.7910414617188097,4.044570706067516,20.0078710759731
0.024758530841246868,0.08373534874802827,4,311.0182013920798,94.22183538249416,0.7649840441771396,31.433202649025063,81.53590996361191,0.49893528821851196,3.14467951942819,3.900884588624261,63.30024716735815
0.07750950415452358,0.13238530707465498,10,513.0910568116941,106.41411825368107,0.4745659936043196,96.14894533466018,247.083797785006,0.6580179171089116,3.3507540125484967,4.2327313427073,3.587439132954943
0.07224995827635738,0.14794175234550289,10,458.33086751534984,148.05744638954283,0.5364614618514872,75.21388959112552,180.09145842664506,0.6690773712246314,3.2658654057695315,4.873501724804197,0.0
0.01967089776093366,0.06396547070096634,2,199.46441933716548,79.523597468394,0.884966346932758,29.911273652561782,99.66357280158017,0.2025309359148418,3.2277121891284257,4.3153079345550065,95.77547417080001
0.03988146609400419,0.10551454402154556,5,405.3810895232371,121.79887428165583,0.5603055798533367,68.85859662117257,168.27541687761084,0.5727758623018201,1.784142623186211,2.3952079029326074,22.064288863767796
0.02341541041888774,0.09818828989176605,4,257.33671494552584,89.71531763947156,0.7649038919031607,41.139731307201885,125.63996446826775,0.47782571212762226,3.317245793963435,4.663385149300263,69.58172561462544
0.012895205409345545,0.05280142178976882,1,227.45347014715392,90.04365958520059,0.9228583172666,34.13414769153962,103.1596654141012,0.2270864958709692,2.879952002641523,3.688855603137136,98.79621539148619
0.02552299231289021,0.08174445973838051,4,209.8895509084454,51.347381937330184,0.784610519799591,30.659183304501553,74.78285408392088,0.30632532247604194,2.6431098257267687,3.8403478625670915,69.59814249464584
0.03486463658150293,0.10895387472045678,4,336.09227857292797,68.6567888276052,0.6040420541840649,67.53299014797,196.72592051359277,0.6408256153822559,2.947878689651372,3.8854634926596834,31.69102361312887
0.044601116545333615,0.10355511130552134,5,436.57876215209546,101.47364476623795,0.5613075653834962,79.52055784225129,223.54449709329896,0.427514821531424,3.232614490195186,4.315021303447189,16.832433734777318
0.013132855552111444,0.06422318008873604,0,210.89049065652574,51.21182818610434,0.8769239298635517,24.616872842806355,61.23721984939953,0.23889150269212564,3.4566535949254042,4.634505616889972,100.0
0.02176262499218403,0.0901523657099723,2,284.34658709340806,95.4992708925114,0.7778400770990641,53.7824783519126,151.6230211590619,0.34184016507917797,3.2429050328657825,4.292138166594041,73.76735064480509
0.019078315650828293,0.07621329677329863,2,172.8791112274678,36.22660525543595,0.9401913492601219,28.138687864721984,57.321095183629026,0.2119744361525835,2.5192310134026457,3.0869067956029554,100.0
0.02199998005932569,0.09195783697908601,4,344.74155938723834,104.2013774367354,0.7845199553625277,44.32075454426709,128.44687247578284,0.3046755779015914,3.394708480024949,4.078976245751654,69.0832974575661
0.03886536909020116,0.10856469356462635,5,392.485105385179,146.29178842205488,0.662671387719526,66.02959196082959,153.41148851087692,0.5299512089925076,2.818224443656781,3.4951806759812785,17.09831855100549
0.04534795443471091,0.11319119293233383,5,364.94208915082277,140.3813288252221,0.69971874939817,79.61167702907655,209.45876852708625,0.4126424507469048,2.813243844075497,3.625799006852547,21.7828011091092
0.020069159597721896,0.08011136723419524,3,345.2754616451346,108.81560232599912,0.8494719395269594,57.687143761962595,186.01958219052042,0.3535650661353878,4.12058177474459,5.6794061520477825,65.52164397031056
0.02855609265329015,0.09521406699767972,2,298.4757729638669,92.145985884929,0.7665088741164162,48.08102832968278,112.32831300516212,0.3571147766513564,4.015866957722444,4.879803362915376,69.58582590440874
0.058950804657504956,0.13304569181145356,8,565.6552853710987,208.93812683795463,0.4347085431487063,89.15652806683953,271.23384417118706,0.6644220566125025,2.313698923336994,3.3241736449031705,0.0
0.0348396267294801,0.11217815231485573,6,325.09529187357333,118.42210006816671,0.6308008782441885,61.26940109731459,163.78385688913357,0.4670206320555991,2.0073155214350855,2.7818511775219634,22.65710019269434
0.011563561174375242,0.05001845810564914,1,236.01430329039337,89.05378800519489,0.9016800046883418,33.74252776599657,73.6283822186318,0.3975960962302877,4.2928624607798955,5.480707431005004,99.31392520079727
0.04753344646600177,0.11868275440068628,7,338.9598692435321,130.74447477308013,0.5676265497339603,67.68472179743186,157.50325988955896,0.4642593248888037,2.584529941065713,3.8740950396391804,21.110930048826976
0.027931515205045426,0.09558562438709861,3,306.37064344247693,115.32658885517547,0.826433578833635,47.19910355483059,129.3854742823687,0.3274399826460927,4.212127830912004,5.526563305752892,61.576424813083435
0.04030995101267936,0.12479079472287283,5,434.10659737119425,129.39809820743318,0.6835005991300472,63.71395646330185,152.2461863933278,0.5200174377432994,2.5034809421931423,3.4820802242089433,22.658868584427008
0.014231923757695802,0.05222566548183551,2,249.6465793947024,65.04480560664145,0.9427168527388242,32.61875589193016,114.11852526431967,0.37680171713536836,3.184400540733577,4.083624529588289,100.0
0.059921625951124505,0.1374336108714089,8,410.73485662472484,127.67316173942889,0.4953765007897155,99.90745529071457,290.98627992581595,0.7218177327939507,1.7376839625882574,2.452147495886886,3.260083512518772
0.01938709559391691,0.06659431656022087,0,209.71552638419934,71.59715705698274,0.8791701989940058,28.12936304784573,59.75424783140349,0.22080334434776663,3.066675927970169,4.375762503094938,100.0
0.047834093164869536,0.10251776831692186,4,337.7094687793641,68.43702743609505,0.6351999663864681,69.54480044996951,140.57716820416883,0.6012756527034986,2.127763977246188,2.567603176019296,32.43100043947582
0.027201421303946646,0.09753869206087121,3,287.9989974105107,98.68633514164468,0.8204000730585037,40.461195143235905,91.77462764806192,0.40260952723922616,4.013375661915226,5.7185286987242225,62.437572318552114
0.03412578430061313,0.1142735422249017,5,349.5404832293947,118.23084283326135,0.6100218814500545,68.00125859251364,159.12363892265395,0.49653073896867056,2.3942113356009167,3.1114872832569858,21.69565512453423
0.02957484017456537,0.09445942880007853,3,349.71582767956636,112.06857118305578,0.7510059009087099,30.38527632200466,76.35215310368115,0.48459122203912874,2.836061072090404,3.9164104827437245,60.814135367936245
0.027226663467300044,0.09896190718837934,2,334.5728323347081,125.9574418046896,0.8133061250521654,48.863028132604704,155.08554146720448,0.39641722620381087,4.004479732284084,5.82744934353873,65.45690820500832
0.02560716209692597,0.08814675452420832,2,293.06098389293476,68.43850702657612,0.700395190627161,36.985078321122415,109.67057642065295,0.4735221693892482,2.407035835310187,3.304413114554868,65.004252110946
0.0799482366808539,0.14014165866414513,10,478.56717376581827,157.01857575744458,0.5174550553367657,92.68011428145168,230.74777886798495,0.7742314378559136,2.5105448439733054,3.5333440447453044,0.7094030048250444
0.025993204678992812,0.09218410417557282,2,310.3664480934475,89.28886056145703,0.7544650163069406,41.17852168901245,90.06827269212863,0.3533899375515481,2.6516509760200933,3.8362645744342245,73.25215165773294
0.023578615465340288,0.08265717688764707,3,276.313973611986,91.85468888342946,0.8118831990169911,31.088526569620036,96.28121574441784,0.38500009668523366,3.2465632017231103,4.776997020416802,62.22916815481623
0.02872794998795046,0.09843158316544953,3,284.1644287534464,78.88760091181751,0.7595256158912806,30.49329439238899,100.9189621084315,0.35150969851098063,3.95306103893021,5.846531763313271,69.50498654854535
0.02783372682005081,0.08207866625432271,2,301.5179773474494,112.57647512196765,0.7367031334002083,43.71925356218421,95.5727272601992,0.34674264926253656,3.021009117922617,3.858613910503446,67.15385872526586
0.018721044491799784,0.07604111685736108,2,235.84068378711905,53.242834474741784,0.9380137685677872,27.31096789521466,74.71067903933285,0.27001774204159956,3.300324355047419,4.15930503413808,100.0
0.014211884806158835,0.07391432515198706,2,183.92933458707637,43.63721596972744,0.876411167774481,23.11544499155772,69.2819353530923,0.21577999591630828,2.5298129254065715,3.755885919750183,97.26793504498552
0.04709107337719968,0.1152921329307766,7,451.89846136573675,121.4030785082949,0.6833878829481157,56.713833538372185,196.313845882824,0.5647145660402209,3.149854925078615,3.9175008165385132,20.675108060874727
0.037506688517044015,0.10097048405851104,7,330.4581003828906,90.26851825373784,0.5562222473944832,63.58411801932699,159.78967945996976,0.5499800054178319,1.8251985157163348,2.579392976598306,22.66335867815112
0.05483782647478966,0.1338639294603028,8,550.5413800951205,152.62117595667956,0.44438528313456116,87.83868489510327,240.10301561148523,0.6387313588964422,1.7589560861329199,2.614840629670845,0.0
0.03647133055052119,0.10065412394916387,4,383.7138786268812,81.23450875026506,0.6624660696684067,79.51724167024862,205.7825453572099,0.6002926901248996,1.5895546313965985,1.9327976554470696,27.42802148424707
0.07934755732552842,0.14549484058632808,7,574.9368311727561,138.08602341944675,0.4679883228976541,71.3466651794825,156.78073493365696,0.7747699282289101,1.8851392881471176,2.547044298696084,0.599123692874789
0.05811589480589108,0.13379112965807738,7,572.6555820709481,184.36601524191772,0.4525175770741972,77.35650414589234,160.76207711197264,0.6572852021287211,1.6915888367833114,2.055339749282561,0.0
0.037966608383011094,0.10567800672490034,7,449.0201886132278,94.72241155129366,0.6716551435731812,54.00277415490136,187.35735273133227,0.5844024328605064,1.748165597744996,2.207655543003842,24.140996984146426
0.024960248193087634,0.09064195286706975,4,335.3747078445063,71.25958812144042,0.7767217359517503,43.04388092599733,114.52541647904526,0.4340381244239473,4.008236190127533,5.1765627182281335,62.75093891410207
0.023658146335018077,0.08383126430894097,3,316.1891958708021,90.32119714981879,0.7135937141351905,58.86442903506177,164.73160044182524,0.37781689097498006,1.6899119606352133,2.530940289257823,65.07873304776147
0.045716158126542304,0.10534804633755505,6,302.2985458788828,103.59654590499703,0.5785130872620795,67.98595936303734,227.28881074521237,0.47874879086950095,2.8473834472247637,3.8319872772321024,23.903516503851975
0.0233941271403531,0.09938976027732256,4,299.6447669493284,61.5922450163734,0.7009192827231157,39.335267677470156,105.69659952364852,0.34366718017345993,3.470881080611045,5.15105471423705,60.59548162225772
0.038796622550301134,0.10773777518699798,6,479.8737187902791,160.22787962337642,0.675566563551305,59.30819772829133,188.7005426983859,0.6462072155946443,2.545758316490102,3.794360893970886,26.387763027143627
0.022082047910255927,0.08954944987725133,2,333.65757932463606,85.54732511084654,0.7454531832053205,45.86740869114516,134.50567695878937,0.3811292560737842,3.057697810135465,3.7943483360861,66.06387188669568
0.02447244633607262,0.0959228104942027,2,247.61920977350692,51.873853847166835,0.7469475509539546,31.8978381388631,69.30097411510576,0.42449310343000973,2.9231518668058722,3.572469043653729,74.79389280610711
0.027148558353206165,0.09185542154820313,4,332.62257826082123,86.39886745925189,0.7004637779157098,45.11185568585962,125.68274479242422,0.3361145263503507,2.3194946412576627,3.3783870880392612,67.3188713743453
0.03503858959328101,0.1003325667293122,6,370.5795385043651,120.30397101270114,0.6745613502456379,75.0160006790217,219.51646051015757,0.5194195129328334,1.877274777110401,2.3471873828486665,13.579499932486378
0.041626357304020985,0.1095635063442025,7,322.0774824472643,99.36306588764965,0.6589692786701953,61.61650522243455,149.81000584171244,0.47965559429643373,2.9063020590207227,3.6764161707771876,27.344398748759854
0.026052458006521218,0.08154334172479358,3,233.50416790597578,67.90733346009458,0.7530353229492585,47.42620429770635,158.02949785064766,0.3547962814583466,4.37026101401517,5.691560922950213,70.10832043426554
0.01125300970391415,0.05602317617587244,1,155.75103032969653,55.480831382698625,0.8929699190241361,39.8525140188645,82.49216696753267,0.23597594015776802,4.1231354091991,5.464089350232384,99.75776923456938
0.022267332241955762,0.09739359425230977,2,276.60568397279144,99.07634258880591,0.7230243626011832,56.08582019425687,175.26029260475414,0.3810693713446437,2.610396108922198,3.6030413669955776,74.35537007671657
0.024130818382029857,0.09212559385752518,2,275.9631335563962,79.66883350842369,0.8399246428906703,50.8948786300295,126.56345516218845,0.4643889130036297,3.615953018412915,4.738284670789741,67.03219266184037
0.03290244827562018,0.11081145978426525,7,400.1104125619717,119.70271013701716,0.6317746958125415,57.208822914071085,167.72458981038955,0.479867927878705,2.9018090027785455,3.901220974742899,29.515799096525054
0.0707878095268099,0.14339443077403552,8,585.7870248154396,174.3638016639547,0.4541299966079175,77.42146143039277,262.66513750729246,0.7592715231845937,3.2948689303066536,4.776520171405079,0.0
0.07091619344911684,0.13936281980708698,9,469.4898183261475,177.71395795692817,0.5438256362264318,76.9016585037516,229.22547107910816,0.63436186112173,3.3493927525204215,4.2285908839755795,1.553872047286814
0.012746145877146906,0.07650736162480894,2,234.71650433644302,88.0646287189538,0.9340206583552264,38.74547546665359,83.20978580792897,0.2539594359134579,4.168445549012327,5.906232530888944,100.0
0.02691845856977537,0.08484848891529127,4,318.23548662074637,94.0845709138949,0.7808939032095832,43.420343176352674,139.44770454313323,0.3794716375036373,3.4028002602229606,4.996400755908651,64.30661938586371
0.024402599880785216,0.09335078137591378,4,281.122774237501,89.49852149607742,0.7778393129585487,50.10232431891231,101.11660565976152,0.45279028824363554,3.6705938554724806,4.668395511994662,66.80356365139956
0.012591358229883082,0.0777352571561686,2,180.2036934449819,49.92289414188183,0.8825236554748227,20.362994810400256,42.10682574316155,0.3275267676372615,3.651703373242671,4.744303160527613,96.03036295755436
0.030901449078876642,0.11674621964183718,7,452.87705293699,117.85504876018359,0.6219084557619455,53.096209594620895,183.29662070606602,0.680622815137681,2.748667070368504,3.5571054311202004,19.41476528370201
0.023884551118675133,0.09517787611119789,2,280.43499419084173,77.41716047091023,0.8328237415079258,41.76506543232281,102.59059340906691,0.4433344134721646,4.2743705978922755,5.703648175639233,73.88075199655628
0.048187293788102596,0.10596486031647835,4,496.95901123180073,144.8330241260465,0.6874472265895465,63.86681273507088,134.46074001660008,0.4399743180356959,2.8762962127706095,4.025226578064579,30.878838981266675
0.079562086599928,0.1453371477536914,9,457.7886503750244,131.0304265160618,0.5460664517728067,79.53584915447247,208.27133347176843,0.6812342392924773,2.0724848937457923,2.8680829755572623,0.0
0.054823310671315136,0.13599849934712005,8,531.1072212092312,171.27182444830626,0.40017431345947946,91.8802788219414,272.4577809764745,0.7600877431801404,3.145967688831595,3.9330615582705235,4.832094961904099
0.01581810154813128,0.06521014480896398,1,183.31202281793009,61.466380680114284,0.8608181564095905,22.351146153924912,44.713509274187174,0.21614839207321773,3.2328132861411243,4.37882590772074,97.29250384846058
0.019928322062650487,0.05344942691338843,0,226.82953349544152,77.14633301711362,0.8884805336714376,31.29963492727859,107.81200816299271,0.37928070861799285,3.145501517819512,3.930504672335712,100.0
0.015106088765032779,0.06665477982246773,2,217.7471573002491,46.42978294068034,0.8954609923263042,39.37895543493782,117.38331194367294,0.2290585580816361,4.062475075597945,5.825964573679368,100.0
0.04867636800275841,0.11845154309952569,4,471.06218952547323,148.8046353380113,0.562748172977658,51.82397864814927,110.3278001422878,0.5882397132693052,3.214018147877682,4.322226939604901,32.84677579018423
0.028513019737835883,0.09899651597406912,2,270.5818233217402,77.5717429625617,0.7919465877545092,43.911608244650736,136.53019238797776,0.4423763172986963,3.6157713776603493,5.1429816981919885,70.3996483339622
0.01181307789957676,0.06465003379106903,0,154.7505687809086,49.48517323672871,0.8760381424567841,38.926630308842576,115.41399069373914,0.24862606091400163,4.078947483760425,5.147438509257221,100.0
0.023469160335840657,0.09421561830680299,2,284.61506461280936,99.95487727307777,0.8198224904420703,33.06542877406247,85.6896908780679,0.45481662078056834,2.9831808095795607,3.97293405700779,68.00711456870891
0.048040432385130775,0.11909141622182515,7,359.5725815734786,136.9217793823154,0.6671653438436825,59.497546920407615,123.0471612271687,0.5492488862533095,3.4750109338266397,4.3090497104035155,23.162289016653617
0.027879105970881952,0.08801175602657182,3,209.65249237923027,49.40460857640425,0.7007604377283614,55.957741851128084,190.088334663501,0.30359867691346165,3.269901711636055,4.520030009232888,74.04107410977737
0.02983707378978737,0.09694806670404317,3,278.66922408617523,100.17578663213152,0.809407871191056,30.197558319198354,67.333231237324,0.31408023112944916,2.6408116766334873,3.589971889061627,65.15310137930186
0.06906978148253247,0.14963087403188274,10,472.99094153567927,170.1083559067511,0.5015160798230706,70.12022457849771,163.42500413710343,0.6696104599490453,2.3761530769491217,3.248694347071556,0.0
0.024091397124087335,0.09652193388493328,4,342.5062871539386,96.26742940624347,0.8089430436290793,57.554803435106784,165.54316329675552,0.3766977035657267,4.326359038292349,6.403203777253182,60.842816920140955
0.02967427881270649,0.08589974570333432,2,313.62385720287085,94.90586277929222,0.7564185562149448,38.052517353442724,76.14429750842304,0.3376781925850713,3.581568318368678,4.864033483324424,73.12871264635764
0.024222143682620118,0.08089287198043459,2,209.63537324185842,79.92738450443723,0.8304662379038559,54.45421952831912,167.80633005394517,0.3793770606052929,3.781516610060528,5.330506389828222,70.4634112479607
0.023347279037463996,0.08598529042915228,3,307.9265148091981,71.53156803889362,0.721406616314731,54.95724756458741,181.28909589655393,0.47770835290776903,1.791476167874897,2.5262754549093507,67.42430814908097
0.030773020736277083,0.11237719233040269,5,457.4632341864549,117.36710427040379,0.6342063061584862,58.68739251327046,204.82660783229073,0.6658042348388074,1.6491673147740966,1.9827595699211835,18.252055911566703
0.023509499168849125,0.08780646409877892,4,252.98043587997782,80.8464624690936,0.7384393399387025,37.248912309669194,84.02540824806584,0.34197932280706705,1.9403596983885447,2.423998567069101,67.54273160890472
0.06978411773836224,0.14080063629313366,8,453.31537311602847,171.6596098532493,0.4922033360614067,95.88392684785939,199.6850220779797,0.6356323959437827,3.358761081067851,4.258077049561031,0.0
0.012949779629346453,0.07293559308448412,0,208.49388557730236,50.07086177105923,0.9393123832718384,25.44690411741299,73.89136262972,0.27364320302687933,3.009333519836229,4.426992273970254,100.0
0.0426854333725014,0.11430715123979582,6,412.5612523130256,143.5948346834358,0.6795198734821551,54.800693918823846,133.62355470751905,0.6827255946173063,2.2815095863083443,3.33255138281469,21.054088620305276
0.023733954558027712,0.08229236154653047,3,275.38355420243886,71.2472185813673,0.7088434791575312,30.096418760917775,65.33218053230021,0.3290760369928065,3.300698328164363,4.020275593377632,65.83221300174883
0.0738514359605504,0.14366150131313002,7,436.3130476504268,108.39263797926218,0.5367787192861313,91.50307041706115,212.4278327367228,0.7628267790407133,1.7093905719669107,2.5301881907225416,0.0
0.024479620573305938,0.09475972349473594,3,219.5272767692094,69.2268231983188,0.7434801919280616,59.01907821644895,182.04345377454652,0.3368738984528053,1.5310166905430622,2.1255520067879057,70.80464138154102
0.015185741709376324,0.07923580919877247,0,166.38331254519792,50.31042680608653,0.9004376328546245,27.825908260576494,62.981273551827094,0.2296905272440404,4.2985110240228455,5.944292089105726,95.4265337209364
0.020928198365650335,0.09099365635257317,3,206.57275204720966,55.55040091073452,0.8193735470040836,56.947434601793546,147.9389764974202,0.4595506859086853,2.6383845658190337,3.6897805774311845,71.64527806585406
0.0386814613602962,0.11499959261971578,5,496.1071653389926,195.6123304332516,0.6071719126616117,66.77204868379394,144.46709637860826,0.5042201721123052,2.0344970973615073,2.676679289513029,20.415137477991088
0.024521539665221238,0.08930351644578759,3,325.5941654962639,126.38957826484722,0.7503001883846637,30.958390160747093,84.68255534575103,0.3640824109738456,2.900693949030954,3.5197803056405332,64.46528309183333
0.04834493993955639,0.12339914932549959,7,476.90159128861,179.6075642164078,0.5679187829926625,69.430910996106,184.69254928781277,0.562233953032232,1.8665129341957782,2.6505082634716537,16.44496860015034
0.01990128849670416,0.05792157919343199,1,235.61597594393535,91.08433509673013,0.9162427292503444,38.950469210814965,85.51539155763069,0.3809166901685298,4.095254607676454,6.098196458371257,95.78930369915217
0.018083026788085016,0.06932941774678571,0,207.07381524656017,45.680562734100356,0.9324184563103058,20.298948314680246,58.84722489201222,0.296276178870942,3.6659309041771593,4.529880867543426,97.99244267439384
0.026518151418314345,0.0814114584816494,4,289.71152399949875,68.82153327380007,0.7778072431698229,36.0936813202758,121.60875063148696,0.4024284072128594,2.8280930641529114,3.8712355676940233,62.790837843674325
0.014609127442922873,0.06726302453465813,0,206.54058595830296,57.41923351817587,0.8840300136516847,37.20663906698031,103.69840946450898,0.27091524313861487,3.5498898085425927,4.605751703120923,100.0
0.051471553370470984,0.13193871970302853,8,506.16114005436145,145.67692347086728,0.5032037052454822,97.78130864638372,283.123760394102,0.7980538231586646,2.218029786913972,2.8948007559034514,4.007623274416589
0.01373088272631763,0.06779588235249404,2,242.39596684512898,52.42960702411943,0.9339109727099549,31.48986860044865,75.4449532512935,0.32209431668008265,2.594116057307131,3.597298414844019,98.98468677007365
0.039335741229370294,0.11457512381486688,5,493.17703896036346,114.66371147560186,0.5748339629138381,77.37619172589635,172.9717660831757,0.5040329197734907,2.3968806391099085,2.982351447560249,18.437401955187855
0.020035006546625104,0.09576590960736421,4,290.8503997842749,99.99219071665453,0.8067991191814142,50.95384065866035,128.56785896332303,0.42829655815363854,3.229766935392215,4.422760897438905,63.60567244180253
0.025504375990539743,0.0843776209478316,4,202.6007733754556,44.10353732890408,0.757919535472497,45.143473839059666,137.45598223892532,0.46435912433081244,4.4581905744370784,5.741088925781024,65.52810838732005
0.02782590840656657,0.09457826598875328,3,341.81948650658376,96.71925490993621,0.7325183235149034,35.77693644198515,99.299116126718,0.35457099492460725,3.010524280839007,3.6641854911485305,66.61094076793508
0.01814001976911572,0.06703724199563688,1,212.28213038438798,49.374144037702784,0.900314359071347,26.415700186007598,55.91683109204864,0.33749159401357515,2.6656402089071616,3.993549083003185,96.55214497824556
0.02426557568992568,0.08707836296509519,4,276.1081375507893,75.30278875481548,0.7798877729136386,42.04105057835161,129.67806946888788,0.4274063359288737,4.370085053172227,5.5881376044397,62.09766618327298
0.03725483472181928,0.1253309750641126,4,364.79523662726007,118.79854948317077,0.5693885995786121,74.82982756265582,239.39488308363616,0.6052246382715283,1.8311658579513812,2.455167196737974,31.336917099887994
0.05962959134471074,0.1478392335782958,10,431.34465878152184,133.59330630439518,0.4363497079786599,72.86826263059199,148.70359526371095,0.7005587769926886,1.567292923881917,2.2982126560668004,0.9835607500018351
0.041859450370463944,0.1284071330622859,5,465.8708198010784,136.2268515245666,0.5819261944868812,67.03744808248213,184.47602902143635,0.6980281675648312,2.885246616415778,3.4959016949947292,18.32923112706702
0.020129316000079635,0.08274094680479678,3,271.6566008405057,80.91340796279427,0.7191491683846916,56.214114474020455,190.50674022601595,0.34155550610130553,2.504206416902538,3.5502435160304717,67.67977466973171
0.024461312003965365,0.0832315194874738,4,235.37603146182246,72.71066079504017,0.8493812654896786,51.93384485548788,144.99289197794056,0.35921429771115104,3.798072524893883,4.601045706567798,67.53574273876922
0.026675929760073033,0.0894136322101373,4,228.95950952148243,89.35357202079537,0.7669068213650105,54.74357687835151,187.22928803736323,0.3728208110035554,3.3165096083643757,4.370830504671822,67.01718298295916
0.036050039883686213,0.11203353205175141,7,324.0614813524011,67.06871090031487,0.5627096722162056,75.63737514398274,206.48003455011636,0.5186109713624403,2.097680073230545,2.9641465494230714,24.01006797510662
0.07472211934119885,0.14588368770495105,9,498.6503941483239,109.92676656760159,0.48821356096772184,74.62772885145016,218.08022826926864,0.6610893252498599,1.901203103329392,2.7872107930279664,3.6566408312913454
0.020334457990971843,0.08391197158191503,2,200.06542619576118,48.20947357489135,0.728275739015097,43.817691837869965,108.11585007683695,0.3597437193039445,2.988954401126077,4.460180641165668,70.52568337248331
0.014993543031315266,0.07642863180795255,0,184.57028350637066,71.31308960169213,0.9378871187893877,25.30660701904751,56.18294751332597,0.33688540787918886,2.727633995725825,4.036629332414571,100.0
0.07830589920240205,0.1367935374984103,10,509.47845009470194,191.41281328166667,0.5449129964151348,83.38219321020847,183.12903193908616,0.636906124646273,1.8202632102361145,2.3999387133525896,2.020158106718987
0.016770248747958082,0.052505326323176345,2,189.75037675905202,63.21455141577847,0.8981568112969636,30.770915979282073,96.18324327187281,0.22685418409197922,2.6812529675896912,3.9624796428935105,100.0
0.05423654436991661,0.14362723037829764,9,523.7739111497208,108.15780672641516,0.5238956720158712,72.28621007143386,202.93476787238947,0.6041684805917024,2.4432998923913103,3.3777840769358654,2.142299951204958
0.017015813684950577,0.06202387592020296,0,184.9490263173653,65.50751847388939,0.9092263311029636,26.565327180637812,64.9318923615716,0.35261147102818213,3.744621075054587,5.030465836079823,95.10567694813847
0.04411385730792931,0.1047861821421454,4,440.12018799308123,163.4603256645018,0.5595907209666086,56.73007269688416,141.0483392644124,0.5034270196066042,1.7362594287279858,2.3501664053077103,33.3860916078076
0.024578291751879765,0.0847602363620658,3,227.80395114030034,67.83429378331225,0.8403077788182239,34.120540373141594,105.75289636200935,0.3217908202919391,2.572423560342632,3.2700070626808744,74.36445342158159
0.026667365482552618,0.08515454137269385,3,280.60050029591775,66.40283044975712,0.7325777170573587,50.016397485373055,102.32454876585813,0.44273833055687356,2.4920180632562263,3.4897937673156214,68.36022128223561
0.023593276562877467,0.08248776373218636,4,240.08679985382062,70.01034673114896,0.7900106581117546,38.2957130438402,120.10871507170536,0.3732103028877246,2.9160492034612284,3.716063311654278,67.00552833249172
0.02690160405426446,0.09997461983678643,2,221.2502396191394,50.87422845331653,0.8441830175156312,31.595928731139203,104.32995344090658,0.38377766406524744,4.315594785448663,5.907912058523531,77.14522271848169
0.04494343256507524,0.11663738192902072,7,306.7809887902725,102.1195522689136,0.6910504749673603,55.161169845879414,134.22925205546545,0.6162433284248938,2.1344770507307245,2.730421468144469,23.833650985869987
0.015083809675333695,0.056248588102212324,2,211.56553353780103,79.96320208490262,0.9071503187701128,31.893528549117395,84.60786672775116,0.28829504923964977,3.737830655553716,4.625405990693408,100.0
0.026249434536491256,0.0856469267786659,3,268.57890499250914,104.89511612620687,0.7086451950483906,46.81292474570751,116.31593828943424,0.4768220137651008,3.168464062812973,4.174232862479533,69.4531085491382
0.042012879152381104,0.10279473699172775,4,419.4513708993764,164.57234760370702,0.6947491629445942,65.33636426761296,179.23185215059985,0.5318369161370327,3.0564090251120013,4.000004160795042,26.52419091443558
0.023139332535358662,0.09441924683930399,4,231.4984485245996,48.26961983521356,0.8143259964801995,55.374541793191696,189.92126348397457,0.4928290063239414,2.7130098128047546,3.432115292741599,70.38824290434222
0.0346254336657741,0.11851106216687163,6,302.0471457372204,112.42074817392496,0.6718244911237209,51.03250050437097,151.49428006785473,0.49884594515136843,2.2982016739242823,3.3835500651446644,33.328870161521486
0.024547596876556055,0.09113914533066356,4,274.56087183299803,67.96388551769873,0.7426991667907344,53.350839893437936,125.98182966236048,0.3050371131844004,2.811035868381394,3.6279403496591733,69.59427622519792
0.04583066710240344,0.11513818810508007,5,331.62588199324034,66.4536736193073,0.6584627776555397,61.187405625884615,191.88755945874647,0.6864134395567522,2.7572513232729428,4.06126957357917,22.128132974974193
0.02496487378614961,0.09560915049284265,3,285.28600006911097,85.57982130246138,0.8383281437671565,30.36171839174105,86.13518231958851,0.41683725309495623,3.3367236259351003,4.627538542608993,62.554595934541354
0.04154907365610316,0.11902727821436211,5,375.3360422276932,129.33380341987797,0.687299142694184,59.57097677645996,177.37232942554485,0.652573406067416,1.8355358325568887,2.7359016552190965,23.831817605407462
0.025432877558728254,0.09133725984063501,2,318.7461387901078,75.8974447943505,0.8300378252526593,48.568111870954915,147.47593163605853,0.3511111477504941,4.322602868880203,6.270386786807157,67.98881268183138
0.06938471341196002,0.14071186901372432,7,582.4819746231971,187.45605929677774,0.4564567870753058,72.15251700628536,169.1530887497661,0.630910365236801,1.9609631335472613,2.616295670156973,0.0
0.01592138651382797,0.06657428058593859,1,214.1523090641494,63.07045102359758,0.8626165026375421,34.480795454139766,71.78303371275561,0.26564527109695074,4.361862930209524,5.445597364374947,96.8717009691839
0.02992570896800154,0.08738571679896615,3,232.1613982661345,68.64765473509476,0.7564248239311322,30.698087738150456,75.42176715619343,0.40086147758555774,2.6499146886399076,3.1822632559082504,69.72510204601411
0.024521176179998275,0.08598797242991106,4,262.5410013011014,56.656439895089335,0.8045287282456297,50.98399808369833,122.70786551479573,0.3997018187766927,3.3313010246580905,4.479038115074436,67.41014818388504
0.013868203617555266,0.07093489775164272,2,179.47068923236796,54.05208020079983,0.9360864444153388,22.12600659065572,76.47688536076757,0.39824552874229624,2.858944369083659,3.505233506131987,96.58329054569258
0.021091554248927374,0.09114063127689938,2,204.58336864499014,81.11653524178324,0.7200914553201984,46.73138423501605,118.92623406041822,0.4103938168686424,3.4185115520124083,4.38580902188432,74.56660049200023
0.019892596044598324,0.07579199150326527,0,161.72166268144136,37.10500397552147,0.8935826288448488,24.504920214834353,83.49328145738345,0.2882944448816685,2.9490181710684302,4.4228835044933295,98.34629280814879
0.053761874369754575,0.14030513028021618,10,475.020688552325,189.2056172866404,0.4769321669422906,93.26254803948865,253.81035785335428,0.6062702958933104,3.1518971358332655,4.540399334024561,0.0
0.04652203179817246,0.12138590027344741,6,433.6822509466425,125.96739487999034,0.5531770290451872,58.86061738143043,159.11316262999884,0.5690651040406808,2.836254187653579,3.829106336224198,19.16157712286411
0.02977220849774641,0.0855987103366714,3,215.0093258804277,76.40954641481864,0.8425990603827478,59.848816571590035,155.05886204225146,0.4533796030708576,4.114248045923019,5.265454810238402,66.2847766422208
0.02621572995714044,0.09113543046487828,3,331.69117736909055,96.65457266157436,0.8065045836736823,44.8940261593207,148.3187866063728,0.4021051828914554,3.9384914756832243,5.779035241524277,65.96607869866567
0.02467393370281644,0.0863690315355348,3,325.6543959936763,95.69178705476891,0.8378217125894746,45.187664247945165,150.6965121869131,0.47126139281852797,2.5792827355700823,3.1579099267085455,60.01447044058135
0.01684786195898893,0.05068648776568703,0,228.49454965863293,60.089632648224665,0.8622928744207172,37.09964989493625,125.34519277405717,0.3436399132944135,3.9479548331031062,4.914170485581385,95.025915434116
0.052811567542884255,0.14858124571195575,10,445.3712297968038,174.365877442764,0.45327274816373825,71.8695998285793,170.88964555164154,0.6386930875360309,2.120957728913143,2.9798994145771776,0.0
0.02764761357055596,0.0825210154683115,3,235.49274105193433,87.59911876446023,0.7750208171181269,53.47322563571641,146.5012211394737,0.3832470119460963,2.8982447185139213,3.9560346642945636,73.23583143426275
0.018940963042545896,0.06494639518038683,2,232.3477151062476,57.70687974322415,0.8559006463291324,23.863650232909976,63.88124144984621,0.2819338421727165,3.7828068706647606,4.648831076663388,100.0
0.023120725180302643,0.09904597406406677,3,287.98739635876257,76.11438439757943,0.7688135773523211,47.219471818291694,108.99610195522325,0.39579173739367257,2.836323365924031,3.5889949481823273,69.5056330897689
0.03397496449783835,0.12328867903409471,6,417.64045820674056,130.87113295982908,0.5550281252110157,55.34432175531486,137.98417013717642,0.6453513257155232,3.2448401066669224,4.165852997452739,26.901180660369153
0.022198729553013545,0.08510882388202702,4,300.3716689478621,64.79668805210085,0.7274247853190113,34.08413623910523,88.16005841124243,0.47818024656250574,2.6720417136557,3.297632033294343,62.108058499138416
0.056221618842541767,0.1351049412745676,9,438.18783377569406,134.75788361441485,0.5089416044265971,86.47094097956581,234.69689649007677,0.7069716897820117,3.048403162178335,4.287151581571997,2.120868782378298
0.022159430067948706,0.09431899907201806,2,247.87481517581614,82.39397968071682,0.7987136613710236,47.24710696349143,130.7816241162141,0.42658455452265087,4.0185947347796676,5.979699390362574,70.57847435340513
0.023308839254097134,0.09754539700520036,2,270.0411060170578,72.64296779166258,0.7683582922668617,59.71480208492599,150.4646985057219,0.3529795699751914,4.282188780069775,6.350322169954595,71.5606581820859
0.02128405015360885,0.08493553830877595,4,329.35313554592415,76.27995247248252,0.7027837907474058,39.71330641192061,105.25008675536638,0.34963362316890606,2.750664997972067,4.081094695622489,61.926531829389006
0.05840288275310054,0.13716727362848374,8,495.86696295305023,170.84042304966113,0.416116866920092,76.48166340689428,159.53312478171145,0.6462794902760306,1.7571060858387344,2.121297471729812,0.0
0.05400535771251141,0.13958444525537542,8,457.9647813974547,163.8607835642741,0.5293034804132739,91.74660897653709,276.8471959798462,0.6615285040471959,2.5822911257821852,3.6676754294239666,0.0
0.027409857717304448,0.08751126521370729,2,325.4073813222034,121.26737186882883,0.8031465448899583,33.93643880248175,114.42172704135214,0.3519651158421755,3.629578867976201,4.498903507295508,71.41878238903496
0.03860789559354834,0.10414730928568176,4,426.15646623614833,103.93929836335964,0.6948788876721744,73.8714844471418,222.35304631190735,0.6750180897525576,2.759652430387182,3.5532866202137394,28.066504912073277
0.02378031001893853,0.08654565520779645,2,345.45319580046873,116.94062169669135,0.8058444457896924,36.17037520508731,126.50539011436437,0.39383518844965504,3.2379699687024717,4.117881755092432,67.54918581548885
0.020713070949168865,0.09542523954818598,4,305.91437251480534,110.87818930293777,0.7629221325732738,50.524555880202904,154.73670695893765,0.31353824308551975,3.471947986852911,4.761654730789344,65.86809552649962
0.022117850844302112,0.09852375891521828,4,266.4700711758933,88.71849674325716,0.7169226741036606,49.06285843051961,131.14511326920743,0.49801889155374435,3.0595735003173683,3.8145967066266384,66.79404306207657
0.07799916410556508,0.14846470979936985,9,475.1879247753389,107.18844352030654,0.5036060102905388,88.43823491986493,293.6857810184943,0.6157533613147642,3.29141661448554,4.019444208109959,0.0
0.046077819468695984,0.10658488579718421,7,412.20647692763544,160.9341878645089,0.5593065533698139,50.89771196224425,160.25625541070943,0.511488307426123,2.1579148189649615,2.8022427423007383,26.307239993030358
0.018632041339846337,0.06955014017737972,0,178.0359291959151,70.84548414513355,0.9374892139568857,36.46549765232099,93.0499886608531,0.38606204814301004,3.0515715595801973,4.241529043738676,100.0
0.023841675387456903,0.08846717689444222,4,284.0383021190786,66.08703834464622,0.7335595374958044,49.162326152888326,161.0505845227737,0.30113793818593626,2.2670326713540065,2.747494246737356,60.748171712176905
0.07247381293811593,0.13901312614635505,9,510.05843310055485,159.77875108191316,0.4005244421520241,82.36650844119997,255.32668477424005,0.6197067243392526,2.0206373650688354,2.938683740462279,0.9667236099840038
0.04971052598574961,0.12134709210962358,4,366.4521551741662,145.75834053299062,0.5969073584761119,69.3575901025761,181.25236598333132,0.6091172158605342,1.7738821564813247,2.2119432132730434,29.565894027425593
0.048080102094970475,0.11433620518354379,6,424.53633158387356,128.874890924205,0.6736154823872679,66.4711177022914,211.32428469352976,0.5631214699744281,3.192676117012896,4.352390375448943,16.787097196540945
0.04221390993262149,0.11181714740064412,5,456.8150178669223,173.5878132434581,0.6602187172725058,62.01418917521003,176.13568919990115,0.49560234599735586,2.981727007657624,4.459091030514627,23.9561235615134
0.04168774752811933,0.12456768471152571,4,425.1390570449236,86.26958659341255,0.6184169337974588,55.04987161540168,191.9904923319834,0.48716731906978467,2.1228901706527785,2.97284348741924,38.87219027878314
0.028914179160796166,0.09856511207716667,4,324.1012372723031,82.56788758334336,0.7345540556299088,57.24069288938182,123.64445772673402,0.3779245124138458,3.1803204444920725,3.8841393749926527,61.27685677704943
0.02404031694280224,0.09899224336648633,4,307.04824235198873,100.31350375633178,0.8062347267278691,51.111471248565344,131.50167444481787,0.4231811470457244,4.471289309129078,5.417671167782886,61.63966766225126
0.07839706287625023,0.1482756117940693,8,551.9336903425769,203.82959328630886,0.5038803999355884,75.91634435680233,223.68900350607723,0.6110140611748162,1.8253191612860316,2.650232175552346,0.0
0.037625851853584,0.11890806297052162,5,422.1778470186208,168.22629021010403,0.6583618566025332,51.70162522659828,180.113195535666,0.6562651332757609,2.321028820191868,3.380281249932376,26.515743371344115
0.026567187124901574,0.09370019937247735,4,250.05289475581216,81.11815960457949,0.7644013204819671,36.08631802893212,78.59405438062142,0.4396207676111367,2.8736919293921552,3.9218383153167555,61.327872484332914
0.039743747676298784,0.10382296958056766,7,422.95137682745406,161.8614099150726,0.6182659406977835,56.49592461587805,195.3308268181626,0.5909832250439079,1.6812013391171772,2.1978438564418554,27.556177911607595
0.041370366505475674,0.12664795457020883,7,320.6172577489737,126.05121215085954,0.6785294539680626,74.46075956481855,182.50413821469544,0.4093688262823085,3.1620853977954355,4.591129745398784,23.046009057767908
0.049743457203420785,0.12856432506336826,4,418.7237013748186,132.9496287185756,0.6838452427292906,73.47983240054643,237.5806079797158,0.6399866653885743,1.9286187770195822,2.319165086992282,28.724201156844387
0.0234931262659623,0.08670281362965378,2,227.26609117226235,69.05685327121157,0.7924291400811667,48.4058913849213,160.65988181920616,0.4938063533808184,4.336414593043688,5.376373302086628,77.38779943992633
0.027042056743002432,0.08096272861738123,3,329.4291582492987,114.80031949455788,0.7738011559771982,34.53729070012024,109.02303828805232,0.45717707678695685,3.021192517473433,4.242947173613843,63.2167589316076
0.03521853778310619,0.10857310841678362,6,482.1375960171108,174.7989485143363,0.6815309660251663,62.4646431835985,153.40128741815747,0.6610052935963053,2.465556317100292,3.313789720465132,20.174449461392065
0.06572177454724526,0.13021638690374887,7,418.3882956245053,101.52652836596144,0.40695316484570704,95.40762249613823,306.09572836733093,0.6629432735433916,2.775783361036915,3.4344241704271283,0.0
0.011821219475310302,0.0548367009891835,2,201.17164762415254,75.53901913883179,0.9006963503766765,21.73003205083184,69.81981830552684,0.3757986464488546,4.103132762882921,5.114178871141481,98.66908540198875
0.048136866200954254,0.10917687696805399,6,376.66786129095755,119.11598231487008,0.6114548673045345,54.11649022138033,174.35074785527584,0.6905978010511137,2.5360323012303088,3.746465850158661,27.556541281433805
0.033120803181583267,0.11220518871835032,6,439.38261652598504,100.48012029313628,0.6909037946715185,52.42962532793707,132.29145630277847,0.5343675722830897,3.4020053847621003,5.0891431518182815,22.470909998172914
0.03263471364248981,0.11502851223183187,6,484.5120340714426,167.18551345522897,0.6138115848377035,59.30363750604245,162.3870378249297,0.453143578020862,1.7210840812798722,2.1493258761192786,21.39049183172658
0.02544504071863062,0.09061174835288664,2,309.2881419946151,70.05019679358205,0.7525588743348901,39.674017716006276,90.91891568503011,0.3763314268904689,3.3937270733744977,4.895400445331164,71.14398842920161
0.013530594591963284,0.06236871482070375,0,216.6339620833031,82.41575793388685,0.9371711313679589,28.93831361087586,96.41310872009696,0.34945348244400454,4.160431939759675,5.634169007946042,100.0
0.021931940528996302,0.08576335124807379,4,227.44592867427917,78.82512015040818,0.7895667044553601,57.05521617234857,136.29189128042188,0.4126619210988647,3.7058715888063647,4.769775647448325,65.49667703898805
0.021099508357774542,0.0868221350469895,4,284.924789719449,71.20526780849514,0.7917475630740274,38.251233644270634,110.83099699368563,0.44708022593206853,3.7665817004784587,5.188846829790382,68.6073003540233
0.027204611719694998,0.08107355941887649,3,211.83474965645493,68.50785328716537,0.733350347514878,43.381448357418556,124.37608873744362,0.4777148779170932,2.9502623482024375,4.010832355517964,70.03344338874867
0.05294641769869622,0.13188214580740937,7,509.5258709094307,148.07031480842377,0.4659773843449866,75.08191250598234,171.41076049051878,0.7898545548668702,1.5045393873090405,1.874281354476233,3.898022234524172
0.018105930939778466,0.0593986585244554,0,160.88385575955556,48.50300315680639,0.9321503107176264,23.98575100755164,68.42234521748367,0.2110214040779999,2.625152738713881,3.347487612513142,100.0
0.023998374342999857,0.09017738933110697,3,264.06733470190665,53.03080479609417,0.8219648497447554,55.17790923909705,141.935775681462,0.4622307676239793,4.153325206224771,5.776947722504293,63.69667130831858
0.017880353650568014,0.07820112818948784,0,238.08560599002234,75.1250262136932,0.8571335383542069,22.66713971959087,55.891014561522155,0.3633423957318459,2.911020763128837,3.851837592553583,95.8924422007993
0.01922296407110515,0.06606153317384479,0,192.10309597119073,69.68416001762577,0.9080399146024372,27.273157298467684,88.10315112693995,0.3793483791660691,3.5035742035812625,4.253792729709303,98.58322370989737
0.03273268621309893,0.10165689391057983,4,322.87726905071673,128.82180404508907,0.6524306974403131,51.71667521478305,175.66422784584483,0.5071729039388354,3.141133191269235,4.2132583780676995,36.239548283945524
0.045086235533303765,0.10760733342821796,5,384.30537533149027,92.81657720308247,0.6471019979374211,73.83696769468118,167.9770080253017,0.5552613241605941,3.2623924918426583,4.441154022751251,15.704999527231049
0.022790691161719317,0.08644212889922777,2,252.27198843268013,83.73976924660438,0.7186807618394743,35.278064317907564,91.79036848613154,0.32117192679101664,3.2645203903195985,4.719016559876766,70.00092039552895
0.032723920055852826,0.12006984489507663,7,363.99819540745136,113.1209519422641,0.6260770804077492,73.4303176731855,204.53428803034876,0.65264879121523,3.421785393507708,4.669684373017102,22.4358556681957
0.010004631642295815,0.07022151990478716,0,206.97767649110457,79.14381627674055,0.893705155167688,24.710135392769562,72.94143769581605,0.3625910433331956,3.27668052834969,4.291234818706693,96.01344266273996
0.029187836672705518,0.09078882734003078,3,336.7929728070882,123.1460882652619,0.731542425962044,39.97847044097625,134.44013621212687,0.35005764738681017,3.053027846984329,4.572200558200611,63.44222987701267
0.04601469654574903,0.10618489564664932,7,486.6172635556472,104.04095327251945,0.6862043007304693,66.81437635674675,175.29221364366398,0.5234441791931436,2.493856954164551,3.6786526077154025,13.883165297840737
0.014430974980878298,0.059686714157241104,0,245.8726450539188,71.18306486619124,0.8828712766669339,25.011269405904862,71.23735828119781,0.31040964269544025,3.2919283778209074,4.815991340656803,100.0
0.021699487303475838,0.08361122556891129,3,209.9106235722602,67.29920831029858,0.7644772598431123,35.71701233421471,79.85632582297268,0.442172372440395,3.236627374503479,4.173712268046675,72.22262764241755
0.07768726146012554,0.13221606961191187,9,455.4370964285614,119.00734180912008,0.542223346955971,88.3116804366786,179.62213655733535,0.7760455244881166,2.231601735116352,2.9452848301548067,0.0
0.028760550650511398,0.0978885785845913,4,305.677187894634,115.7220565163073,0.8266596739776901,57.04043033311584,151.12416280340548,0.3403772849039661,4.419121362600306,6.225023372907429,66.72445738539983
0.027537943258255093,0.09770914388777381,2,307.8582642876784,74.63233548365534,0.7401239752114225,38.83956467097329,81.50085777239593,0.38213608962613205,2.3503699762196675,3.2123665991693526,72.937561184652
0.023700760853557577,0.08060584981269182,4,311.130965941293,112.83683165676112,0.8452820574942416,50.27634154976653,121.97314378755843,0.4158877191095388,3.862070234436491,4.9649330614231255,60.95676037973425
0.01986282275842849,0.060260405755161145,2,213.95186706015795,44.35653270830043,0.89891511152888,34.1286722476353,72.46181355878214,0.3166605148015087,3.7739794650526868,5.497862775312185,99.9667121238841
0.029807930227366438,0.08585212626493752,4,210.82710388476144,59.605749318235794,0.7519698000710584,41.498782048506925,89.79858574844602,0.49446722920622,4.352704753468345,5.573064547826505,74.78671180486677
0.02684073459540562,0.089773828758874,2,307.20267808974774,63.056962584797986,0.8265675967168817,54.73731716747129,152.65406029695524,0.4872666813935885,2.842563802895243,3.9353253630370624,72.10697388375753
0.02583937363825591,0.09184823514270558,3,293.9546763093891,66.61389947072018,0.8491285981591491,53.986940732147,116.50526727972905,0.4070483210417546,4.473388878207435,5.972910070667002,63.40093329393332
0.019125967034880238,0.05158674467404242,1,223.77540164033573,83.9066681145884,0.8588655327596484,32.619668277637615,95.16295624788492,0.3824841624794745,3.8814114331656295,4.977122459183717,99.9520369133626
0.031110076258401252,0.11409570623124474,7,441.42939819992296,145.0168155059905,0.6386907631006739,69.29580617554771,190.59384313016574,0.6818682526785987,2.4143998293341045,3.1433470026603083,20.956411667385172
0.05649603996525599,0.13579891712286868,7,565.1832490665712,159.30478835743833,0.4598175645792701,93.64081818042783,194.15671603586617,0.7606192127684543,1.501602634165741,1.8434422552869134,4.296255345431096
0.013820756105138238,0.058050906775680824,2,190.41723881214563,65.2726860873474,0.9231634878931675,34.413632818569425,101.51618376474224,0.26394077816129624,4.098386339265087,5.509864171246465,98.17593305197286
0.028523376665675018,0.09667259955634055,3,214.61142663026004,81.67346354140496,0.7246833314365587,55.26501146862218,114.01635191036972,0.33536575713867794,3.4192324478035108,4.200436827757373,66.6466165425183
0.02131739591728524,0.09583970733082481,4,297.0846265169565,101.87566350221742,0.74184526340209,45.615182364391075,101.44513974318065,0.3564473534315972,2.0210209903880605,2.53372809236222,61.99743214339151
0.02087085869150272,0.09917145148305559,2,324.83891190065657,110.69163125272283,0.7545785036688046,59.22142648097966,130.2364007557298,0.37537305989094805,4.362945364867402,5.654920328887362,73.96241603451024
0.024981480223962113,0.09592353970846798,4,263.30049046300667,89.65448553513247,0.8455596971865064,48.40353948435476,97.16455103264818,0.31411802460019067,4.307101922885359,5.554363303501389,63.3901352624808
0.047958243116675923,0.1206702361010068,4,477.3204369325828,158.29647672123158,0.6319229467235014,77.28650419831555,180.38469979145964,0.5740541487185785,3.1121556220054223,4.3056713458463864,30.732436339548425
0.037034340917943255,0.12700483803152718,6,475.2089411035518,180.73480100687468,0.557364494659278,70.41518365638323,211.70623366017358,0.5031200372687347,1.586867752429696,1.907788277502877,17.238181791849826
0.02634945256295199,0.0876180275690974,2,297.71251428300457,112.28318927298,0.7174582615213195,38.12340023343074,109.01841709474614,0.3579031220439782,2.5112948659216787,3.2089113268877973,66.28698410690502
0.019143810444812476,0.055373237007008094,1,214.16900969860944,61.65311869189277,0.9386745363356684,22.94992036408364,47.83248391146195,0.3517581584465922,3.5272122951038116,4.848146771990345,100.0
0.03062622554669559,0.11422499059653334,4,418.8119644166725,165.27393116083877,0.6525028966162981,50.91593551867396,175.14121490560245,0.523957555648732,2.698676903210514,3.424295162007786,28.582309008032297
0.02474639580318738,0.09692768973362685,4,335.85280228870823,72.79076981230685,0.7819133203207187,58.88610026210261,120.51202120878665,0.4493367192127531,4.111100101122772,5.809213914445683,66.41145069176275
0.02801819806456876,0.09765296842658927,2,256.86854398704463,56.84873232215536,0.7138429960767577,49.80524482973089,133.71137861237005,0.3205789687151574,3.485326971092595,4.39640211237115,73.1583341669591
0.03270202279482656,0.10036404531382634,4,393.210189867296,128.85572640082094,0.5763116473612098,73.7545449771761,178.42658076027303,0.6625108245123137,2.809845185387238,3.4518865916293064,23.738496676056926
0.029894793326492447,0.08288005686503386,4,221.34373739141364,45.68901808166793,0.8409961180307247,44.346619694609736,115.32121122938118,0.4226619811910088,3.869914476963263,5.703176905387043,65.57381240908414
0.07570192909446996,0.13545407808419183,10,444.69483025120024,169.79485009157403,0.45181566335757867,97.16845972949638,272.0720334513686,0.772760954384693,2.190442202662622,3.1492249468662434,0.0
0.04149697587331421,0.1139663106017685,4,326.83231755569113,87.67145793925808,0.6661354184798542,72.59068445538153,221.9699861349551,0.6365507736667333,1.724041063477634,2.2652085038645127,32.33501264025937
0.044739329100630235,0.10771920984398298,7,315.66087588228584,99.61553541124438,0.6586815155799267,76.6749692281176,239.63556278639504,0.4111921257247184,1.6043969817404002,2.318390052269214,26.828106023751676
0.039342684339320276,0.12786089471394596,6,304.881644946505,102.65748753729304,0.653870483810428,75.4472106219692,240.69894804642382,0.6401469834323257,1.976507910287831,2.427605704190568,24.29254082964467
0.024703319315494788,0.08465536994372877,3,222.75192507637084,56.59308711139667,0.7536583838452866,58.133378706277206,156.4367015052218,0.4865752095909046,3.094172732542831,3.808298130347121,68.73872521537264
0.04020781894249087,0.10393837020850263,7,450.94653798970535,166.14671857007448,0.5943537550712554,71.88358455397135,160.09360510068163,0.5333929542920304,3.0237754627902147,3.781240795018103,15.183093566967216
0.022004106785898054,0.09817337027485,3,273.0638177507057,82.40538333917529,0.8192124820888538,50.31351146461062,174.80540933989144,0.3454905539697267,3.4047216658926023,4.316325331770276,65.33139117037621
0.025939480750234174,0.08490411998333229,2,285.0369393125686,77.32485584618654,0.8372256513433844,57.68101102972798,161.3022291261772,0.44056205987711017,4.038095176474797,5.470027548394501,66.57401890427145
0.013201507076807943,0.0506810621912234,2,208.21954391199887,80.13339773145896,0.8939487385252118,35.12488045096571,91.76538158405191,0.34035827511414096,2.8654659869557637,3.9541942021175145,95.48249832341389
0.02497810076921597,0.08908329798688285,3,294.73915325004344,60.14707193832675,0.715251521475167,33.44644100517422,91.31622008871501,0.4686954984789588,1.6093711465331135,2.242580560690488,68.96305698171467
0.026612969803137886,0.096618079707578,3,325.926968135884,73.07265131488165,0.776503714405537,51.42786775178457,177.66130392268548,0.4334318677908382,3.4991732575490495,4.309321261605395,65.72358189295255
0.07377391097628998,0.1415205466147366,7,420.3508104462599,113.20959769214983,0.5272773776866098,85.89370135119904,294.80734734399846,0.7913571482102207,2.995037461726951,4.121325995981074,4.418757206424145
0.038659328486877566,0.1144554467857981,7,398.9228588280354,153.76807164499886,0.5637799151355546,54.99254732242925,184.20675449951008,0.47949257666327033,3.4161096924417125,4.655152667793264,21.869230444651222
0.029365854449963966,0.08330926007120516,4,243.82991781326194,59.49746340355804,0.7122986567827421,45.71511235349598,128.33790609998414,0.32344361451898823,2.635316774321053,3.637003419507966,69.41074061685221
0.021730327654648066,0.08427777248970936,2,306.49870936424986,68.84458302417148,0.793365689849732,32.98004023702361,90.92585418931027,0.3713264392888686,3.215792758053636,4.009967916747813,67.27870642843413
0.03219195521473915,0.10662907858132938,7,303.81571097131217,97.6913773708983,0.6443947027534118,62.75948729399148,198.13580124834746,0.5793814887809889,1.6736777230623443,2.1403653277583876,18.138642263566023
0.040188116237837586,0.11780740065404177,6,336.36919129122936,93.71745917289444,0.5749940932464482,67.56539503671854,143.31200205996967,0.5643717833305337,1.5910693668887121,2.2751624938876955,27.87446667759213
0.02897842200876364,0.09425140720600152,3,345.8682554605664,123.31395689723256,0.7845031727445352,33.440999508098926,74.07744685539133,0.38300746356243,3.7532126596287974,4.979257907496245,61.0649736645484
0.04207285228948501,0.12708596758315066,4,479.53889378669504,186.78429634218793,0.5803400666382492,68.10034070520372,216.6132415262135,0.5448496536060257,1.748080784104393,2.098627088558618,26.585474114561872
0.018228127150928978,0.0739294311406402,2,196.05098194480755,59.3837835403843,0.9338213952402642,25.768063276461262,79.45735559466355,0.3674985663823136,4.396156131024121,6.00299631429701,100.0
0.047635896249048806,0.12685313095238157,5,369.6943092376794,89.83157638947105,0.5711075121315912,60.906167467449315,156.73962390771993,0.6727874899533343,2.659072845563831,3.3895744037195,19.150037449265653
0.03920010112310162,0.11487158491494477,5,303.4987257873968,90.39283636272677,0.6417956523701304,57.37990162855075,186.6505641172258,0.43866476476824523,1.7551102078417768,2.6198266049367556,28.447706392290552
0.028581080612275857,0.09268360293967684,2,248.49226908827475,94.71388415781107,0.7367191745377818,44.1722470863743,100.89170405631327,0.43185844046886224,3.037512387486697,3.904590222131834,70.87982902595432
0.017241050216066516,0.07283211717414144,2,201.14977529052368,62.89324350057336,0.9290359391579178,21.83125691368228,52.614586153196186,0.30156931524506686,3.411911781635372,4.110990165278355,97.15608325878173
0.02783976512629024,0.09775664759082807,2,224.75591405077728,56.356811175887316,0.7259033109346511,51.65765189485112,134.21931391266932,0.400142944790197,1.7727619431118162,2.3566842532088677,79.05392120165546
0.02091962244255272,0.08332276905422724,2,277.00964041978295,108.99155508884772,0.7185129721162447,34.771870174324874,90.03572185425585,0.33664487986273695,2.6190683596366497,3.7071181748149713,72.4765454320459
0.024425666436154743,0.0933517512616456,4,340.55105059629636,135.31274534445947,0.7066045205581537,30.146887382363392,101.90446082406095,0.414206562881013,2.231524356738154,3.2034008892690116,60.64434445776696
0.029787537093573332,0.08110748179059402,2,328.5105735563242,99.11303803098679,0.8486259041132679,59.67955785362006,123.66221841107489,0.44006180219170776,2.9712591850794694,3.8937464247630045,70.96581922382282
0.06210685074574391,0.14236664625127313,7,490.0664734735159,132.85797433128255,0.42507708995401167,82.40808802964206,210.11153950536772,0.6857456290762415,2.663654438271446,3.5662819185883072,0.0
0.07296771835425458,0.13174950072707742,8,579.4390096719377,206.56917966345347,0.4076847820941155,71.76152366094452,242.8089746048127,0.7052221055532961,1.6384163576428605,2.3436879364466114,1.2207344744288873
0.02489384199193253,0.08355257445408784,2,222.0639691265343,52.730986278388016,0.8446724746762957,52.464199954369455,163.54392609202645,0.34643117686812447,3.614382424708529,5.181542505771932,73.66767438498628
0.018650405970036612,0.05436155553000352,1,167.14028166646688,59.807514847334154,0.8950458238790878,31.4959903924427,94.07989580935588,0.3789533577898759,4.340594481909527,6.257909579923295,100.0
0.04980365469169394,0.12152370377467962,5,371.69699597350944,95.45961859508027,0.6122838832537518,77.71136758040119,209.2549344823118,0.47871697287682036,1.6728981408384602,2.2201060545368914,15.802477737050573
0.029290348011981066,0.09892343556682255,3,325.69051403156203,116.28311250169455,0.7007674152129207,39.858485953517096,128.48602933285164,0.4334236494234579,3.0790845800301265,4.337490534184344,65.83364282025255
0.024299178224067693,0.08303809951482528,4,327.3774097181696,72.54535501010078,0.8121629546803686,56.73222840740965,195.35766668861288,0.41731799389728985,3.3267854081827144,4.91192052538106,66.16128055407887
0.019801079731370953,0.07221685914769994,1,163.34326980743225,36.47124057174964,0.865724314182461,35.85673869646821,107.70500608468706,0.32921962185715287,2.5735486821813067,3.682919214733255,100.0
0.032403622812204616,0.10359880158511434,5,425.3152987919689,144.4690318576493,0.6934658598171273,74.86792556163776,221.97397519767685,0.6052904657621564,1.7404136168211888,2.4020760818547164,16.99922885598375
0.021348437928430324,0.08503932445062239,3,342.81131276690314,87.72669708522349,0.8331201216302485,51.42888360340225,110.78451395236296,0.3345268843834775,3.6570435691970697,5.04158677515649,62.16168964999518
0.027138893548409832,0.08792247513584815,2,229.5149799307387,83.6081398313152,0.8272779386724672,41.5723810196549,119.55925947478129,0.49891929533676327,2.870115396627628,3.5859007806041894,77.96602454551994
0.031740832765225595,0.11433399376029875,5,411.77989005858285,110.59296398262978,0.6939965573458075,59.03005844564714,204.82243823497447,0.6462036883994924,1.7650899484331066,2.6193404673306784,19.61454274282537
0.015446104614631515,0.07968753025348686,1,216.76873247381695,84.04565287347427,0.8870209988177641,20.153840714456287,45.18696016914138,0.2474624859620392,3.622094587194602,4.553398316300103,98.59323868074713
0.010957129831286532,0.07260439193601977,1,248.0706118675712,87.73066136797236,0.9007865749895642,34.579285907794976,69.87953407804581,0.39798099319024627,2.905096433495148,3.9371567135222802,100.0
0.03875581100561619,0.11014344123656489,5,460.0729311009234,112.04667894954528,0.64628263800144,71.4377820053825,159.2331122372701,0.5704675132189656,2.5772428964820926,3.8471280836981765,21.26555454203964
0.02569540348550227,0.09136815478704122,4,320.78955355453473,125.09388746626841,0.8472244818534903,59.95880596905285,146.0593761028635,0.33283245579640747,3.9892961876180966,5.2810035235328305,62.225799704088864
0.0153718254802395,0.05621483029887655,1,197.12266875344426,72.39386330652235,0.8579159290990809,35.68419102335068,85.88392959625466,0.3152643515663562,2.963341775611988,3.700730505108066,95.0006174133254
0.011927802486895294,0.05647485544212786,1,202.28697605026667,79.72587105115078,0.9123479782311792,31.0752100869435,70.29448828395168,0.3992891511614162,4.478436702149029,5.865396635290014,100.0
0.022418870919816137,0.09612524490962987,2,323.56500727063775,70.68044309902423,0.7469252879204449,46.54543082649708,131.75546686753313,0.3378177970784136,2.991600200562781,3.6265895315689938,65.6757317023872
0.050218660255822646,0.14375493497808117,7,440.5793043135606,144.80676719532283,0.5195459627624315,89.46846027506757,242.16733997430515,0.719505665350522,1.9764362165177582,2.9073744976730937,0.21651122816687685
0.07702496055317236,0.14592322210118658,8,537.5187214585997,165.99712972725064,0.4542191046940801,92.10549949664073,322.17725479305835,0.7019945402262219,2.937563628979799,3.7844165064732755,2.793441272466021
0.020331786863166394,0.09679514938001818,3,211.48004816129009,63.855817460385424,0.7485971150010615,31.060529276368722,104.20418517082217,0.4113751422626969,2.586481643736086,3.7401317540180163,68.35938823095333
0.02358259833674475,0.08740023686187667,4,313.9254600545946,122.93040940765597,0.763511123550877,41.758519681342804,145.75723572114202,0.3117243396628595,3.9953167823949287,5.247184620334984,61.501578621004114
0.018897405228071425,0.05149861560840535,1,249.33678383544898,89.45335367964665,0.8796793905980627,31.154258468613392,80.01399979780344,0.3773898606061363,2.978007835438136,4.193188889151693,95.05261217246985
0.017495701807577972,0.0692549147447086,1,204.3121459903863,63.72295372642177,0.9275169649993655,24.279338963793997,61.11185692010612,0.21605714928067352,3.3296463628080817,4.137446191711622,100.0
0.043527819901724135,0.10971589015299575,7,496.6648631101369,108.62925096777491,0.5945512637373568,50.304272333945725,106.43936653242233,0.6159058112088945,2.823613228384617,3.7059804864250916,23.6983649197723
0.02036561606549252,0.09942722829570168,2,345.36134899598886,134.44489083632993,0.7042712246692756,55.39918822439036,113.9202975189142,0.3714984498226079,3.4716235926618317,4.6792180766825515,74.37967873252883
0.042672014973865205,0.10058854207646872,7,399.2141052575113,156.2909392665733,0.5772741045611607,56.44100712953473,149.41093319656565,0.5181410232544134,3.076859573075652,4.582642700414269,22.61508081320034
0.04447729015863592,0.11556779611017282,7,496.1539542764871,105.019626370762,0.6844235590985236,78.47398890241185,174.55589792087613,0.6483056982975609,2.0314307991551006,2.5224912225359417,20.207496921363898
0.024236713443651275,0.08385257768531912,2,294.0099389422292,71.87393615985097,0.8058585819724591,41.14001793617707,101.0992446882601,0.47476034121104466,2.7330496843289422,3.8468320895496255,68.38502349022757
0.06853924570217246,0.14940343945745274,10,401.2854590990677,112.56443762470057,0.5315160418859841,93.39746199752513,298.78805124724056,0.7179573050072489,1.9254893560842339,2.803481353074396,4.061907548790106
0.035728820637906555,0.10462201379068403,4,440.66087668840885,129.15609879437523,0.6656358532117566,77.555704318577,239.7599884338907,0.5844168213585234,2.001898224880358,2.7982731010362794,24.02104323568782
0.028199138467792872,0.09061222798995575,2,200.17866475741985,64.4346997590021,0.7660605041402525,37.556960309143584,122.8059508081587,0.3429237735016053,4.414503348844091,6.250145622620808,71.59383569866867
0.01290656569203398,0.05646317356436756,1,153.65785057395402,44.10534087866284,0.9209946519596872,33.77753166751399,97.73899103311933,0.2372941851096879,3.8065810510696254,5.586176987882817,97.07549287587682
0.043444195746060586,0.1241099652575265,6,448.65088444954375,173.97570612915655,0.6974075470552775,77.90686576049222,183.44964641032138,0.46498258036811035,2.222525696924057,2.816628648319784,17.22449168922743
0.041293558224405176,0.10701836162540282,5,395.2359385312849,104.59748641391423,0.675126271721776,76.15578436810047,216.15791711493364,0.6403236711008883,1.977802151247773,2.786293035126004,14.032479057560714
0.017019090392086534,0.06834702993953527,2,161.77829313339976,42.341953399616365,0.9128935370644258,36.59171321038876,76.56727539853607,0.35814930640423026,3.6340595573522574,5.0479143999660145,100.0
0.0763880789468447,0.14737660513274153,10,467.5746189970361,95.26885239892046,0.5275409370132152,86.94252555564721,183.40614880480334,0.6278441980188958,2.298184857292701,2.780108586915152,0.3868268090502347
0.03170344820236983,0.11778052459519522,6,359.2036555979466,97.0708127411281,0.5882616000260993,64.91224189138593,138.98860584063195,0.46634288135859964,3.456718699808702,4.934495487538685,22.76268500099418
0.060723992165814984,0.13266629856058704,9,555.2754160982046,212.2841121578283,0.40119514851604704,88.38296282347169,227.6433482198307,0.7914914899292407,1.8627102142733318,2.7537313641370353,0.0
0.07462515305267578,0.136756561879645,10,427.96883027680826,124.18876493750756,0.5054508496904074,98.96088027100609,244.96485794439394,0.6660552986268395,2.9751003704792427,4.036151645371053,0.0
0.02843305374859412,0.08063173383178758,4,228.1159573608755,48.247778864376556,0.7332391249892268,30.845696065165605,82.54747429376378,0.324837196396767,3.1094238113346906,4.567267554182665,66.0760567884667
0.02029437752437945,0.08023098724797954,4,263.3557052106626,96.70313030860137,0.7073486947784665,42.14572293404355,114.88158709792171,0.48028949847844205,1.7249594189288893,2.3963419452579022,61.455498391361715
0.033302876640260645,0.11636275579030285,7,444.2537543380385,144.88098199235066,0.6538118922660349,62.744003241102426,156.97943332374567,0.6794876207458024,3.0986691552495267,3.7885793741648084,22.230194274954325
0.01798117289461371,0.07989370349184409,1,209.6249633323745,60.80879360980061,0.86495146221157,21.088216307574015,67.8458369238438,0.3203287409301653,3.16476497915341,3.963053904177633,100.0
0.03851230265739601,0.10593264184178504,5,323.99732158336,89.21111564441466,0.6849894378228518,79.93929266452963,166.40470948692584,0.4817936886342615,2.71727897554735,3.674200419005533,27.341155938852996
0.02005977179065485,0.09183888600477273,4,311.6774903968032,68.2515890908609,0.7140372452598849,33.38817799850524,116.18126598227668,0.3251699924756643,3.3773612701082603,4.081738456973937,62.117746157695436
0.04360198892300424,0.10872938607229597,6,447.27009378727206,94.14533699332831,0.5628371836976679,57.236211809319904,193.51182617885905,0.6333830754082238,2.605896368789253,3.132661228636123,19.677565830729147
0.013199609688186778,0.051548594100592426,1,205.7984056686275,45.74430362747277,0.8509205941673752,39.052238681183674,95.86397875994157,0.3306000913963637,2.648661338500152,3.651752524145193,97.53872150867747
0.04309382635292017,0.10948432892619082,5,380.4589151625183,125.37524300262585,0.6684080037258164,78.69111136625561,170.83035289586772,0.5903856998914627,2.2906975462356027,3.270055697912296,13.361647480787301
0.06398490980070524,0.13529691727381593,7,496.93900407666126,186.44830891529116,0.5333093692983492,73.72960635946608,257.7423521132224,0.7771529729710215,3.003374948430327,3.777812933928492,0.0
0.07072019864938413,0.13865030706321768,8,594.5524882878269,206.24574748164642,0.49943073045996367,74.55654100221446,254.89335007477638,0.6758174818709389,2.812431586954623,3.5487588791328712,3.602870817580609
0.027958606062140835,0.0830021875185946,4,249.03944377738847,88.84311100197043,0.7014891802924363,39.10713020527277,99.17531555213283,0.34485568030058744,2.4267809897515713,3.2626922298261527,65.01048234424907
0.028731089152228405,0.09391754447761812,2,332.3071449903762,76.32989046404136,0.7979894679777038,44.31815374286593,116.40339160302732,0.49161020715602105,3.4315549889200225,5.139926853415267,67.14323788793394
0.0217306175301501,0.08976810066623178,4,331.5530343021372,86.61695154819621,0.7347426256103032,40.911853796816274,103.05985640148758,0.4990556919476203,1.5836064342300569,1.9147295776857858,66.34845775160493
0.051639576340696415,0.13145732594059428,8,463.3970339347938,118.89733771071077,0.408467159545057,77.82148707513956,165.1722596601891,0.7264267676903737,3.2927208871911935,4.722214198453118,3.190759277916808
0.016533446293598864,0.07767568351567762,1,176.2977750230103,38.82822920520037,0.9486131072019462,23.568035441434986,77.87003134547184,0.2975820394829974,2.61144412745766,3.3930367091532228,95.54994241284064
0.02455649018974594,0.09373085872275484,3,291.3190411886031,68.45496143931773,0.7257068180965396,51.69635759245252,150.0333843959625,0.4502399875088359,2.051480781695683,2.7572148937164878,67.32303377313445
0.022729880089019425,0.09428042046785458,2,238.91157376543597,92.79813655570385,0.7886792934252883,45.73160019388475,137.41981915238892,0.4047578363761733,4.238045143275403,5.185825062143631,79.72242225154596
0.013427949724270643,0.059841936023251385,1,232.3900030161162,75.09310420887034,0.86868920908586,27.39729131632942,55.09126942428734,0.2506539578425164,4.443457086099355,6.190570112831188,100.0
0.03322138365853014,0.11932271145529728,7,446.5739824469637,140.53868931281374,0.5913886317434798,53.98203568120608,138.85930566410397,0.47814750168188647,1.7108175456194865,2.548977800218276,24.542197847108625
0.010684148329432114,0.05584838119450169,0,223.29478535883194,60.39857716013898,0.8526018512552472,27.050994017410307,91.39484477702949,0.3107725496398539,3.317506319407646,4.318974173801737,97.85509578858915
0.026816083038354758,0.0944133017844555,3,275.2960679294675,67.40398698391296,0.757776385437541,47.210891472370676,143.62113754231223,0.45273375397245097,3.6423443818460948,4.746450322831961,61.98427841276888
0.04270664098272446,0.10296038962490481,5,364.79455864027756,114.22211259787075,0.648743390741264,69.14827219161072,217.7630761505901,0.44672763835021884,3.090259094214963,4.172076480028855,21.8034466887509
0.016747479240301705,0.05749507703625677,0,209.95454525301506,76.32862605853413,0.8786907789719977,23.062097539458478,67.61604787800374,0.20996351588210277,4.085174930381371,6.086921436130281,100.0
0.045661730997132985,0.11558479737606481,7,437.0428813167645,164.5036552288189,0.6159550547883964,57.56684681021614,175.58927746300662,0.6102994807051442,2.8428043882131577,4.207169479548336,22.96352576912988
0.024008729374414266,0.09389200098025186,3,226.6378463867512,81.52942839327586,0.8380756504619581,37.79457582029775,104.46151980566316,0.48261411054829056,2.867461033802866,3.916972098439031,69.19259275067367
0.023818810884573147,0.09167669354976216,3,281.8253895709649,62.00903689823615,0.8404383380582048,41.45917552916185,112.08508618884834,0.30207129972295915,2.5632281398272627,3.1789606196642946,60.99589624566738
0.020939870475780904,0.08359406174334912,4,205.9030327958839,62.61216639610447,0.754172339850042,50.1284236992068,173.2395350242091,0.4203476323236885,2.9677878598721605,3.7202594509708247,72.1528184425421
0.021378785604194,0.09458947825106387,3,244.43914942117183,68.94210454142613,0.8273558707701558,47.14613878912846,164.64847758791626,0.32587002140056837,3.693379197206287,5.108434089941076,69.52160544171885
0.010961972274365576,0.05541566523571396,2,172.69176672955285,41.244951010680296,0.9163058658041263,33.972547470742235,92.80473467319071,0.27260383910508124,2.5144134227185777,3.6001009844628986,100.0
0.018213273459884136,0.06258018169897248,2,224.94279897217402,55.233709684125884,0.891152559472365,27.8430642908092,90.78690973988441,0.3727317678185621,3.4572680391356654,4.25945300131649,96.54976763017041
0.032603950421878025,0.12847477218578923,4,498.9764435249614,133.77530358581438,0.6064657597048041,51.40095133235158,164.7319737510607,0.6703685637859529,2.461424122620068,3.5513085353632143,30.409357518209312
0.02497572265323288,0.09961797143296906,2,210.74361332710254,52.23238155574702,0.7271290187262032,30.600390471086346,79.84770369100877,0.38077529949692007,1.6612581478543536,2.0735442558703596,75.1348804209492
0.024044814934853505,0.09212931868484997,2,331.88607601182616,67.18106206049926,0.7469493525886853,35.535722622810866,72.84247715674628,0.3774944817535002,3.4177040674871444,4.916404888073291,74.41061706151524
0.06482388194357025,0.13222027997401548,8,462.1411216468902,157.2371371853223,0.5327078074520626,79.63072606318303,191.91307727187652,0.7798274515504886,2.545119569910958,3.564199389858397,0.0
0.029834962913497826,0.08602966353253755,3,269.6985726747181,78.77989603100333,0.8058153199452972,46.316337495217525,141.3699982365146,0.44376566115317984,3.768979092440162,4.849431388067306,69.73361051180942
0.021241004276921428,0.08448629846998762,4,261.331911464811,73.68696072735095,0.817166810596757,40.751131850332534,121.30786871044928,0.4994649657284486,2.9748893470171986,3.9875492368627725,65.53472074651448
0.029062226737279265,0.08127354010512403,4,223.12233055481522,60.501486669230644,0.8054883759081337,55.29840004110644,138.3801658860378,0.30581563519729,2.6909007999600902,3.3108391354323468,74.80500435468912
0.01419037945642412,0.06655036900338197,0,164.2918812036814,51.334346986556376,0.8735342370155449,25.428100420864865,65.22069202982843,0.2901277225394017,3.466289469157441,4.498794425350998,99.41723274753248
0.027465072789463172,0.08796991891622676,3,287.7393362508143,96.41939646187714,0.7460626581235122,34.46742136625325,112.07734400275864,0.32183593701389596,1.6525380640949616,2.119432113096505,67.44363947233596
0.03399238740560102,0.12439785003963191,5,485.8694254905377,185.71872848946336,0.6934224675593824,62.13219392097376,163.00301485687774,0.6820269462196139,1.9283381354894915,2.7788039907876234,13.38540497564293
0.025294116225259632,0.09551783867498907,2,218.5443606335722,72.61667129418473,0.7712115758553909,41.53033821225722,86.12425291041308,0.3597268729196528,2.755988828919164,3.951709666297368,79.91622375387118
0.03643149953376785,0.12335900321684558,7,394.58237718261523,109.8923769793663,0.5600370182514887,67.58250340088206,205.86651578936053,0.5802837830331322,2.290035695888321,3.3880881407189727,17.08118855986897
0.03240776693580171,0.11578689420660704,7,380.4856949893596,126.74595396889593,0.5509846437620884,74.88845541686455,225.66490033192932,0.45457321992707056,3.4145620097930935,4.299990341721001,16.040366626159205
0.02612941763003923,0.09322589390377593,2,229.13374447187988,69.08869323156786,0.8266547126460624,37.86964296099095,127.91220412319102,0.3074577666664336,3.92182959562252,5.581288409506353,73.78097199650124
0.017688195702174794,0.07494450445309069,0,241.7067320183011,84.54848676002759,0.8905382858197017,39.94609850949583,122.33281817854841,0.327475393241063,2.5284674009153036,3.2405841067038548,96.35410252499305
0.025086354411566227,0.09285978534933433,3,317.49797349782705,126.18808376977259,0.7494394510146182,51.41449031526844,167.57570241499096,0.3662307043874063,1.7045668311421567,2.0741954149789543,69.0640144328375
0.028939607171313237,0.09944193101049446,3,325.9787459359413,105.61475495222977,0.7999318555412055,57.96547343498287,143.5572510563012,0.47810316199141384,3.3882862349128984,5.01087873793957,69.29301430249333
0.022479669399388384,0.08517661886513893,4,317.3602805358477,79.71330507774411,0.7362361537837251,46.32170980480457,111.16425345478676,0.49622589766807546,2.976305638026785,3.5957635656188733,63.73835436036136
0.033580681721797845,0.11247416456764327,7,363.0925100553202,108.55220904118255,0.5561763456521511,68.22703618523883,176.18592628226375,0.6834863821230924,2.7397897870348364,3.5759685577194356,20.60896064585387
0.014781307954711206,0.07432779064138152,1,207.92624294351057,58.52701746802205,0.8960578373746526,33.402729983760324,69.30453841391324,0.3130416613967126,3.056475118024257,3.7507965633837546,98.19896263886125
0.02892817401352482,0.0912678251671249,3,223.62564031736096,78.28987541125088,0.7607254782494788,59.05335297681395,129.88989925598216,0.4443108010849547,2.975913214390271,4.147833867314528,70.96024676199583
0.01883815191462928,0.05315482212792227,0,245.29238157451567,66.69104578021182,0.9343662782009414,27.096692749722365,74.52834292706139,0.20630650149706217,2.973571970841563,3.6809640815353597,100.0
0.024413812147786373,0.09867238996075782,4,323.54612228761124,78.88676374436393,0.7468575486157111,50.23534832553391,119.87988413168308,0.30715014012271197,2.8721710971040846,3.7064038896940157,65.04984226891469
0.042485134274388,0.10957613815551409,7,386.3296385126803,87.64275386827342,0.6931609151778437,56.569427080278146,188.00536506443308,0.41630567515903394,2.4367416657309713,3.196825478253754,28.36109845856641
0.024177578280895746,0.09891740730482952,2,347.1488626486496,125.35502508010224,0.831659291693279,53.877575088203294,133.34703933150283,0.33046403958360127,4.257901191982977,5.437641736949489,71.08366364038788
0.024532871049088814,0.08127386011984566,3,340.66458110835504,79.94120815692997,0.8201897746746051,38.67540947845265,98.3442272495884,0.384239793082545,2.938649176658817,3.7408207207038764,60.50649054944883
0.04633710884996485,0.11823137527676549,5,395.6492051547648,83.01170964604606,0.6244085212064685,75.57338409263632,214.50364285476297,0.4052732556675141,3.0942380022843707,3.894480888718686,19.675098560394193
0.039135920394669045,0.1103461320694022,7,312.6124498792674,73.62728190046695,0.6379169165712079,70.30955338977991,234.13094284681182,0.4989311693698698,3.255450980780977,4.860571027199335,25.35072530943846
0.039283817115479555,0.10727662708448321,4,463.42675459380405,114.40750476726106,0.6100830297282466,65.32769119402249,136.0135422479318,0.4782016031133573,3.479137625401951,4.942263539327872,28.559026880376173
0.04173937067084974,0.10476378935114404,6,304.35251826961616,90.83953955505443,0.6146841322201663,53.94852649283316,128.55747269091313,0.6004494048526112,2.9883299503290734,4.05541894651763,31.276566577494826
0.02757709677156452,0.08610483949289358,3,333.6255152331084,109.46592395588394,0.8141969411894264,46.01690240065193,127.32397004140654,0.32894601878913987,2.644298267340777,3.8861886896618527,64.78806981387402
0.07892158755538822,0.13752677253637574,10,556.6917661292432,208.8040223975967,0.4919834761726003,72.25883513773137,187.25147601907727,0.759858537774316,2.26954860310024,3.083878028980959,0.0
0.017931054135509817,0.07668736938815407,1,206.49280099504608,64.28593853375679,0.9240961136998198,39.28355295594141,108.7234536012985,0.3286473856366545,3.379008504751024,4.804230673863706,97.54773035638603
0.026678677752385745,0.09738973213593129,3,265.03739197403013,53.59775334969632,0.8159260426642914,55.89735020456576,131.00159135370274,0.35674060987793155,2.784315380803528,3.871428708973756,67.36829497089695
0.04267631788686537,0.12427473572204094,5,394.97926592730107,98.21578005732304,0.6310731276781667,60.111659642176264,203.5266378340647,0.45703894023119296,2.296616779757006,3.072251901830075,24.94861094815582
0.026570890627240197,0.08201189183410106,3,301.87074190435607,117.56793944161105,0.7325548946592867,50.58677697292854,149.92485285470087,0.3610102768981515,3.0584143525635117,3.751086319022608,64.7313522896251
0.028449353450332348,0.09194094594141754,3,243.8508907156491,75.54945544229494,0.7398087701958077,53.9478943442206,144.33268039569745,0.35170196609310367,2.6355437290803336,3.4635480264632275,66.83729620817196
0.027068117812307443,0.090203288109309,3,228.77925162739868,49.71429943395041,0.7794365792494815,55.60656757109047,191.83106519959418,0.3662058550080501,2.51814434943304,3.128681596018909,72.6142423048396
0.05427186674554011,0.13034575855999375,7,540.6973699311658,197.07827684511355,0.4481919531981248,82.87122073346951,269.7883292804664,0.798115071966692,2.2395557234124404,2.862088512140028,0.0
0.015520162473206646,0.05808005102117367,2,220.08212027112154,71.07320177009423,0.8757232547954755,28.563639909553814,99.87322935891842,0.3278021864215291,3.5488436660733917,4.548007086164281,100.0
0.05617677485714227,0.14038144709262096,7,579.2673390900035,214.8648204333669,0.4938224915360993,85.83160152197335,226.85183848985008,0.64323541736283,3.385796572332568,4.492717716585702,0.0
0.015564755212493345,0.05263857473610141,1,241.57834847755475,65.51182063004146,0.8938618713352158,29.994081240113285,79.45731421320407,0.3325169052205832,3.108404360673051,4.366331135941226,100.0
0.020814071037079128,0.08881875397128296,4,284.1466761668955,79.32840137484631,0.8484979388278654,53.704684043929475,179.40559448722138,0.48200059590243893,3.339832397785923,4.392374258154492,66.38594066401888
0.02433158238079115,0.08578017872711628,3,219.2155940728009,62.57014981202951,0.8325901621361541,58.556601114745,192.3207025283563,0.40303267909742013,2.698092539327127,3.6851889037718584,74.87898353123883
0.0635583923573006,0.14270641013584787,10,483.96341454249176,99.79698190155241,0.5082446593605789,95.97415694215528,261.3270635485915,0.6922620327171797,3.2676378978788256,4.843894174841134,0.0
0.06301665743631389,0.14858353445017694,10,481.62235119474536,183.84729464460506,0.41451236930043533,88.03315488118375,203.24812875787862,0.7740585566447136,2.7204348800766236,3.6629179841373922,0.0
0.017242693982448785,0.07928362359060412,2,171.3643957686009,59.57935480202667,0.9485370740029373,27.55174862453625,79.34277267383663,0.30049032172160584,3.7294357685019848,5.126326590525421,100.0
0.06058106614521109,0.13185754786663648,9,411.78621079866645,124.65567173555006,0.464609948758117,90.57324938947589,225.31657534154576,0.7828533232959378,2.7747132695715186,3.7550680590507826,4.420564408329707
0.02320791036651266,0.0971846161140786,4,229.19002961646186,68.23349086564373,0.7497783760866409,30.309644499718594,83.02329850185127,0.32368953383294197,2.353101522130279,3.0593675855580065,70.91724747738755
0.02050355525110767,0.09961340963252314,4,206.72556751467337,54.87374252895231,0.7739780144739652,46.416272401126065,145.6278912740791,0.4792574801341092,4.23058328264403,6.201184810253131,71.76281801690568
0.07448473754025005,0.13827967069393593,7,409.5153512742149,137.34283078865997,0.47353324773124056,72.16322027251884,149.3865802027449,0.6925486544423332,2.4583115632409567,3.1937379898579095,0.0
0.0434817879384099,0.12032517351652598,4,442.2031376919308,124.2052705985854,0.5874449703571786,67.14019606241644,188.58523171586424,0.4513379525107381,1.76081685478584,2.1332858018554495,29.124989809667706
0.01974323214112543,0.071403801623211,2,244.20758575011814,92.96346881018954,0.9007945768060197,35.63878684647314,97.06360419667895,0.3748242698246133,2.829409984702683,3.5985004289361804,97.82535955371767
0.012102461408130876,0.061098774851114715,0,178.19046347276057,49.40242025827428,0.942703499863705,20.989728294639587,47.70796423305748,0.3160192734204651,3.7130879944926996,4.7600185778098645,95.41444610222837
0.0346562783838984,0.12158433823191876,5,401.66831629295797,159.32389096962342,0.6101184857693119,65.19976219313246,143.84065747667117,0.5925370114783364,3.10906222938989,4.022100194312611,18.167463361083023
0.028670599555364037,0.09662874438420636,2,268.69399980671426,81.35423353235318,0.7112375503637196,42.36293479584079,108.16009473801773,0.4281888524452611,1.9047311872984953,2.6358973814401665,70.34285368156671
0.01767615117977537,0.05633351690212377,2,164.84718382392504,47.98680252366353,0.9212574445940912,27.574640693557452,79.23033092839303,0.3277171875109216,2.915011173584248,4.036484995238937,96.57930466399577
0.011247292291025912,0.06675069927578461,0,226.77571213771623,87.39022884639553,0.9492531667242703,31.39564574948585,75.41263998831037,0.3512424432072304,4.4829757708787605,5.544877799808095,98.79173314829112
0.024793175179471612,0.08420745984130569,3,262.48808138814115,71.37865545644325,0.784257128807366,49.517447920211794,107.70626297691902,0.4801080538216388,2.984758589483256,4.225815464833999,69.57835608244919
0.01592870863126008,0.0692179842472807,2,190.95922248654668,51.98841785914438,0.9358248502916895,30.59086201965348,94.3539419953264,0.27532551722946685,3.3132108887184355,4.759469944220537,97.71983191453506
0.03949489495757666,0.10845418611991864,7,474.0798706347988,125.14987766913437,0.5792760449262426,70.30562675365123,176.71371722342616,0.4515583577753237,2.364364619542462,2.90634118439768,19.602011699823894
0.025042228239389435,0.08425174857046525,3,329.2605438290857,73.05645620274464,0.709606111575428,42.337116041440765,145.64554479480776,0.44560248307021716,2.1151032880709266,2.8978945683618833,68.6342618388518
0.06010290420772774,0.1392247848335337,8,578.1607789421973,179.02233374265447,0.4073757731084837,78.7177795883492,272.0399573914605,0.7588774412944718,3.243133467171784,4.648930586109728,0.0
0.02702888753713543,0.08559525966126134,3,265.0090180686066,66.13256253953172,0.7661606363862539,35.19958067708001,108.9596258948749,0.3142256839884848,2.747194431984508,3.986262557297234,66.86519381839058
0.028943531760967995,0.09106036578482855,2,282.0480637819516,79.51219820888251,0.7847570815041355,52.809188427347934,116.151214117063,0.45860788272663244,2.5652963110556932,3.3296512830643588,67.43862815246916
0.04891597339769542,0.11474785409052021,5,448.24202251309913,161.59203218413546,0.6771805623387133,70.75069058588912,163.43930437737222,0.5634189549981171,2.151057354566337,2.90678872767981,16.42086647385632
0.04984361166391825,0.11912989381499454,7,434.42317159720926,88.54276938960378,0.6733599637366648,67.34311649496246,181.306990130302,0.6766458792056764,1.7682844232919237,2.414722765343038,15.427688509870052
0.0237308526338318,0.0991602760136231,3,226.89135439893383,51.224418475007205,0.8068394984062935,41.435686123029974,85.35285711587652,0.33679543434085235,3.619685139368532,4.671881881364695,67.24920590946527
0.04740229871770826,0.12935519213207394,6,303.00658145604933,97.38939363294942,0.5856827408945035,55.31208129902515,114.16977413213904,0.5695948498354348,3.1351653650322593,4.294819262219827,26.922249601468017
0.02653018314538484,0.09331963328954067,3,257.46470497719616,69.40424070882047,0.790190341091708,48.68146212560344,101.9731733034894,0.4789302060058268,4.486927621211812,5.602010940808772,60.908490146885995
0.013383936085149609,0.062472672838015206,1,198.25999574699452,60.340616690711855,0.8904991447222681,34.28485834005068,111.86954338237639,0.24807208916102189,3.1156512764976427,3.989962887392396,100.0
0.02286115952993474,0.096478686465683,3,321.0854330415406,91.1837360455883,0.794724137919296,36.45960575971428,120.12620606546403,0.3940347378296417,3.8155548562934922,4.601446276478181,63.049301469665906
0.028925978558053952,0.08859251576491976,2,244.98222671519218,62.69887109964611,0.8465947524084803,48.10318355902433,112.0240484937957,0.31550476499302005,3.8599131954980184,4.827687965085299,75.95921883141075
0.05961453668010406,0.13224192906622198,8,474.2980702212031,155.50461595615874,0.549149979236563,90.93518684010094,210.13979691219257,0.6604504514284125,2.416701928837739,2.9426062686372427,0.0
0.015864748096357153,0.0638796507291279,2,236.95614919766234,59.94781946745612,0.9342603791210227,23.624541624073526,79.73993708402949,0.23551867608621904,3.904060694630691,5.769881330126736,100.0
0.03547918480172752,0.1205748541298195,5,475.45946452937505,155.20604662141264,0.6781755518705498,68.38915059033098,237.81903144751408,0.4698351293243599,3.1220305407601883,4.07110236502692,20.940149786176406
0.012934204944313372,0.06289804728635659,2,174.92664347033053,49.75855741227865,0.8816131580568211,34.19868321569872,78.17956991342432,0.3871811972565983,3.9329966654562787,5.603934950689243,99.47379852939393
0.07666661450098787,0.13461795251516642,8,511.70715018732255,147.61399533099876,0.45785242413704064,71.86221990204497,246.1780002408453,0.6233451743169905,1.741887625235589,2.5549450421960356,2.6106103881300804
0.04793950158518009,0.11182580470443838,5,340.09536374752605,99.82290230231467,0.6398746074753606,53.50950330779851,109.84726855754505,0.6096109187331433,1.6509779724285367,2.2838259557492,27.37272238863864
0.07750137513435014,0.13144232782821194,8,567.5274964475417,139.36149757867483,0.4998221069301873,98.3434320309512,277.7861112404279,0.6141178131771113,2.1941779120862765,2.8410937447548212,0.0
0.022466585400425794,0.0867889821522406,3,217.88274601266187,62.54178133699316,0.8397665321655217,33.601590051959406,112.33755752950158,0.3578604075243034,2.5896963593401354,3.6819706313810103,65.18382732031182
0.023983303474197293,0.08759313400136588,4,323.3732026182312,118.56483143693747,0.7567632660231663,50.6687554339531,163.39036805686368,0.40254240400993874,3.8398894704783264,5.337293624428024,60.33216610684357
0.024486290164207503,0.09438658351289889,3,224.73324851373283,55.77139218435454,0.7752562527520138,57.068322853376884,155.24888539898646,0.3994223623199513,3.744254444472462,5.3971777997879435,69.82433765568719
0.019065169426299922,0.05482539914466118,1,157.94985145860454,32.50573330675698,0.8801875687328934,39.94144417585131,80.03817254924411,0.24088070704683182,3.48990718016921,4.800550529186699,99.70689273646973
0.03341019897701656,0.1272797000665701,4,367.9406311050584,88.18900963375714,0.5826660020548682,68.66395272745908,204.93771779491178,0.5483449221204433,2.500483400056056,3.0429149774148887,30.597622546506837
0.043506223090319984,0.1260137719912278,5,447.06612150822946,172.55794216400886,0.6012441957042163,64.10314935257112,183.6057933464499,0.5243710579537734,2.287455913573016,3.1901047593666227,15.568148951855854
0.02074450166273313,0.08567257602324482,4,216.12133332499064,66.18454315768656,0.707935915609196,54.31744199834353,167.43173615356682,0.4495524311061615,3.17913654797107,3.8405843164960856,71.97282784872453
0.059735078321272644,0.13988208421401233,8,413.68101459196936,107.5335156714688,0.46352694564078784,86.32250927421249,234.95569486625863,0.6835417029330527,2.5672268719982236,3.3563379179378763,1.8088729492268418
0.012899280999775225,0.07435127895072573,1,214.99882353481027,73.2208029720311,0.8933493733349505,34.09808448554978,96.99448986165216,0.2947847875321739,3.9185171361265474,5.278905075969533,95.52391569674103
0.017136182728214832,0.07350428448475425,0,173.04662004804155,55.750251572439794,0.857276163825979,38.50555740820247,114.99612690603017,0.22996287686522368,3.733992721743541,4.837605910169739,100.0
0.02588892050546722,0.09690304970053683,2,264.86614279289665,87.98831591967765,0.7266311662897565,33.508779577240524,82.09682092741934,0.3619929891370762,2.575709275932341,3.8353680248014097,68.09397184942064
0.07108221307849896,0.1303202804196674,8,466.84628886193775,147.56288775699716,0.46554840515821344,75.06979440925419,228.0469342518589,0.619439974794394,2.3454879392231156,3.3859839414043518,0.0
0.01999695872859945,0.05265417881752455,0,188.3420478210242,56.91275978558673,0.8623264720453532,22.85625179810898,52.357549445320025,0.28594212759273224,2.648847821886734,3.9037041732980553,100.0
0.02072991597064738,0.08487900398993156,2,342.7918955743681,122.5727064966608,0.7652375451646407,52.77221719073609,171.70723040485444,0.472145983178955,4.2973682986518265,5.601221147673272,69.61548682398372
0.019863752011788485,0.061376681598352786,1,179.45321072151975,59.1947977991971,0.9463503797482252,23.961454497459357,63.87552603494245,0.26007518973519134,3.28394560929393,4.3960747957089366,99.30453865118018
0.0164660151396863,0.061694547240973834,2,206.33521659156125,47.933738539603276,0.9257149711784656,31.818118285281493,69.84141742384215,0.2880168492361596,2.908207324432725,3.8454850891941157,95.78278267202886
0.04454715615315512,0.12268083620507696,4,498.12752399649554,159.69389809838876,0.6077716342245019,63.906889335994656,139.33267052380597,0.6775418301191921,2.7475150663515824,4.05497808340268,23.232357848080195
0.012244012699114615,0.060285516425648576,2,238.20500839316273,74.65763393226294,0.8513328230350455,32.70023822732427,87.79664232440675,0.26130133996601423,2.979711465176912,3.8425543473540316,100.0
0.04434218160082913,0.1067338804220676,6,422.56783505408765,117.38859812195199,0.6253074681989346,68.90400235969851,160.4810794676934,0.5235843997703591,3.1397145627520144,4.229443430880896,16.629375515415052
0.011520736347705651,0.06914464409183917,1,234.51028574861587,75.22010127720618,0.94427700118055,25.393218651284986,58.37445109477959,0.32592112494603287,2.5268377594282883,3.0813351251346606,100.0
0.017624542816714852,0.05468807769488894,0,163.38953292681597,59.22997085737191,0.9153039734556412,33.656043572624796,108.58101860279734,0.3633742904224606,2.8321658088162733,3.5976507827274165,96.78856044131248
0.03590536389734947,0.10300024432115472,5,407.6437411112465,153.002942132882,0.6062550116543333,57.495790307780666,167.02254232844209,0.44988571622164064,2.3835474572288824,3.3389735996339645,27.512238020651324
0.07456620708211449,0.1375998749088115,9,571.7167411762665,156.3145693797388,0.4176349769018114,71.06486395941872,242.4019509167816,0.694292749683265,2.571236582155225,3.81433775893001,0.0
0.022628805111833888,0.08775391670164055,4,247.18210880107006,70.70437133977785,0.7113387482922243,49.16058375913669,137.03497767532807,0.44078087206725647,2.0118043612754235,2.9731642807724104,68.38536114493975
0.06221717582155185,0.13657057603401485,7,545.8687972159572,196.99904165316516,0.46211700258819083,92.11957821366074,266.6966311852473,0.6854532858134039,1.6821656123350313,2.51775864033719,2.9251902305195587
0.07582999316503085,0.14591816288987233,7,444.17701005140464,153.75258989082988,0.46318464980042934,70.05033975751884,241.12829840674164,0.6745477470782208,2.9487516358880077,4.389366763343045,4.773168847412721
0.027830693653653725,0.08719660523955913,3,252.69206332700915,90.33485958986621,0.7953667280977804,44.74473028495891,134.76259514295685,0.49899356868455613,3.1202924865714587,3.8155410231434033,63.15880510278182
0.017931032205056454,0.07000307865344446,2,173.32463568848198,38.53663473673117,0.8712633643687581,31.671428049254956,103.71265099940234,0.34617269493481395,3.7435387799655437,4.661934026179703,100.0
0.026666628525164972,0.08196489409501914,4,335.0750011073391,121.48991072927133,0.816974641978146,47.8243973328736,142.5894882641598,0.3999172301276523,2.5536701588589423,3.3224212547285497,65.4747800129529
0.020977979264452436,0.08361965093371401,2,322.2997223224445,125.47061592491954,0.7969235418167168,30.828190643073107,99.636384129575,0.4221950297938166,2.701776231692303,3.255065670088286,74.28157650050197
0.04501260872454748,0.11476627623256534,5,387.64287005438666,114.97245507344796,0.5808235648185429,64.8689565597568,172.23047690198393,0.4127055231815578,2.787855011878677,3.7438832382990976,22.88110180887635
0.0752042998332185,0.13655683403417285,8,424.90651654055483,143.84253813685865,0.5445642411428537,96.15257211494252,313.0571931665055,0.7202263476708667,3.069499614130459,3.7324312421695356,2.5094924204860245
0.06165079456524184,0.14317885206288314,7,460.6536344840838,137.19188436870402,0.442659058471394,73.6645981049858,241.81044973053028,0.7920877924296716,1.5043001380720886,2.012226835851821,4.318158788381545
0.02830027344263535,0.08234067711659221,3,222.73197383652249,61.319990772955904,0.761013594885376,54.416764098146174,167.42142374631862,0.35795459675761243,3.565028627814475,4.695363339234772,68.05366829299552
0.0680052621661204,0.13962254749921377,8,438.8407790014239,153.56057381939948,0.5369566378073892,97.05522485882355,295.1809903507417,0.6973229987455016,2.113642646298097,2.861112202940022,0.0
0.02632410683283858,0.09881156501099697,4,305.79086039060496,65.79852520622573,0.8373171364177633,36.183061330559454,83.5950221212056,0.39083183269119787,3.123590475492273,4.681010330533889,62.52203048945062
0.029061623394978316,0.08935874358193364,3,253.7258341874051,67.78196600707348,0.81292195102695,43.621367419751046,145.1197254596674,0.4942317164926198,3.7047372403125927,4.5580975467766445,62.47622163062703
0.03621449859237601,0.12589652915486407,7,349.1575705776424,95.02706977994634,0.5995972027908549,53.25874431952354,123.13803209257067,0.568384649665276,2.641647732173073,3.4846276416924096,23.088514026521842
0.010812699238103067,0.079750232199391,2,150.26264977020628,54.94905442088378,0.9042375817110293,24.695062197248518,81.94786859843327,0.23726295571478176,4.198728902622257,5.782412355239128,96.28567562768939
0.02420580674924401,0.08545990330833465,4,222.96290602376786,63.88931653520236,0.7218416005770517,57.069008862228756,159.67689157405763,0.35813982139211725,2.155267325551594,2.595186817521554,66.06968263715021
0.02374802896723659,0.08352464870915008,3,286.29618189031004,75.48725078201576,0.7654122777078993,34.81955469771799,111.45806686177148,0.3886633344517759,2.6215653220339723,3.7442728263037157,67.78169050878503
0.028347528675914023,0.09880482907257196,2,266.13807288500016,63.91495072385925,0.808174428400376,46.2119404199623,139.56916165168835,0.4703255994037737,4.007538044185329,5.758287947552538,74.71796848580114
0.027241267965731317,0.09256762696046773,4,228.72816704679704,70.70843595400136,0.8350350327873557,47.936631386391944,134.65776731654057,0.37037307839863853,2.683943591100845,3.591467292625725,66.69353752464286
0.04624953440759612,0.1062635945760309,7,466.98810239041273,154.78662049276477,0.6438116299527897,75.80317197034324,245.34212055242398,0.5376628997908492,1.8775251506735486,2.6138945173256976,20.82035095993441
0.015557290353995515,0.07734297862081543,2,205.8931117295875,78.60637160647718,0.9311606077724827,21.964820373931257,67.5910621346277,0.23740103925184358,3.606265074295096,4.583569509788372,100.0
0.03290267028932562,0.10719905738376474,4,382.5170517307723,87.53184732175919,0.6925757762004835,74.31311000336753,216.0968168075954,0.5591790444551128,3.295621034364634,4.625023560340584,27.08065234537816
0.046219305155691,0.10695684514584552,7,315.82920517044187,115.08582048047286,0.5972699686734219,57.16616566191577,152.63626589514348,0.6388985572548824,2.563102213567512,3.155997098282014,31.90772015030043
0.025083925553950844,0.09457359003980677,4,349.4259646860407,122.31601472557783,0.7736544996895786,52.59608597815308,128.87596870822244,0.4241373121502926,3.4705557493898427,4.346388559854216,65.88367938534522
0.04519957199100731,0.11626519746998262,6,406.32253994058556,83.26122063294213,0.562500335427232,79.75419177381833,258.4716975078304,0.4824584542226696,1.8801034501741574,2.7960321894333746,22.94276364549441
0.03372024715320794,0.11236536667305781,6,412.2142509700451,102.38149869950655,0.6119174316497701,77.25659892109428,225.39790040201765,0.6998796405667275,2.6267303283469507,3.8060889312670207,20.771762506569754
0.045784243388379095,0.11802582055933913,7,430.80536554982183,111.51301268624832,0.598504242836591,71.15387520019016,172.20303604713686,0.6352367610798638,2.7669470086402406,3.3635487677784357,18.18585197444194
0.0748307857557897,0.14462471814956543,7,584.7552427016576,183.62343884705265,0.461229688406033,74.40626054582084,231.73465831547546,0.649761140514688,2.7846963872064645,3.5382310879266012,3.9552882462876813
0.07892485361964956,0.14291737334791244,8,404.58428084729405,118.45152129185425,0.4015198458771852,87.1704819063452,249.5541394820203,0.7241712167320993,2.8772387389067577,3.721988970621581,0.0
0.018733594610341554,0.06527876884616496,1,216.8519705365309,67.56231947922261,0.9174811214020279,33.7109915292813,92.0567705123994,0.387198759082282,2.9194545994325605,4.378442489797768,100.0
0.017879743936590854,0.06512208839000806,2,151.75034495313437,37.9743713307064,0.8841958501715876,27.745335083563,89.70915863197034,0.21475055002424306,2.836312334957235,3.819265656866614,100.0
0.021680443550565448,0.09960788509488278,3,241.76637124310543,51.44000098715995,0.8231522925602289,50.89556994539544,119.16020333705579,0.4497228860113354,3.0994592801771903,3.772464647361529,72.3771818301718
0.024561432569441807,0.0935357020942556,4,347.56201830871294,84.9447333868173,0.8198247965725868,56.882289800962404,124.69627322937966,0.4303659430718683,4.1070596024836465,5.107606920376283,69.07936129864144
0.01338217551909381,0.053527932792065504,1,197.7754037669989,74.50688047568389,0.9065123012338607,25.01731201129525,53.59002793398236,0.389765997648145,4.270192381463518,5.484976805334476,100.0
0.018228998409885143,0.05795896992942182,2,214.21035943730732,46.34941499671655,0.8843747337120902,24.596508640884966,82.00394837757347,0.3749200392279897,2.5230652007563927,3.3747324620028123,100.0
0.045945069680176,0.12414790896112866,4,458.9490855591744,178.2640102690935,0.5974321742045863,63.83440962464368,152.8641343448526,0.5529486971246756,2.8159592833048537,3.8211813754494535,24.936136488583053
0.03886174500836855,0.10284649026801077,4,398.8614106578206,135.7811421149661,0.6772774442277273,65.60115316541477,202.4177318902921,0.5126058942713492,2.503344178604674,3.668542729994055,31.42538244966669
0.018049053758081135,0.07920241712710865,1,230.0423187097757,56.50828667775242,0.8671164754422339,29.758709477477517,78.28106391873506,0.2897963405446013,4.242457578957618,5.9992007559766165,96.36939200646431
0.040459833610060045,0.12403438394198293,4,484.83783483055316,157.19148321429157,0.65755027681435,71.67981648019584,183.01365907375802,0.6100976674281756,2.7035955757182033,3.7150618987880675,25.040225882633006
0.045737744106337234,0.10720075979557453,6,383.9677391372057,138.43861003626802,0.6769842647341207,75.75946237089327,182.10439026309484,0.40208104589740085,2.0136026764569284,2.668850308056122,24.03620513896747
0.051965730982760854,0.13480379469457252,7,491.94793071779014,157.83574431479101,0.4335222343635901,99.54208240258804,230.0453033339214,0.7435468132442904,2.2892226093712984,3.3478791985128367,0.0
0.0558873260208995,0.13598730624967822,8,553.4474855745102,136.07817340950925,0.42484096698193574,75.1923302825026,245.5453494349098,0.6473963576559619,3.4571627375600076,4.670472101484593,0.13323674055842893
0.046234609185221785,0.12527606109861175,7,396.6781281279999,111.59184954602213,0.6516263299436984,62.9428459257377,157.3759746985203,0.6567368708164354,1.6122472963675618,2.1490382145043556,21.12890951375013
0.025462362689544285,0.099887705582043,3,248.96946577861272,94.08650830182006,0.8061177154525452,32.32602995523522,93.99633407719004,0.4666647729338924,3.6951610041675917,5.0214181751546105,70.52210015929238
0.024288410163382384,0.09838956756327556,3,300.796154240048,117.68589583460393,0.7187077973490053,36.09788300230429,74.26511351753001,0.31097958820551674,2.2285049862055297,3.0960330202235222,61.14269803645538
0.013720228081306305,0.07033192606824057,1,169.09217157142956,36.96445112008796,0.8810556551569236,22.85768322764397,79.31024215936854,0.3276042178970328,4.07238925642737,5.529305855550737,100.0
0.028747994660792302,0.08983712853906714,2,224.2742451397779,45.393358247154076,0.7504660723782717,46.798920069715784,130.74444383608162,0.3566861128339161,3.1732635246549634,3.890255854092951,72.19059053527478
0.04849416070992298,0.12584618408402679,5,469.526498537491,163.03812705246744,0.6679939317340855,55.60930145881548,126.88280979737398,0.5936698413343231,3.4873618475158903,4.890953685749702,20.341680538697915
0.011889936246238113,0.06138466041074054,0,194.20394762995286,45.61719295166333,0.8631674590412278,23.450491773279754,60.547776106068284,0.3358513658058187,3.753035501951281,5.624547200856621,98.16015300311145
0.02571631195585447,0.08290564461002642,3,258.86387373776626,53.068574232000856,0.7186506873314447,36.45115436904101,96.14657809683341,0.418396635919942,1.829390863312994,2.732980426469723,65.95705938335762
0.02478946828344425,0.08769819012215842,2,341.1336861146367,89.9127259127452,0.8321623168485712,40.31589856285193,96.99730382514039,0.4937171129761066,3.697523197311642,4.7390098280284985,66.48295522597743
0.011675089452015732,0.0751641250472792,2,217.01571503702635,74.64918014963601,0.9447529485812739,35.314152294587096,87.2337352375561,0.2122293245362291,3.4197930870039004,4.137476860331422,98.99579461847493
0.026747356332648728,0.08571160522305689,4,349.1067356381554,76.49366353354834,0.8472965050398498,43.663222643262664,88.20507381928884,0.32580809013661877,4.0293148559002105,5.177285489892503,66.29919787651524
0.06785597456773657,0.14894252269804514,10,578.5164754097427,163.78045729204408,0.4014027727989871,72.51339124275663,221.79275613679047,0.7208797379917473,1.7852897807037806,2.3699570412734343,0.0
0.05336553630893376,0.1335648518002932,8,574.7792374056285,159.42293403959826,0.42120044407504986,70.02572976226601,186.2700344096931,0.6394428818018759,2.4007475505879596,3.4670675854893473,2.801050065106833
0.012456967589250181,0.07151841700117888,0,226.62480033784874,83.44677883263925,0.9185252813637321,31.44094157641615,110.0033140275702,0.2623822272269986,3.153674202482301,4.287641945006526,98.67207915127304
0.01115574153223012,0.057595471058362054,0,227.7078565711494,79.5404950834622,0.9004309547510871,34.920121982305446,115.18937432395947,0.3108210364154975,3.235065855256848,4.051067182510479,95.74175762354211
0.022017754913216545,0.09018205889111723,3,246.1876283969958,94.06556565525611,0.8006631841042265,48.43494059516703,125.70540344867105,0.3385826108649832,4.499965993774767,6.480458015731175,68.32643368733237
0.011418139475568695,0.058542270288106435,2,172.5887962506875,46.031556384021705,0.9173754022660514,39.76631877088113,133.98118494271395,0.37581885019226885,3.7748585508853694,5.4217408013773065,100.0
0.019583091549869907,0.06835273678179463,1,168.049252553427,35.89773467685074,0.9379843074826754,36.61642137270648,80.38681370496869,0.2064986512448533,3.6961179741883363,5.20304853543776,95.50274542264377
0.07626593337099795,0.14022367151262524,7,596.2390130814498,233.27530264572806,0.4264126771240751,75.96230392471396,263.2645074536021,0.6659313208405189,1.7050934729265936,2.408918468569863,2.8230380280947265
0.01830440934092156,0.07401670367006181,2,208.40643924419368,51.0745146626499,0.8745600509123729,23.035103215004316,51.570989707178,0.2814643492367643,2.593069248408586,3.3878564942925906,99.52373519661917
0.025970083494408783,0.09449710525017244,2,283.8895626593269,72.65858209624163,0.8124262445711417,51.31855203599898,120.53621071229453,0.3366742238505621,2.689402126906124,3.2610593766225877,70.41194759005766
0.018325148596609844,0.06554684509976359,0,199.59979805196653,79.19739412004428,0.8809184943172746,39.328896671444404,131.01612432927863,0.20766247404729973,4.040222992277419,4.859535044698869,96.28197770935901
0.017440638609909645,0.06163564057614641,1,196.7532288859306,73.58859249365308,0.8762818109946257,31.00748326398132,102.90565569440322,0.32150206644637225,2.5442872231034492,3.3003159398704804,99.6821881636244
0.02365229565844963,0.08177554368195272,3,300.54210209398735,100.07355225295446,0.7405611617505299,55.94886565500378,143.39264294727528,0.36205434487676436,2.009799073964251,2.993803705901828,60.709702508714344
0.06951228389921923,0.14700453145983333,10,584.3223397358428,200.685806406979,0.5350376060831181,80.45671305108385,266.8164120839642,0.63502867446603,2.0193200793424824,2.69765586447386,0.0
0.028711935902649418,0.09273028044025017,4,349.6543066140325,100.09949589122523,0.7060434891468419,44.2364762330923,119.73672409649232,0.44522083923097067,1.6763230470754724,2.293021321880168,64.02243655290224
0.038795079449120716,0.1222790247785287,4,366.8254608698202,100.56813693778777,0.6050929416266309,50.561524016799765,162.1129237629045,0.45543271976358357,1.8065806138882006,2.495270339127054,31.688229290589764
0.02910227371430283,0.08580018030871955,2,300.3580778149798,76.4342995341847,0.790380533959532,51.71251474309645,124.86603484251299,0.44361857486609774,3.9781799116224166,5.308850708512201,74.4094459366465
0.026741530474901836,0.08169496277729667,2,338.1924130507457,115.41113339677057,0.7646694862268836,52.40464380096137,170.4151004929924,0.31770638929898376,3.940000967775116,4.9293181024718855,66.4493102005495
0.043383166840092205,0.12879341198020544,6,306.0816604522337,80.00520332842214,0.644892557789215,60.21728020042092,175.75663344885174,0.6840527258759713,3.2633626674515144,4.758468107804607,27.38100033408018
0.027888970171080097,0.09623762919317247,2,316.88716608654016,103.2385669494533,0.8209734669043115,41.983105423160474,124.80504381884731,0.49900777132737045,3.0125957981575056,4.341759326003639,67.39429446592716
0.03518211311902303,0.10213090190360617,5,319.94018216492367,117.91507532538687,0.5808898631508139,60.279415215929326,147.68883511104923,0.43444465138477445,1.725910390001829,2.249570172673742,20.146841452952284
0.019445679621599293,0.07152273236653492,1,192.24533983808698,48.8802810112864,0.8502242275206817,38.748420126895645,85.56746408037861,0.3816907770872596,3.5918135744774036,4.403532953674423,100.0
0.04553023603737482,0.11841674714736096,7,324.2563165626685,82.20952134344853,0.5581844323239837,72.6105821558093,185.92679706307072,0.6901583564990359,3.003930819094024,4.347586920310859,19.75447013214295
0.04341816355664634,0.12446042485205716,5,480.1816118335229,190.59762450158638,0.6286665622061584,68.43323213630856,181.05464086500186,0.6560986789704983,1.6648324546584046,2.372620783209933,19.063866476303204
0.010684534412928031,0.06458603697974047,0,219.38865869549284,47.99694491849142,0.922060704187598,33.59840587368433,70.04193712104339,0.396815020692133,2.5978311336629263,3.384523496037122,100.0
0.022075342524365216,0.09551614853953365,4,273.9845472941107,84.53858232533254,0.7925194479802834,31.415385635388276,102.68233279856398,0.37877326130099837,3.4433004216650094,4.157789827950251,68.71403380815957
0.020770996658913604,0.09432455767608361,4,292.0747841620503,93.36230637502437,0.7813593843701956,45.81364163977566,95.30029964599395,0.358008008970582,3.4426522742787524,4.961215228394925,68.7889634498831
0.03897029116246778,0.1282916547182414,5,359.89591873852714,142.66623897061308,0.5544033476122547,68.23661411447068,160.8940937580819,0.6696409245704655,3.327964572520674,4.396815515276075,14.790940268100137
0.07764649014363108,0.14531172531157274,8,535.741071025155,133.13193052997696,0.5383586094836608,90.76745576147646,230.2045745380705,0.6862298047028811,1.7820984200187922,2.59975700950838,1.6103823734827594
0.0306394176781541,0.12970983444179848,5,425.9178911680831,129.0450836817763,0.6228310869429422,74.57915769856184,201.42035738586844,0.6945856902433695,3.069403535803642,4.206965350070636,19.616191760220868
0.022436017244183103,0.0930637614928078,4,213.17914536630695,60.97452911045048,0.7147280977624191,53.20717669059145,146.68340866485943,0.46460451925514357,1.683982840438732,2.123115222685092,69.91756957855452
0.07480842148268876,0.13923139909366092,9,475.55400168656354,172.308843474597,0.4546727297971914,86.53123818919481,254.74566460730534,0.6893912132845579,2.3650197734688985,2.935215536513638,3.5085378392667046
0.020233445178837767,0.09415528219199933,3,320.2075406160301,110.79370562254738,0.7854306902010002,57.08602146842687,182.0940050418397,0.455330819112773,4.449857880862279,5.884141443314294,61.85479096269191
0.022502798179162103,0.08724280861468943,2,232.38380175018378,60.263896165073334,0.7525518913883396,33.94704582311773,74.89207047527239,0.47900587054239485,3.130863381272758,4.180551763542486,78.80294816933541
0.016117717420155015,0.0631222949904332,2,248.19239012513017,78.19423420714128,0.8527773746096056,28.722914467237818,95.88882203976563,0.2722021970394701,3.448452211106076,4.677188394730092,95.32502675207435
0.049079317704106847,0.11057102018849632,4,321.362546904749,78.12704811873017,0.6504972470895086,78.74870376016196,174.64956048309605,0.47574605093291183,3.4420155065083584,4.452092561809248,33.03075433288002
0.02398173892171419,0.08977278315277995,2,217.74615670379558,55.591590612362545,0.7872130441344446,41.17285616528368,128.21034030397973,0.4860828624048122,3.954210977350024,4.881725753805207,78.96744156810729
0.07119567618113286,0.14450075659283929,7,411.6164023115163,155.29346416639925,0.5299582343434367,86.44617249943292,239.20535473283672,0.745070835931099,2.9929003520571675,4.079067647156172,2.248034841421842
0.024080469085909943,0.09398604551134578,3,271.2799158402005,96.52805522885396,0.7934477503774731,44.75456562351173,150.16105725310894,0.4613932935572317,4.2602018172952105,6.026419917780654,66.52783013236994
0.037894617122969876,0.11958622139942834,4,437.0482625480907,126.58648116508016,0.6271866905856078,64.54842991319852,171.8629160774,0.47655545264142257,2.7180254923708365,3.8119117309405772,34.98277599515276
0.07276752102160357,0.14003131005736363,8,451.31389107050575,139.22709275908497,0.4365327816213314,83.70639742680217,213.82050162986368,0.7779478430104131,2.8143276059187294,4.025587901657646,0.0
0.04616885281352325,0.11365772534878656,6,322.5416183351759,106.88503326610682,0.6658074795986958,57.17754829525851,148.25128921532104,0.559386332984713,2.9664351419931365,3.651040834804016,32.89216567540201
0.04852157642565828,0.1032934401555276,7,348.8207972240943,132.8761384294017,0.6859236377189242,66.32854857788999,200.3103312156783,0.5295664328539801,2.8044294338330396,3.91818107417778,23.548775756628295
0.02184648325764126,0.09376096900603448,2,291.9941226502913,86.70642388901354,0.7108572631276032,46.14335020238326,98.34924982611496,0.47988387704909147,2.2684017891459103,3.325938679639772,67.92621937826355
0.0730282509681965,0.14814972611527386,10,552.450530771245,217.48838501869838,0.44224161115935456,91.82929284328266,261.9754739420693,0.6322942564936191,1.6478001649322185,2.412926621234075,3.8952609200106236
0.012559791383633794,0.07287564925177302,2,173.94008030266772,38.384935482381195,0.8825108200576787,33.183747382007944,108.59415485675976,0.3600811095337046,2.550832317829424,3.700133921956007,97.7209610023545
0.03920386928170781,0.10271139800405898,5,454.32708173736694,95.95583468143894,0.5607390996032913,61.19628347815285,127.71427696880873,0.40634613726597163,2.4093809569245144,3.46315558436334,19.870750969778552
0.014277521483433177,0.05895561875690731,0,167.25707240831852,48.66543096022059,0.8533577963099033,21.472546604823922,73.3698301822573,0.3712997104527583,2.951985539036965,3.869278533517386,95.2031158122071
0.06932854986015427,0.14752037920623928,7,473.6455503333265,119.84445318806853,0.4226604197488272,81.41806754330315,268.22792158972305,0.6488104431989257,3.190971477497534,3.945637947653483,1.144605113226811
0.02154955473256218,0.08761615277473991,2,250.22869441450072,87.88038286993903,0.7202718176911292,43.1439921114522,98.09135459445199,0.3385714491674602,2.5893180751958162,3.7283257863501924,65.11024361411332
0.028229373573348454,0.08417485532820151,3,227.90246817987637,54.13091289397257,0.768484406132213,35.91729033857925,90.68700288407729,0.4818128818140273,3.2495791808817494,4.259927725826,68.99399287690636
0.02798137454975313,0.08939778343168817,3,252.73780366779656,57.33166282204048,0.7033219652538913,34.534954403395396,114.55097747305878,0.408630646687832,3.0347720245473493,3.7613915080747065,65.70584969435258
0.03894964125196334,0.11126005971486316,5,448.38003820507276,172.5747942171681,0.5546081395470718,72.03233763923569,209.96051783339837,0.5602926158098719,3.4400712182760533,4.707335592433351,17.4537078469283
0.06371526867482047,0.1399153471481963,8,556.4029995313381,207.44194664363687,0.4025919934168347,72.17501226503607,175.86760381637876,0.7578059662047024,3.4677577143533806,4.877543892424011,0.0
0.01144840428246186,0.0773311708864364,0,159.76318008253085,63.381288472783304,0.9122694614488636,28.161483636594646,66.98684763468933,0.3162327580463659,4.479698450345566,5.900241965003329,95.51099125436905
0.02291219364129351,0.09607110031277322,3,254.35988827705614,70.2495096158409,0.8193780519123373,43.9843180728171,122.23621531478653,0.4449235346731004,3.155751045902539,4.242822702405062,63.90566576770603
0.022197401295196612,0.09002414014287322,4,256.7205274211075,56.30877045226694,0.7956342834030439,42.042321005313056,145.2463027019667,0.39574533120195204,2.6530656730355275,3.207737195242177,66.15362502672055
0.06029316969612971,0.1390367238552715,10,563.3206719807846,114.38474871833819,0.42040561259981246,87.15915670662525,290.07450262041675,0.6898356376158081,2.887240361947976,3.6635595632433606,0.0
0.028713428709142726,0.09091182097766014,2,230.8044406720643,75.50333239245683,0.7158887656310151,52.23009636399474,121.36807398858498,0.3995317553906808,2.8713959927129453,4.225324878180107,75.90190480801462
0.0372758320358366,0.11193289661818771,5,422.3163544248628,105.42179377021908,0.5686680342189406,64.17709462971128,208.16807355483147,0.5167273943774799,1.9874415644120107,2.8277771606895947,18.625750904037865
0.027274955101700103,0.08693351684981364,3,225.2504648600505,85.69544155219275,0.7776634361060392,33.862701337206005,110.08419500500452,0.39284914745990945,3.6802316298679596,4.797601031838383,65.89686803474666
0.075997541536281,0.13517891721612238,8,505.57049604351926,132.79499241879472,0.4510444786119707,84.3932466660879,255.03535693301205,0.6948268894329269,1.7903985308783024,2.1693128713724774,0.0
0.023588410734880456,0.0867620216507075,3,244.3961182194451,85.46562143848189,0.8238607603786318,51.34481130763319,112.23846329859441,0.3277577343182952,3.441593652896189,4.2049257827848185,68.23790486642758
0.011175127911366626,0.05991897116486249,1,235.41762042282735,69.07153540142416,0.907471761465137,21.313352149764327,46.74775399851699,0.3702887073301872,3.784384442011989,4.622899772494424,100.0
0.014048808253749132,0.07001434854369697,2,244.36387826582154,70.19949024866484,0.9117311965521228,27.477435745681493,63.827604228298725,0.3206889808144861,3.5523737846010386,4.577791704287328,100.0
0.03741926042069587,0.11578659775764216,6,486.85707959846343,140.00217979919452,0.6500874585635794,55.12683466696033,114.66006879246012,0.40573442147347005,2.186616914276942,2.691139877746721,21.63225674800843
0.032417256068604156,0.11677471227182676,6,336.70206060457264,76.70538725733023,0.5659433923656155,71.53938563998987,194.98366529615873,0.4231915321927375,1.639799279821712,2.2571052843842776,24.309475107955084
0.058142596112506335,0.13305670102913833,10,467.99183624044116,98.34070759437921,0.4507410509695009,94.90517399998424,207.80657563160597,0.7444785297188109,2.9630341342585798,4.007980541693065,0.0
0.0296184871926319,0.09640989945872688,3,210.50787318939945,44.79231440207289,0.7971513065836233,54.48372766526875,158.14435811329307,0.42220266040820353,2.6700470708405906,3.3637024438921626,68.09761159418754
0.028666936494521816,0.09955849005986668,3,218.50955908566402,56.02355529497548,0.7507912445543599,39.94683293771322,84.59828028950022,0.4354865147314968,4.373873744142366,6.325906045443253,74.09510397530516
0.044078897555135006,0.10228199915186195,6,300.48650023781886,111.1565168070812,0.5675705692912896,77.36668331153227,185.61059734384364,0.49916461214586083,1.5115535438465533,2.103666775631599,27.567255456866544
0.02894850955028944,0.09528341744466699,3,266.80662313099015,62.200980148675995,0.8021357684914632,35.029103249578625,87.83895188731194,0.3890096107609546,2.915085758717023,4.0822460852152265,68.92911405716758
0.04572126483153539,0.10806674502637664,5,375.4249372648096,75.19163814845551,0.6934233930609537,58.059838228331294,160.99258714847505,0.5313227915978637,2.502072702472401,3.5480424117002545,21.894445175307002
0.025810350190029398,0.0908699587008895,3,324.9867511441775,93.74893806292222,0.7231500488931141,42.16443073633399,143.31296653582896,0.48142034959185276,1.890252276432627,2.6410683869979277,65.92515439252259
0.013952592111724518,0.05639433428464239,0,150.4673040312704,36.30034501446826,0.8962134763523277,27.726868334409936,72.03342206363979,0.3912772614409392,3.981761011160435,5.146033122377257,95.11018517540506
0.023896312302294925,0.097399929490463,2,233.5195983498741,69.50037012657778,0.8494131142579718,43.117525515393794,134.4710065482511,0.3195954978215854,3.108617182143238,4.578057911360184,73.31432950035014
0.038783786807857386,0.1044588600697183,7,409.1825767529232,148.78378131539853,0.566594410074717,64.84206120355874,214.89316020526007,0.6103394257955431,1.5755369654943625,2.077984909231151,19.624873469048225
0.028994176331841592,0.0983579283761475,4,263.9497992613425,59.227600511598574,0.7277333130354009,56.482647051961735,131.5150800620945,0.42281509768900527,2.3114696731640025,3.1918776243106577,67.57790502197733
0.014146792062153713,0.06867838452980636,2,206.91122902809636,79.57803810881519,0.8992606816399815,21.285889311169207,58.428915325072175,0.20917719366224463,2.8136076029163073,3.5956014125791733,99.36553701478019
0.02664492423743612,0.08999234676162768,3,223.36810781666145,45.57610197099095,0.8101414183916342,50.6569604507853,115.61072015300344,0.30675354781182107,2.70114479326729,3.328452919309559,65.3509962858945
0.0799714239453872,0.1435182628877402,7,521.050056856235,146.0845384084781,0.47404642030502553,74.96258627997868,242.36711590077573,0.7693654479954011,2.4702760939924335,3.645297169502592,1.6998319183232746
0.011943169790229366,0.06732652931676823,0,227.74762562898925,71.99219708177147,0.9191815155990802,37.17955624324253,74.83773660723242,0.3727093437955343,4.208842724025178,5.6347411172522035,95.56050070970804
0.02565540426592243,0.08853667563326832,2,303.9055511072399,73.21099808528786,0.8126920366756254,34.13899676946863,96.30300035731145,0.48341228550040066,4.348168325543376,6.031864368575681,65.13289655393312
0.03196243778965373,0.10740386990157698,5,449.92560395696387,147.12749573278327,0.5683846759140819,76.05150704509806,225.43032842291365,0.5546847299717217,2.1404642813851553,3.0466585637164187,21.255527592972122
0.04320342683202422,0.1165253440199284,5,326.81819845002883,95.070271551802,0.6365022689224036,56.14603082770466,134.78596727823387,0.5241632755599033,2.141236074152841,2.572398941663622,25.6794850684715
0.03315211223163333,0.11300051347198312,5,460.293575065592,145.9376027206937,0.6773503907914962,56.997853412281245,185.82119564323173,0.4940082952733064,2.129128057237244,3.1740210100448745,21.535582786453688
0.010099351480110926,0.0787516993373356,1,157.9678939548006,59.10327011344576,0.8719884148053446,32.64391409788817,84.91308739648694,0.3995269210285637,4.070187041692765,5.764877492681148,100.0
0.021289695699017834,0.08998063364190581,3,203.6609275996329,41.467898354644674,0.7498116411418454,48.572673680028394,132.04419083627386,0.44011630975976146,3.3793144133696225,4.373539150199051,67.69468433395647
0.06200514573339072,0.1390957149270431,10,475.4857471757377,135.23840026315477,0.4509813895987191,78.86200443811124,200.6454250308938,0.7891229546160314,3.1180589197672424,4.513792125777131,1.4315215693811723
0.06374065852252289,0.14184920768411585,9,568.2943961515908,132.1195837186304,0.42263394076358324,75.89663266937386,224.4629378708467,0.6106777708623009,1.5007930697693903,1.9680482630774405,1.783087718566233
0.016336924758714493,0.07297908071579975,1,223.29162879648112,62.6294936878748,0.8695056133231187,36.138595997804664,117.48947298796965,0.3220093915765183,3.2490842785100194,4.239159827783661,100.0
0.038305040804329234,0.12760696630025076,6,410.1473751456803,142.5661331246291,0.6179980629639878,63.392976165991385,187.31590651851133,0.628283317060458,2.7701771050458377,3.6913880430981747,16.503004028903575
0.07054627073202792,0.14378803528454437,8,403.75588787023776,116.38039094408191,0.40458710678742604,73.54336243155208,224.84408453692956,0.6308531282166502,2.879351395768334,4.179958871427536,3.016672054977615
0.026304960242734425,0.09272071525021928,2,287.2432125557922,63.26512933649194,0.7729592390310704,43.747255255787096,137.78797804075668,0.4200491572301023,3.5600629200202096,5.136508576251165,68.12718821632897
0.056553814008815026,0.13939674043971206,8,439.87893161824593,128.46393792467674,0.4134905400101714,77.46136548744062,199.60509955365612,0.6449588374469845,2.614797225130231,3.5043030122557943,1.4640315009866378
0.021928048052253,0.09564732948202699,4,324.7668972213332,79.71320663866216,0.8378558761465026,31.70235383570957,88.71731422378203,0.3127133095788819,3.140229434177228,4.463222334056883,68.99134672896926
0.0648622502859584,0.1405516204550891,9,460.86015679892125,121.70608303129374,0.4794777114788818,84.07189957644644,268.9305383015659,0.701540808496714,2.6797435453997043,3.8112807394049875,0.7513798934500315
0.02676696241158702,0.09077408557930727,2,236.35005407073226,72.40052104679667,0.7874351406656407,32.206986034249404,109.93952968482,0.4665908270920323,3.8514122110523563,5.408764610146852,79.39320251528711
0.014576045865647315,0.06227429756631431,0,223.30458020384444,62.42628843598857,0.8811933540666054,23.8921219174614,53.76866598227497,0.21651939397469505,3.2303226550866406,4.617647657979098,98.44237786454697
0.02412017991588846,0.08529457092037734,4,223.51035249857983,88.2983319902877,0.7264447213960873,53.69008906062357,140.43996045115,0.3009545364537488,2.761073822063453,3.4248916696536145,71.92383848757486
0.03757391089603288,0.10967865597612624,5,453.63218646826454,127.80351160787808,0.6480231338411485,56.333855375250884,136.400041652502,0.5082363629994605,1.9297440548643132,2.714283076891766,18.47179969503467
0.026183486541625483,0.09081699213348705,3,331.1562160577301,122.91133273090153,0.8216476604129447,50.30526734619812,166.69693199005997,0.3140808704904959,3.861240209406448,5.11996388418897,67.91053070997879
0.03842993103257762,0.1126178080309102,5,384.09705517203497,152.52142596573933,0.6883214516848724,63.019729679910746,156.56237174985762,0.535924890074578,2.920059587062811,3.9080992187940367,17.79077399377232
0.05245079360691618,0.1315085531071886,10,455.50007440782264,163.69798209986416,0.5090699683830561,96.79377998150981,236.7129510788612,0.6543829654431361,2.984515392162457,4.331608645178828,0.0
0.06868169626580077,0.14718706227463813,8,533.926864392279,130.0549060189028,0.4323461835474609,79.99635876037671,186.55516008021812,0.6677395591115582,1.9847196072201574,2.6611922588230246,0.4798257190759736
0.0283166632560286,0.08328516036124047,3,215.8705840880665,47.97478314984573,0.7342196260892738,43.86306767103041,102.17184435761246,0.4754722810483914,1.8320542235017174,2.377046226990581,71.31820048358922
0.06279242078959388,0.1384694134451533,9,535.0441387848124,210.32454621640787,0.4453313323512793,74.34688029443323,259.44966880494167,0.7581864936872359,3.3958487733004574,4.3875202317804005,4.484255584438871
0.02364859816953367,0.08800389379887985,4,309.68017792316954,96.5670403018945,0.7158646537718943,41.79963219921342,91.45873779999619,0.3510079453257568,2.7322466227832836,3.713777751122758,62.810311613651834
0.010105901849925013,0.05130739773801129,0,168.5236784243401,47.42482802730919,0.9307482106589068,27.81235920124581,89.63630674956028,0.22674198354464958,3.2348764511322097,4.328184973811468,100.0
0.018769147793971153,0.052286839201626384,2,175.01230071738786,41.87307304286196,0.884289698068352,22.105447166736106,49.16369728040193,0.29187623986893235,3.6947396440785694,4.9822207621212025,100.0
0.020902391887089065,0.0949176665484884,3,320.96464898139016,115.17754240639724,0.7375998565139421,36.313134320257596,108.6993233743529,0.4063561441034676,1.8205657159304394,2.5177675683122427,61.01824928825164
0.02349578256585314,0.08330959693876486,4,309.65703418970713,114.61661759473708,0.8092429578560142,49.92239735836077,156.0820974029183,0.43077559096415585,3.0661016295231067,4.022498853740652,60.750326813391965
0.03545541813175973,0.10642548737386043,4,322.770923994355,118.87511869437704,0.5826964776610395,66.1886778846545,216.49448547601986,0.5426294505040052,2.2829551307461857,2.7980315652730603,35.41223261505881
0.027682467872036157,0.08255820529431217,2,230.2260162085826,70.43010769326752,0.7290663133713724,47.04483941079752,95.16262503035964,0.4769331048528433,2.0158892109639996,2.5574967110039566,76.48197011180991
0.049971203353251024,0.10564730622533597,5,450.7102203459284,147.31532591973476,0.650981179176123,71.56806964329373,197.34941151664435,0.5645965184822451,2.0406506512658535,2.851126596344942,13.65062103557528
0.012095746770845232,0.07973584255958364,1,203.1648268369933,63.059348830833976,0.860114652980121,31.888743716115588,103.84487406384898,0.3987987036072362,3.63687916417603,5.446890312339272,100.0
0.016364401310967287,0.07928825969183613,2,199.82903862521698,62.252651947171735,0.8709810476022513,22.703237422113986,67.20859434808145,0.2526918862090078,4.246405632245639,5.7484962997077975,96.70809285482025
0.024229637367271926,0.08345944063025669,3,255.9275539841689,94.01786917626346,0.8308037399004472,38.45769335973072,109.81848659412441,0.33130793706287137,2.9699041021409043,4.154956484328895,61.99753959367054
0.03602259483259,0.1217234931179855,6,484.2939195985906,137.6709413700215,0.6157744604407923,64.66454877886812,202.43425767475017,0.4782026266335137,3.227355759969771,4.008378950708972,23.239516935613754
0.03405307054211919,0.12493618142545992,5,305.54739703304637,74.27284674788788,0.6886755204231454,70.12635212863219,201.85189128080913,0.45895243645747424,2.7830851728656287,3.517387087523951,29.360543737657416
0.02053810727163649,0.08099161396315045,3,338.04424851771495,114.93887693239849,0.8391436248222047,31.68235989194615,65.50320239243574,0.4842172631479743,4.074808818887882,5.776487080688286,61.93137620669471
0.016219246846673755,0.07834972778210239,0,234.57299702141228,63.03260103753206,0.9303535134664143,23.932077076592645,48.17220945393396,0.33921286845903525,3.0877142393036925,3.8833490182867854,100.0
0.034902242420074114,0.1285297968187309,4,441.73908255295925,133.95049172258825,0.6803258129351897,67.46091836059587,210.59141753389292,0.6273513581822152,3.1631804152414134,3.924217844302416,30.640529112893155
0.03704869077397331,0.10683983466106772,5,377.7971811397585,86.73776723145181,0.551339442042653,76.5924423575201,189.3632758089678,0.669477631382032,2.2827745648703246,3.1538813357195883,14.744276997833339
0.012880229844859162,0.06457583499160428,1,165.24324340348292,50.70620810503781,0.8957391195536306,23.50638981467825,74.00629618137945,0.3032139384534487,2.500671454289433,3.42058080127335,96.70041680767112
0.07762051051472853,0.13880206434757278,7,488.5190305373498,178.6352308031238,0.40834650460628374,86.39156745995011,223.2188414726406,0.7084747760747795,1.9880131256769433,2.4530412112471502,0.0
0.03713316112981656,0.10043947110422843,4,443.6403306474208,113.4493161081288,0.6525247513179697,72.25726888297098,160.0405668304342,0.6427158866829287,1.8260548325436425,2.584591034839239,30.618486698208212
0.07381709054886464,0.1465649547484242,7,595.8679931678746,146.65021652902576,0.4830221864467965,98.15911789167217,323.7634568220548,0.7599129885661835,1.9992880395023074,2.670257602613567,2.3238594009595923
0.021288713975710825,0.09698590573477364,4,267.9069486713153,53.9310335858329,0.7961908619222805,41.603762729111615,84.98498301623536,0.34274811464496396,3.008396199346212,4.197135547888738,62.24408016412385
0.015088617275878062,0.05762720581095109,0,216.50366195193445,77.46518532860075,0.9135759214522934,32.674506625852274,65.67594372297073,0.3889584316675473,3.5350806146202114,5.122107107129991,96.09130156912747
0.030803008894058195,0.10557997817486033,6,417.33745490125284,159.8982746026296,0.5927626921865584,57.921802552604404,121.12677087242751,0.5750259134210173,2.913399422784038,3.6474984582342356,24.214246230219437
0.022664116211940782,0.08435062204673245,4,253.86784845210417,67.39184417718677,0.7211141551529026,54.40714936603018,134.52285401462052,0.48256531679475323,1.8064510262135915,2.4563313849312975,65.18506345735314
0.05789807811619265,0.13835508628806406,9,433.7078739689687,87.68159717216562,0.43689108420593675,88.9184638102161,238.59057084184377,0.7599941487956235,2.668264937012111,3.4996927864754155,0.0
0.013351416075135304,0.07504833002664316,2,181.0319450171835,53.42239322122751,0.8623035616951318,34.109211012528995,82.15399051594507,0.37297705150582455,3.2645545105156693,4.368185166144351,99.56957232898647
0.01667970100283497,0.05558002834057787,0,229.24014819703075,73.53304062417354,0.9207496719779059,39.75632795362135,105.56106296797502,0.22522289009371965,3.1436536194461047,3.827670753601509,95.44278365754269
0.011368217140787017,0.07166686958392336,2,161.5607661614754,50.161544780078,0.8690211188819256,33.528447646888495,76.34631489135167,0.30781496487357374,3.056673056316699,4.160015591212887,100.0
0.07211690514272731,0.13903904498114497,9,543.0363914016783,115.02809290207271,0.5185226929991701,88.88089313271324,225.64929571780002,0.7848796738741791,2.178890169043517,2.738554135590324,2.701257111447406
0.04800838686076829,0.12987383157724638,6,333.16950441746786,106.6191319345347,0.6977684179200904,58.18306935992261,164.8431122746898,0.5669527739720698,1.5618059866148741,1.9555925342756337,23.960281286902518
0.024464155131458703,0.08368580423712711,3,314.9686786052012,96.95169524701637,0.8301319721629391,37.30535048661691,105.06771233804012,0.34594127446539596,4.123336952192764,5.984424056733616,68.14869846959186
0.04859528580114629,0.1025758447294666,6,499.4502294578857,157.58605894299401,0.5714152705548617,70.43817421372457,230.32967437649262,0.41936571936752076,2.6393561229918006,3.185838753930632,18.695468617688224
0.023595143095413215,0.09559726463359092,4,319.27566005431055,99.84018754198026,0.7504633169483623,59.06234901787235,128.07832438416915,0.39167953165618646,3.0973298356288517,4.530790678504419,62.899348393063455
0.02016007869157459,0.0960436880785061,4,212.0358827148704,61.48808633984487,0.8234930618550449,59.07232890040002,177.69531102189478,0.3997265282990016,3.6131796596129058,4.403316260634049,67.09569141782714
0.021780738876855704,0.09617849426737089,3,282.717823659464,59.67466431398466,0.7664381602577596,37.660221424947764,81.73869491075361,0.3371751281094342,4.230248580217042,5.204748798049718,64.25938193564643
0.0378203523764418,0.1196262738881379,5,310.85213786431933,91.39488233707552,0.5955275201860686,70.62621254265865,191.02476262771063,0.5201836163203923,2.9198641899458107,4.2395015630542465,23.65856532095846
0.02560820056740776,0.08912206166424165,2,263.20691867090426,101.85186117805651,0.8108684608362937,38.67878494298714,97.52875539117633,0.43853575152399255,3.4825458464375147,4.859599079188585,72.51806034783625
0.020676444164758608,0.09860056705396089,4,261.00437422513295,52.428933349083664,0.7675413546933431,58.516730141792664,170.92847383920773,0.47240118949321425,3.5056451419544588,5.08117402070623,64.6405035252405
0.04234279285194205,0.1036164279843274,5,361.9478047999488,85.7431194430495,0.659745097510572,54.46475418743487,143.94576971969252,0.6393292307718096,3.0307051047792672,4.43641110964577,22.98068682371414
0.015354235800366227,0.0790685980724264,2,150.59065590773545,41.00552843208938,0.9141144613139962,26.401905595384257,84.77888440654574,0.31485561342979707,3.247550593181926,4.480471684544264,100.0
0.021666472952981946,0.08606702214630343,3,278.9809315674621,97.6306243481574,0.8482463876678151,35.067660467157815,79.6818571017668,0.3803106416699655,2.6413029373531787,3.5748978708578947,64.550565891639
0.030160734183244556,0.11532278488741994,4,479.6946147406169,103.90939284846333,0.6995905869871907,60.197180999955876,204.65009616841607,0.6754587874734889,2.4463861973813206,3.1455151014299094,32.426434477140226
0.04152547496740827,0.10221173733692596,6,349.056687439347,70.86718985545009,0.6538497756408314,66.57788399995094,143.39456717934402,0.40928520286386166,3.4580302928331155,4.778009107884667,24.720009167457125
0.04886944285979517,0.11964476050478716,7,344.03709015690833,92.9668106800336,0.6914699061712986,60.04062899375522,136.6624731114273,0.6695167525802973,2.492712462333081,3.092636483964206,22.100570966858594
0.02903665165739695,0.08192552141407979,3,244.32881977063488,72.29332412594474,0.718141851509516,58.815416801730464,178.3516531525672,0.4945107110417341,1.5603425469876675,2.226636878221443,72.39428728424596
0.02478581087848087,0.08407695588040641,4,317.4884136353152,68.61000319570469,0.84972820599467,41.495476495816476,136.37392791052395,0.3227441015660695,2.9703256346739653,3.6128652626159563,64.68725408125715
0.026151215230432436,0.09610125450613814,2,257.94486678954854,86.61577866632497,0.8276563930884708,54.70888487424947,118.00309781091057,0.3971251510756705,2.6742578413780693,3.6083437219924073,73.39394026564375
0.07858070517881266,0.13185819002210286,9,591.9742149988456,164.23443514609323,0.48090820583607596,94.8370267897937,236.98294491456366,0.6972271297847554,2.586884383049079,3.44931017176808,0.0
0.06068029656461234,0.13239876911265114,10,568.0731135768509,126.30324670837689,0.5334505673948409,76.90724510728619,174.25932705633917,0.6049873568967415,3.4195032926009783,4.648521295315396,0.0
0.027011550743709176,0.08573131291732325,3,289.483603078596,69.62176861304742,0.8113386293531857,33.37109073278837,69.2517532301768,0.44918523150401046,3.4318399498746697,4.967364111594006,61.393181188842775
0.03870308894242031,0.11768591913668291,7,468.8008335778849,159.2104921938273,0.6519914360066759,59.88927060318443,180.00491140396886,0.45164713510467785,3.418335087013027,4.680764650962963,27.996302729576424
0.01565812788984557,0.05977074872318961,0,165.46510186069096,39.76538841263175,0.9440656840362724,32.0821414121038,110.97792535695638,0.211777053752509,3.6918120646065944,5.286886031737861,100.0
0.02388647787001159,0.09199184138844044,2,262.3283092183488,101.26811632346595,0.7379638757640319,44.02927345477723,107.24046297770865,0.3783111400914496,3.040064800180539,4.1326632426062995,73.79793600405854
0.023241653886834655,0.09164193788977722,4,219.52372492817412,64.79519568826028,0.8268768720415779,45.029188518857815,108.86819260207388,0.4442308016647512,4.01893591194543,4.846259407262873,65.38405331281807
0.027101000748251305,0.08186470796465185,3,341.9223513678704,88.18111261697197,0.708789499383649,48.44517459725951,119.88938803272822,0.4039698147634835,2.5775156946340956,3.361894112273076,62.728286084533366
0.04333711579549083,0.11552728899589096,7,407.9338080664942,119.06511479880541,0.6563083211190174,61.93465357209803,214.4919878669913,0.5968820736878885,3.0682176991368957,4.133536772290869,22.931472126712997
0.018360146176880074,0.07760182646341969,1,170.99082221020413,67.25692312664663,0.9233156506634236,32.78469997500578,84.03599080247949,0.28239250271610966,3.6738016511316767,4.8457874465815705,100.0
0.023758655608845356,0.09613283556023768,4,313.53336998972594,79.87732922696554,0.7789900413622733,57.68154015519368,129.08756663083,0.49244130091935856,2.6389415712318236,3.7794873258577932,65.48538221363053
0.060615955137817625,0.14350573098903166,7,546.3787923339952,147.1162252299626,0.4791960956895792,83.984180442735,243.03359438651646,0.7038859478737093,3.3378911521192913,4.753867439929027,3.22111055276171
0.021402461265749226,0.08107586506385786,2,289.5590548839437,91.3021041043309,0.8409764139086486,39.24783597231301,99.03117107043155,0.49734699612570676,4.219252284736427,5.361012659652947,66.01077445251859
0.04083729729271765,0.10596565919179884,6,304.05780406840415,73.19200512820878,0.5523933510775727,54.09932984033809,162.3258373973304,0.6255659017305235,3.2718636580090394,4.070013990065572,25.43098104587633
0.0415608272036103,0.10918088628555576,7,308.30849228027034,115.33096374564626,0.5919290689110389,54.98589735601341,131.02504108157987,0.6043034067809134,2.1834311093549688,3.0778181805448965,32.77935223900412
0.029433868001530104,0.09361258515815474,4,227.4344376610025,46.45930420995854,0.7436523994709565,37.712500361255486,101.54456811877526,0.4283305207526371,1.6209692811346883,2.1361012802037678,71.58034220437412
0.028366282707040412,0.08776795720647756,3,287.8734833176434,105.04807738396623,0.8318118921825775,51.41199486434691,166.39644320387984,0.32918149218377585,2.899620733529604,4.261460834382456,65.19515245008374
0.011151089487721673,0.07078707992904935,2,181.83477989358147,44.540081506876604,0.8531378594906082,39.87819765798356,110.40788572135477,0.28677379234974276,2.82542961238379,3.8505407629734147,100.0
0.04587751199923513,0.11524676293237275,5,463.2193761737843,101.78951712901163,0.5630956586047984,57.148265450273,183.17492622866249,0.5371288509119173,2.6386454371127552,3.60161376930012,20.42069118400696
0.015820446102226198,0.06091135529565689,1,229.80011894696938,55.77038817172486,0.9187669977116181,37.46910061410514,76.31667702988383,0.39296693428744545,2.8334830267438145,3.615812096244256,99.39534879828271
0.02143903667024372,0.09864442092801298,4,347.28967623519,115.11824884481192,0.7666987802878958,41.42710813914186,139.54369808428623,0.35528388307375397,2.872814907328122,3.616482985127886,68.36508502243993
0.02263105098725405,0.09419696813705607,3,202.66233204700117,61.47310205256803,0.7540143393671455,49.27729885975129,106.73742464293274,0.3212470752956288,3.0092672928504225,3.8594841815974172,65.15024588236452
0.028948387503275053,0.08827434662220449,2,273.79595490153605,95.41880330325783,0.7379699887097783,55.82639028272367,155.12440719456976,0.41371366692719785,2.682756906672071,3.467138664826398,67.91427759523106
0.06785681883270459,0.14841071585006668,8,480.8035420904291,148.2328161557136,0.4299623611987264,87.77074803726238,300.8066656474062,0.6954313264589617,2.4324779826778107,3.2244630864818165,4.211182871427206
0.03472110032307011,0.10001890907487605,6,354.33643904898656,114.61982011318577,0.6399650434504484,57.87544727771961,163.62710662690048,0.6891958709662617,2.627091409080336,3.4324184626917837,22.799122047454265
0.02623245817594468,0.09089460183458924,2,309.8397324017948,106.95230936243895,0.7184456402567165,55.95157732282898,169.08908008808024,0.4469296448682391,3.268930116282575,4.334155475201332,65.64201482957094
0.05785856785776499,0.1305525459496428,10,409.6558120280006,156.6800765893386,0.4675513690431028,97.80850473224929,277.1140406948813,0.7004063849727119,3.114660788790899,4.173046299936028,4.666878113697535
0.030342615894560988,0.11888442866580515,6,494.41657150015936,103.72423096728664,0.6531619370849255,76.91784303669002,221.85509375350614,0.581033743179127,2.724584052969168,3.9890626036084895,22.307861665228494
0.029873115803044678,0.08187422519469204,2,328.9990816921687,130.32760927127933,0.8421723871198323,38.26341705654285,133.92159244434907,0.44051344579326723,3.042564737522354,3.6521241252226813,68.89275036641409
0.02785624509926682,0.08769199321812177,4,304.873409721065,70.46128665182704,0.7686089361796105,48.76599825370847,129.17022350148326,0.42093725566038825,2.576586397699852,3.2741126843968655,65.74177049137892
0.0198006781519082,0.06402489279260695,1,185.12038149160938,62.62652541875656,0.8934460979314489,25.585556104077604,83.34897154653972,0.22752293250566175,2.8994789948155018,3.750492917463789,99.40811876863194
0.01093006004765364,0.07998426889299838,1,157.87285234288115,44.78514913710616,0.8887078768127583,34.68338786594782,71.87060738906206,0.3803027692411888,4.194116099767529,5.433939292964316,98.86363997258779
0.02399545992470192,0.08373502013619476,4,274.90360217527956,88.41548186470182,0.8093745520553789,31.875377199931687,66.07356299348439,0.46270950021981405,3.0118927094773147,3.9134866011177234,63.76311291097209
0.022601868781403977,0.09352690942750835,2,229.3063793371426,50.532276656845845,0.7411105779758397,39.09420490777102,86.50939924521286,0.3259817757875076,1.5538032823982255,2.324401166672498,74.23755816463907
0.04627910615769138,0.11852872561236814,4,306.98470804609354,115.59435869126114,0.5527605752287221,73.90092429044815,175.0474948858072,0.5500634834550091,2.5773341724056777,3.265215838189138,31.314294819504937
0.02225170710936438,0.0997857428458661,2,319.01370971693177,66.60737077053501,0.7705794746192732,37.80346715905844,80.95283976502114,0.498022084008382,3.750297244623964,4.882756216494896,74.97202295808712
0.010314065789922998,0.06415694657213307,2,223.78166777158464,87.8816197130092,0.9045422021217018,26.96696688392728,88.92710483250268,0.30998177409316957,2.844609390738599,4.174149139976377,98.57969179952217
0.02373109346487123,0.08780214809243474,2,261.82884098580746,72.68455236973425,0.837562307825679,45.44556628751156,157.6516984588665,0.30305122615762264,4.198677210530567,5.655396706498125,70.27267312566367
0.03756468058705793,0.12743153432320423,6,321.17551512229585,73.12119826096124,0.6161848277494594,53.72695050743503,148.98404405789,0.501069592197308,3.2880997346872003,4.570722606679364,28.002809222302563
0.07486719979047367,0.1340804589934373,8,507.2933802688598,171.25012656922354,0.5065662727569197,99.70846675011737,331.3345691215049,0.7475350104734676,3.3617498288840695,4.064660270968913,0.0
0.01219352296222082,0.05789697538054899,0,209.1899146737649,83.54258104952534,0.8585017792957124,21.809412059148244,74.30608049593951,0.37253344675287153,2.5732146694954987,3.7780313015191838,100.0
0.02125136339873435,0.09956990248922676,4,333.90318868707857,104.03722078656975,0.7171660182845667,46.6178651309279,107.21566298724295,0.359113220479063,1.5583812026256347,2.046259685347377,62.34475530036803
0.043009687017821104,0.12081185699719327,6,404.45579332362576,114.47670421188752,0.6938408774342054,76.42182680645006,175.6472439878159,0.5315624960214332,3.2716118670224867,4.296787823078947,17.2278540990756
0.06268856088035157,0.13638561306900773,7,464.11338744526336,120.33936694687253,0.4387509353680631,76.86796499176667,159.06118411334464,0.7914427559278279,2.6181506310915488,3.1688915556372224,4.700572944197404
0.025212447843625266,0.08864807466438152,2,248.17734443003752,78.36002599261099,0.7434208308104343,58.10667240617956,179.5880062607486,0.326372200406011,2.908466158969792,3.7043641006605434,74.13777806715579
0.043801344905401586,0.12152453490470007,4,343.68737451118324,105.21023614146576,0.5789933152460283,74.26233091616841,231.9787956824205,0.5205976137852125,1.7911724084164005,2.4929853454974755,36.965210777310666
0.04526710962432599,0.10592016866504077,4,493.0241290869845,192.77342215490856,0.644839417176734,65.48937219402998,199.49353116650957,0.4079442349085762,1.6396896169559592,2.2926446348408365,29.128593691420043
0.04258492662662564,0.11343826206189281,4,383.49120100440393,123.63180324846918,0.6999526757624883,74.89622975416802,190.7324716834859,0.6718299328110588,2.442488277156648,3.46069428470645,31.952046441666162
0.02397814850633926,0.08736967233707002,4,298.4091107801565,97.01233024687738,0.8464506463647273,47.98084903697027,96.08790358530715,0.3761636099610026,3.823221820719588,5.540162509522173,66.95522993599633
0.016305179542199524,0.06192805932143138,1,199.00335356260098,71.86822767223914,0.8683052549884044,20.376947357189273,50.52261287001536,0.3512342697924211,2.6877118196770318,3.600671791910551,97.03701206890443
0.014664775204240886,0.054634881192176854,2,164.81217249581331,51.10781341277621,0.9209635459704147,29.46900088514111,68.47194061418114,0.24864660041357953,4.083057352951593,5.543444394168087,100.0
0.015550421574451155,0.0633411310522027,1,155.08155159720778,42.1151322338281,0.8825800480383217,31.43582880286906,109.87768794524402,0.26231701958116144,4.310479296583645,5.677077521746211,98.89020564727655
0.02140020898285127,0.09347031781341816,3,334.071507086153,73.13931170697259,0.7407332080649931,36.67718977579451,115.01787324799038,0.4019313003999504,1.761409717269777,2.2238026424433475,69.27354559555907
0.04829374666517423,0.1253586238128243,6,379.3219346380796,116.17779664132584,0.6019796284389994,62.900707424504326,211.2726610046785,0.5155406300335703,2.2067826933220775,2.72282059484124,22.7100464254892
0.057048993445558985,0.13162244292098146,10,461.3821908000293,150.81995744060012,0.444682069984612,93.85469557050759,241.05702146697024,0.6263868304510402,2.4393806001124583,3.4105330394839872,0.0
0.03649581607420897,0.12388947858521746,6,388.1057202653326,133.07372384738574,0.5770312335042079,67.16403398825007,151.24673698894685,0.42417349306091867,2.3816208261225933,3.247596227121017,20.451960963998406
0.0249217085452465,0.09256789661866698,4,344.2963365964789,71.65905214189212,0.8090357563157259,47.21189795846321,116.02694272820715,0.3781133727741915,3.0439802847824984,3.9052249552350538,61.08112067181409
0.07243845128622096,0.14402555165618564,7,513.2437715451653,120.33147378012715,0.5304749008686629,73.70090973588545,243.27197679499287,0.6353515818989864,3.21808297460594,4.221989046074107,0.0
0.0444878842423967,0.12818515449109408,5,390.2476361735229,82.56628352153913,0.6910595043318211,72.99025060086618,168.02989726126037,0.4647635878217884,1.83668482724525,2.3327921588223615,23.40520783092888
0.02053265237357629,0.0827917774996295,3,335.3325567542924,90.91680552074355,0.7906595126082847,38.85485761729635,77.99399345248118,0.3485200621922808,2.91646540451637,3.888316499213117,62.58810812155523
0.02910883579189152,0.09401149337161242,3,253.7272244223853,94.62648545520585,0.7077549545067315,41.28779831001621,98.85090990629261,0.42712539691197304,2.6792091895994554,3.8807853490052446,61.330867574183294
0.04831817015290706,0.10605557256345925,4,439.9946387869283,136.47209870459213,0.6352273673030517,72.3604374739351,199.6882690161714,0.5291492888101584,2.586428204021076,3.166561356528252,32.306321234953685
0.02430259929857678,0.09944255228237216,3,317.8189537550674,91.31707260824288,0.7249616616212194,32.01144822518223,66.87033359436919,0.41124036155398924,2.1802789885340026,2.928532939163416,68.53821597424695
0.028096433164495428,0.08445203603377667,2,200.58525264787954,57.74609839032459,0.8074083211614373,39.12634256372327,101.99107389073413,0.3346520262407782,4.306847910407639,6.045984283002273,76.91263950266695
0.060727496920455856,0.14526948716054575,7,538.4726179622943,211.20423338420252,0.4218324774737639,84.17258235342429,253.07367238690668,0.7098769718727056,2.4898864173080097,3.1309459580517216,0.0
0.04856018135493007,0.11046851807631704,6,477.6548398995304,159.80863088038853,0.6547976102856551,66.05316526710297,142.51058502980476,0.5618107096647241,3.3572792346303553,4.373739328355543,15.25206577359213
0.0507800675953212,0.14380893087557972,9,532.051849334704,208.53963387003057,0.5418666365296949,94.03246216507488,253.31372268232153,0.6183036176817297,3.470621480509771,4.24083696107707,0.0
0.029437198877032247,0.09891624686941551,3,231.03244977911044,64.93751556848594,0.7713036707549217,38.48560726218798,87.24696055228111,0.368397611100786,4.399019659965226,5.973609655540062,73.13425231498847
0.04302801559271464,0.12320588869540319,5,413.6087514408119,162.65424128283516,0.6680466481886631,72.11146155921166,174.7756233596652,0.44433455337803346,1.6958725675403972,2.09149833095912,16.43598949710526
0.029900257406533678,0.09049229231071693,3,313.5958404376131,109.91830406399707,0.7578650339090827,59.76354081453948,141.59927799780533,0.47515705516942325,2.5172113511513636,3.4151419278618893,60.730624590904696
0.020303550415664496,0.093303512250083,3,336.53298253541783,112.27651661567931,0.7508507833316914,43.96758777888221,100.03937954724482,0.45955329181450555,3.8786720527762895,5.742450586236502,66.07859402029214
0.03369253858101427,0.10385859064061315,5,429.5707244474674,136.02117143723152,0.6727173198018375,65.51880430501467,174.64672049406465,0.5825926841949737,1.9885927177876037,2.628177646255697,19.694095319490987
0.04198315742335655,0.10611809420296682,7,450.83198622951363,167.67083067364456,0.6453969415389027,71.1523404968088,183.18729392031287,0.4977735746816714,1.9371700826909968,2.492933755262696,21.23206603302518
0.025301408650792723,0.0963123785114388,3,255.4822624148933,92.67739584164664,0.7874148475947303,42.45965225669901,98.49132778367391,0.48452098108936403,3.322961082392716,4.137374425189201,63.43256164864108
0.03985219168564419,0.11313167172911717,6,337.2772479051193,70.26506851373686,0.6411964874758461,68.46925935241441,142.6810174957412,0.6941621187857381,2.665273376477905,3.5302779235933763,20.1641634845573
0.04796035995929059,0.11292930088276837,7,351.0839456133709,113.13535598201166,0.6249308215508714,53.41580165124157,159.88190626266962,0.5475373195569344,1.7467279026081777,2.1516047438892962,24.202268032810835
0.03256384916475327,0.12447267237441477,6,337.69183686383514,127.21291460519896,0.6479900063089882,58.482389680417,147.75465350537007,0.44469716741365606,2.3830281651208436,3.275225724429335,34.75784101226382
0.028007394000162382,0.08807740571058018,2,331.3959164751089,127.2446217858236,0.8313514297187973,45.92763572160738,156.42269246806154,0.4285558255422238,4.066030495673051,5.279576853728635,72.84716478591601
0.04718070836304632,0.11223605036345115,6,313.8997906997967,82.73404093086535,0.5741296918133925,72.90067687278429,173.3910817182871,0.482262375802306,1.887646977491651,2.762979547069895,21.048896451601458
0.025627301340864144,0.09115385308854454,2,239.6221117022952,89.21801484678973,0.8069538943779734,55.71520008003055,139.02119652007912,0.4623749808847909,3.472852256499329,4.643478163352009,72.42997978229631
0.02782460320531231,0.09706475726461483,4,329.7857671462693,89.01892973177499,0.8259768630786597,32.97862943262898,97.80603460761678,0.44527351130469184,2.5663466332578335,3.21033876271282,65.4715641154655
0.06802383248097231,0.1320330033225661,7,510.4219804433151,111.29833566130607,0.4200683567164641,99.38121505527265,249.90379431437847,0.7587704527256155,2.827832794271348,3.629168405652956,1.0917620646982185
0.027603079600217423,0.09581254025537235,2,319.97038557796617,108.79922203904383,0.7606459148842781,41.30885616746491,103.82617433705894,0.32950784699669816,2.756143919478588,3.4737995912178894,73.3867802979004
0.014924656166397246,0.07248282551600875,2,186.81055306172374,62.37963707619188,0.9078385885139514,24.342411872122394,67.02614619290965,0.3230032401892038,3.1488612130058,4.673930388200102,100.0
0.014293715606212978,0.06960774501410816,1,239.79732502000957,95.23096646584848,0.8912663093510413,25.53507785443868,54.75037316968442,0.3362410062045256,4.430164902538081,6.025445674636416,100.0
0.02166535586081482,0.09616454150227605,3,322.2345986119651,118.37713752773901,0.7271468955163507,33.81515720912115,101.60787050694641,0.4894226917096789,2.8323583896352256,3.509370461435857,63.949572997686005
0.02100076283234059,0.09882751839609152,4,209.76371994603412,82.15175641295349,0.8355037287815603,59.31447740328091,165.41379415668692,0.4707211924292919,4.096425741916288,5.574899887962837,72.08371809915744
0.015540158575577608,0.05421059064885707,2,153.9383913316931,34.415504429011264,0.8729305494415288,33.175762909450235,102.77184474476545,0.35278636259576224,2.810599854588421,3.7553743560293604,96.98095751180675
0.018064594397194107,0.055405346013092646,2,243.4401950454898,81.53425034550044,0.8755941841994955,37.350394284806576,129.9961760095144,0.31994738541611883,2.5754871015319134,3.8623606775592396,99.7170493684809
0.011930234899856416,0.07942084983198312,1,151.7046197931029,53.82182831003259,0.8667520300776224,23.48968852976604,47.307248404490004,0.3512953087835628,3.281877117779827,4.099010855729181,100.0
0.012469056190246037,0.06215027779628984,1,183.08598469539135,61.88656816832601,0.8790448317231957,24.72565130069876,64.00855635704714,0.23132066856999062,3.065762141943252,4.23157051543355,100.0
0.0479287359897462,0.1024882039407152,4,347.0593436313229,123.36960259321917,0.6317390056108264,73.76597161600068,252.33848409569177,0.5690028178305732,2.0201302628654867,2.811996747905998,32.1404769941264
0.025867758024930097,0.0834480155171773,2,286.54947840906675,69.36800583463116,0.7918540831575026,53.543879916309926,123.15667464848504,0.384085810958547,4.311777793552324,6.090654350054721,68.7853869235843
0.02163466766562246,0.09914467079872882,4,295.4180701017853,106.91436086497046,0.7191737725747717,34.26949719985235,87.80978543068778,0.37862335234652506,2.8693745965111495,4.297562580766988,67.9515337052635
0.011695091021955109,0.056882425291432955,2,170.01056730164186,50.10558368456479,0.8608414888769518,22.413547159637282,65.99860553920067,0.2260626113400403,4.1334246080452965,5.591613056546014,100.0
0.01173090386430764,0.060065752546081465,0,240.22393987729927,87.62084824474587,0.9003726343077553,28.762745002706346,67.54600296197378,0.2967867551736845,3.5797119869832317,4.869621341149674,97.33546896884467
0.07362800307822867,0.1474446611028407,10,466.5011200677858,169.55046948810335,0.44211745317580603,95.64081509907427,295.9432443175297,0.6580608220062689,3.046831776829916,3.6959690633912117,0.0
0.014802303931426515,0.07548925787453865,2,215.06195984756187,79.78046094186308,0.9082716927556346,28.3792762523788,80.42249507632407,0.36020941187599104,3.305529937703607,4.576104114564488,95.43487411185924
0.04764051877756245,0.11456556158864656,7,376.4821687867828,142.19818183337188,0.6347911348041853,60.46365644130623,169.71877396468884,0.6846657270371196,1.527871074817995,2.241610836990094,14.512368082450088
0.07515054410369415,0.13003896885223942,7,483.52719196545337,164.78045324876956,0.5145895639308203,80.3818255354965,281.2657768359989,0.6301445898660452,3.1268606004901893,3.964380192164003,0.0
0.028002409378590564,0.08928570028621428,4,293.8855431540975,117.17234362870802,0.7866634706614234,44.22454606895716,93.40809504708164,0.4511012468339654,3.5619413987178046,4.724200137031066,62.40268698882691
0.01867471067927638,0.06059670805880999,0,183.1019415726739,69.58268256138403,0.8844011449103449,27.155336185846714,61.74334428180048,0.3426507544160687,3.9954714425113016,5.016444821398558,95.63784874386585
0.0108182386710982,0.06846886200722158,0,207.8643012289422,80.04085858008182,0.8860979256377789,30.746577295267457,104.37515852815234,0.29792647212786455,2.618346296415397,3.6493223436163476,98.88078570893926
0.04856133357814441,0.12214656263894189,7,381.00440597642483,127.97743222486999,0.688767230910127,50.86304761488428,160.03261876315136,0.6226628060798358,2.6081726646644308,3.5352752441110993,23.900938944330573
0.029998295906483546,0.09041281161862046,3,297.84046273172146,108.37429235827956,0.7031434057744856,34.98721554940659,79.6920978903827,0.4419332986030119,3.1150371456834844,3.85716981924265,68.2075780572459
0.018599819256410677,0.058867062637925134,1,212.08423361168067,63.697307553520176,0.9430791032079426,33.30029318364371,83.98675960210554,0.21873351246096465,2.6714560817524022,3.49257503106278,97.5584481047503
0.025130192689289167,0.0979717139081918,4,309.6612953665373,117.73579329260856,0.7550919397822038,42.04094371792232,124.3589463859138,0.4306684640028068,3.9832565856520943,5.482704244006298,68.99680015430881
0.05508593047353098,0.14251070273926428,9,440.2002003043198,98.70867100259204,0.5351397244160804,73.21763133682755,233.37037910530535,0.765242930066825,2.015500910861492,2.9835560124421874,0.3282188985187262
0.01698721957993187,0.07925354654303218,2,175.7286833709699,64.98126877106199,0.8868161542758404,26.709997218539808,82.98905239657908,0.3822104873735125,3.0365299596212276,4.43589651633736,97.71554963385005
0.07400736018929188,0.13785901408990467,10,569.8518436059464,178.2076495553518,0.4348877643725619,97.97439415365405,315.252872171273,0.7292642025768619,1.7011283507913626,2.1212308387122976,3.058158696253913
0.01045861404091237,0.07163749918283145,1,240.754182083428,79.99235121476298,0.8698830391237348,38.79167174440151,105.00460069470171,0.35789166004391304,4.43061874706082,5.8388967185940865,100.0
0.058021795859382094,0.1459102219248467,10,448.77736505820087,154.77581891884307,0.4806859676323119,72.47485651784338,236.20788702371885,0.7319804025984692,2.6599721806290435,3.2739773840072646,0.0
0.0685550757556444,0.13188307183290782,10,428.43334381318476,108.96433158041678,0.4095072424978597,70.45326803896069,177.99273033963502,0.6327689891704897,3.1643437510562933,4.480413108497993,0.0
0.03546296113632841,0.12069487020000264,7,382.74838071727254,102.20913247061384,0.6784690741289925,51.10175821114498,111.72119738313849,0.5247927026474691,1.9358849465303563,2.9020879295854556,21.69306415064716
0.035953447694079856,0.1262359311458002,6,442.3785016016556,129.91919327633082,0.6807280795721902,68.41297692847205,188.55862807227848,0.5605199551300039,1.8318008184190444,2.6360378703060214,14.859654976810816
0.060928355706442346,0.1352667954840561,10,583.7566558035886,163.14906520387584,0.4150661858831422,75.12027748521712,226.58848747191814,0.603551063944113,3.4594264906605336,4.8059010120217796,3.812957919780576
0.0708558264991407,0.13840660661377308,7,455.0284460116129,178.56840676830208,0.4515480452552133,79.03280308738152,259.21530910917954,0.6738935019971802,3.080469641780797,4.051306492344901,0.048158445554138396
0.07441678762572977,0.1370421127191877,10,560.4250952479401,176.89552164193466,0.547302750122038,76.56873189943867,185.2556587175384,0.6989677328273391,1.6002624935050496,1.9267152283164624,0.3310097468328477
0.045570404038309836,0.10452470861514997,6,482.45500920251754,192.7339666912938,0.6355564989380708,57.58877616165772,170.42654326660718,0.6690128454365601,3.011103027838467,4.411228241618299,21.08183180177363
0.018765996928948963,0.07864087214158921,0,171.52076849350814,34.60093600939141,0.9355047317248387,26.03364384329437,56.28446928999388,0.3894585420324341,4.442790251683625,5.761050782412573,97.41415903124859
0.015347766742067066,0.07891435835129995,0,247.28447409464562,59.346320299845026,0.9104793361121879,31.983347269541223,84.32306190409,0.24345120260919592,3.078943179194631,3.7817657250029693,100.0
0.01266431429695536,0.05319985936122973,2,174.91881326521093,53.1481934539105,0.8695039829523251,36.00393175282727,93.17006980657703,0.26555526928557693,3.9013727936912734,5.691082106273132,100.0
0.022330456579785572,0.08203423056361443,2,317.18454757350196,74.44605343842791,0.8403689274912335,39.64761052757326,117.83111675986896,0.3117061171093578,3.8451911305171818,5.021682726684634,73.49577921910232
0.022032612726042893,0.09925290636108773,2,292.5542390376217,86.79644104605244,0.7406003076131147,49.039331653432974,162.40675965208524,0.32500723774328755,1.5568410092972529,2.1088876027025325,70.45837774308488
0.016720862620992316,0.06413231859903241,0,229.74032388347428,68.8016486107683,0.8617467847895504,36.73815441830703,119.49276106381788,0.2337229101223833,3.2634632006522475,4.333012652385043,98.97064309539051
0.04606044619973075,0.1046485731038176,5,380.2941358934685,134.16320023357787,0.5605024252125307,60.0405955371356,137.0040929662175,0.5911243660061383,3.0916228609376866,3.9685035876650954,18.846963780463216
0.028917540964813332,0.09289829508947099,2,330.93307252404105,106.03406503629644,0.8097014413859588,42.327243501532664,130.07753629835094,0.3776195305033466,2.6079194772158836,3.2325518436259437,70.42981829273137
0.023943041376565243,0.09118901462709766,3,289.7389652707641,110.08375409989519,0.8183017226296754,55.897347345704915,141.25544936005005,0.35733148355875727,4.335800012953983,5.8967261186403075,63.473205677481765
0.02886086494436519,0.09754298496537887,4,295.4909926756866,73.92649704353776,0.7669714820244239,48.47121550312744,115.44751225296173,0.4696559596297271,3.3719674454513977,4.2815277396507545,62.4708710367847
0.07490633543855563,0.13675920554155466,7,481.6909578289391,157.35563490563803,0.40441558640622166,78.1425668905397,175.72061627537434,0.7588863263496821,1.675778815413743,2.3776168398305235,0.0
0.017601853894926005,0.05278382292746459,0,209.60363844856508,74.65561819703844,0.8624423812237474,36.529896694227396,117.56492799377722,0.3806767297828473,3.092407184290159,3.8054065835419855,96.76629385091866
0.0467888533645219,0.12739752193287082,7,389.35417688300794,95.79618344603762,0.5669025090048491,55.36584216311194,158.86029187087522,0.6476582587096332,3.4152584126460828,5.009711904791478,23.10658271337752
0.029672550392377317,0.08112653387642586,4,301.47340374623565,108.57355472738571,0.8136425248440194,44.82232730362131,143.22197929812796,0.43030345148425475,4.216009961279474,5.930384743929889,69.37422128389379
0.02652352709815113,0.0952168538307376,3,235.93372213224427,47.43561106123458,0.7021917914021774,30.2797448240981,83.9476870428946,0.48994147228959195,2.589783141948754,3.2154161768967193,69.13168503115797
0.0631080859154613,0.13618412041490216,7,591.77311939424,210.31530346219174,0.4102562090823175,82.9961359773805,274.3904268584794,0.6603187661531464,1.9120155542362502,2.491688153597938,1.2578781152038487
0.022082394533355733,0.08346142866243834,3,327.85931022109236,109.82653935561943,0.7887112721971565,33.419014703211175,108.41541011608905,0.31538765037769484,4.305782556969238,6.077775059731153,67.94064003976868
0.031856995832872534,0.10838854140521725,6,486.01097892342125,168.10587258244752,0.617321021109168,71.70664413862066,177.55747787775394,0.49353541755588165,2.984598971752614,4.304945619619163,19.87815143828515
0.020778787785570085,0.09668799042758416,2,347.04480636511266,73.88049931368965,0.7203783183818837,44.91579115478091,153.27678027796986,0.4720876515706081,2.8603566848175035,3.737157668020134,67.67209392599997
0.03397900238521362,0.10935965355148264,5,389.4767757562572,88.03574625329396,0.6014046722204024,73.86871317368973,204.3250108365497,0.6362775101785347,2.58999289385243,3.469461957035544,17.41308161893605
0.020156765740080875,0.08152642449334017,2,295.6500363634872,74.76857134326843,0.7067697526134886,57.61844592852226,195.4032376317091,0.3518250007260154,2.353328979146287,3.4510798009041856,70.52747121703175
0.04749265203920068,0.10985634440596792,5,362.97384468019504,100.79399910714478,0.691678650036776,51.81127733747188,116.16735422672713,0.6707493368237468,2.9136735142595147,3.9150067092735923,27.952707354263993
0.010368003280944156,0.05451057360354941,0,205.7472962523798,76.49303249891548,0.8647682391196828,34.32500963835159,77.03527178319987,0.2271345524253884,2.8493893074949175,3.7921980742074872,97.19428785233491
0.06912176484996571,0.14738519149940746,9,562.4324968923459,187.29017657704807,0.451269911216145,79.18243763714888,243.0121273117492,0.6186815824426376,2.876548010311381,4.139317135641906,0.5746332273925014
0.01000718699591332,0.07244748530931275,0,239.78550519441015,65.77668150030611,0.8701028945529915,22.533798776876438,73.25272609062237,0.3033974596769835,3.979714536574397,5.870607864302406,100.0
0.020108306245594062,0.08751815209209102,2,328.2839334414609,110.32463258734613,0.8315610476671627,59.44147879999438,180.27323905461245,0.30687718590499174,3.5303247731248235,4.840318409014584,66.95144510566224
0.0330534551763968,0.11043785702615323,6,367.4338506615094,116.17787721647325,0.6415851277162509,77.84356227986953,235.28185346120364,0.6850057256398504,2.4358913066547103,3.2150796601085956,15.915375770754252
0.02646284186918424,0.09445118947001682,4,329.4416726283934,71.09225258037445,0.8323022936832659,56.70033380955937,167.42379132517098,0.3537190352105985,4.050970662684393,5.552078977213684,69.60273944237976
0.02969762196416472,0.08555799513018418,4,253.65945650069693,82.16148594775088,0.8233255039620768,50.84117801905933,157.13124767896295,0.48987603811275227,3.6053809870131683,4.848930600649321,65.36273081191759
0.02190076136954122,0.08874119453593886,3,306.8609946707938,108.86622013435819,0.8072600904244805,59.41471061010282,141.06389598628473,0.34929536404439826,2.6683849953758756,3.4172041513971148,65.37506678938784
0.02804078890643155,0.08450405066809268,4,224.87049255462722,68.27548995334404,0.747045545725477,36.49139700393594,90.01587663294832,0.4112038125431557,2.6086325783802704,3.747460735905953,68.77261019938824
0.012836795983190362,0.052509095719726215,0,223.95142675296182,85.88135156206131,0.9319994166375211,30.268669332679025,65.29730570267063,0.2516094511932617,4.3040560250986495,5.473259748224855,98.1723584885651
0.025847060477328664,0.09925640190868337,2,231.10394260486694,80.21080140236583,0.8015584182997777,53.25895568791236,132.55801822530083,0.3192346078400917,3.4063348145326056,4.409089591626259,74.92212857498522
0.021594552855701624,0.08224767887154687,2,228.44260950032313,82.11505994816865,0.7648563145198413,46.0520883202585,113.72537472794043,0.33833239146960414,3.3932968504334937,4.181963014779162,74.29189950521584
0.023156533701435802,0.08012767657264072,2,249.4800034480324,79.7560091939019,0.8004327905948947,54.786175649469996,124.10097890457325,0.42713773694292934,3.278533170093227,4.521905329342228,73.3145409554065
0.029288573996781676,0.09130892667213261,2,245.64281799792352,86.26263059049866,0.7152279159133075,49.93551101745472,129.99686763060532,0.3958226112060437,1.6302111912151722,1.9784806997246902,79.61916590389932
0.043301622260075334,0.10234604967942039,4,353.74271148012735,96.88939612566979,0.6403250423468358,62.58812771995355,168.25652819317588,0.652266858684497,2.733340889258568,3.97278390911091,29.31222547536866
0.05295667759843597,0.14321689416508696,7,569.495371864223,157.20921295871156,0.452217634074244,89.65230007440334,282.43976478620317,0.6891415714007109,1.6839953557020397,2.1325116151004457,0.0
0.027426371152726472,0.09744135177399843,4,228.849972408525,83.50958674805631,0.7138406046063207,49.20738919812078,124.87669227916196,0.4780576409966972,3.115234680473537,3.9858604320506936,71.7642714496774
0.02858813323154016,0.09570073297432526,3,313.3829677028414,103.21911758621974,0.8279934981684572,33.76419104105671,94.14845065739202,0.39067255235973314,3.384094548710723,4.81885153913522,66.07838023608778
0.023575542280134604,0.09618668385261035,2,289.74980179572736,71.96767594590216,0.7353565721550712,52.80688097675014,167.91107465485632,0.3069077510745734,2.8823140117143895,3.5151389322040427,67.13502696299832
0.012492665751311995,0.053928536596479754,1,177.90577296046214,42.4654691717763,0.9389993976323959,34.36977049176581,108.67404152474955,0.36659424905591587,2.7497520093932506,3.9295282700333,99.04187992514301
0.02945843486597109,0.08340970866569748,3,236.15076068400677,57.449063592561274,0.8317946491567915,30.053254222360312,68.37110972011924,0.30368200894302505,4.278175273913719,5.923947449181214,70.27935288988898
0.02765294175604221,0.08797031655667252,4,200.41079780216742,48.103000350253744,0.8358980826619145,52.8899456771243,136.52495339126412,0.42237160531978113,4.1151411331729655,5.222885845533672,66.18324866006705
0.01380977316310777,0.0651944882734182,0,182.33087386753184,64.44432065406848,0.8869794287604736,32.171922497336496,109.14130808523218,0.22851910681735196,4.3432732101160205,5.861116687270911,98.85944188184234
0.04083851524716964,0.12593648416455835,6,305.3201663930449,73.89733509818053,0.6661463255580975,50.77031075354487,126.07178439194234,0.5784113026109114,2.311200373891459,3.046549273103414,24.877854412455218
0.03578500360343552,0.11276054799765464,7,418.53910764762384,93.59884727045394,0.6543655482684614,73.28530170485128,243.37529075110288,0.4819400911958865,1.609172275397261,2.0629859876379033,23.488433225312
0.015904612827562187,0.07769004146943319,2,203.3737442599454,68.41663971950074,0.8553122465668955,39.320160436430825,86.09995957771348,0.37054951691659405,2.593026214879062,3.2063446610331767,100.0
0.04835889372671082,0.1186642670421488,6,446.51576295594094,128.50332860537466,0.6211474533176858,60.774973034357316,181.22714658327632,0.4953444821244463,2.1596629177336872,2.597036750135219,16.48718512867919
0.02004038088256673,0.08147622642360507,4,209.88623412399068,50.13512282073862,0.8410707750043267,47.18990223737052,158.67216458649182,0.32435363953589663,3.653241120184498,5.269348190557582,69.13973417822673
0.02729503842582939,0.09097058329366602,4,231.18490630313778,56.686103087375535,0.8497270472277003,51.897741766050004,178.42795018565852,0.37437707033932693,2.766220311608765,3.5271462375976763,65.66531207608129
0.028494879177822792,0.09584362815555209,2,205.59085485415835,70.35155028132557,0.7976735485218536,47.664182415720035,147.98298611565406,0.3433705681721158,3.6480574867470343,5.12642322508052,78.68021429002212
0.029456128142337612,0.0852643310269193,4,303.87300011092145,108.0630827386737,0.8132754521159221,49.64526068767556,125.72811397239732,0.37673623912891924,2.9180653657336855,3.96920533047179,63.91235713092959
0.0447734221764881,0.12865991278703964,6,340.45219394330144,108.04236036824737,0.6362851127947334,66.64048337027631,187.958952273028,0.4111271545025606,2.146524632547183,2.835588642818584,28.593635467621887
0.01775933253143738,0.060739908112092546,2,216.6299007260139,80.97022024700928,0.9151685313430531,24.543150090729867,85.22745073201907,0.2585292599639878,3.6319954056082366,4.42454881007645,98.11973579028816
0.0565891974158927,0.14634624713931813,9,405.1536257693911,116.05654613732307,0.47538060599684256,86.66218730487645,255.95363460026732,0.6222833594755113,2.0918289055764343,2.9405199173920713,0.4988456911637107
0.020512642906124826,0.08604921425199058,3,208.91763540820145,43.81308694004876,0.7894155545602308,53.545765594211225,148.8761343437294,0.4936404305867627,3.7283482435507818,4.743053528239331,68.15288398632063
0.01025855659481017,0.07506777395521914,2,193.37539899445713,60.008208505512435,0.9493290151117746,35.74935814821641,85.38152638157689,0.37571619815123464,3.9031895855300776,5.268132667146168,100.0
0.013269146668087184,0.07679303090847554,2,174.91764568982123,40.36354869669338,0.8733836678723609,25.341179007745858,67.19580047652525,0.28894915417273964,4.301017816048244,5.25515923300067,99.74725075098827
0.04616548357212157,0.10945909576160473,6,335.0130837253482,98.80440852116628,0.5504350266872636,78.76556471260747,228.708792247895,0.453939618049666,1.9473263527231084,2.4042444606681763,26.594093204696097
0.02352559627675072,0.09408133723056984,2,308.1204018084735,69.50291251479631,0.809509920247559,41.931372894525175,89.54769598942744,0.4083394903722998,4.430521452526759,5.567125772618228,73.39655428491459
0.024142587791596566,0.09948048156740721,2,207.7391218396435,74.2818652398971,0.7834374091904176,51.388844460138884,116.31533374338571,0.3400522052196701,3.408189564313984,4.926702943090833,79.59131696811842
0.06345238253261437,0.1415896938434481,7,532.59015446453,183.09779844165794,0.44303405166889154,96.95698764873482,265.78116194050955,0.6371453278195797,3.304060423306969,4.659307429414418,0.0
0.025188579770705558,0.09682011657620651,2,275.5036295200053,64.79788705195524,0.8013444427859953,48.007627657072334,114.6544184073395,0.3726494732363548,3.5924995478091786,5.239227890944556,66.3207794890445
0.022936856813520944,0.08730571993625481,3,240.2696244287799,71.98518273956243,0.7030713539837843,57.19536772009836,132.5147032313594,0.4250836732152279,1.8746886781842045,2.7508820164845025,74.86887842891943
0.06405187678646919,0.1304077007109336,9,420.643675907559,154.8835541000268,0.4928179269082033,80.2750425961463,264.2202733842913,0.740575963587677,2.411278836522589,3.5179457423102294,0.0
0.032238874825563535,0.12659346513145675,7,427.18656643743265,129.22392672498304,0.5903746992549692,57.358242236775695,144.11474785388958,0.4716475466650179,3.108865504751349,4.383790825920411,26.067736450980785
0.06198460350623043,0.14098141505376038,8,533.0266327875554,161.45485353484634,0.509344231478835,86.69810951604227,174.58174032496632,0.7885984575464885,3.49639993454789,4.789421028515696,4.8281418040106665
0.025045962019629428,0.09917529507080829,3,300.9365785564143,92.99932347019465,0.752270474095044,33.40792445790428,100.8598698575109,0.37986265992191703,2.840182441487629,4.238297931628769,61.01933497476832
0.06096256788664569,0.13227897449573398,10,546.0529892690572,181.84285151057753,0.5366187357684908,75.43573222797212,215.87534445262915,0.6724777784972684,3.1047845460366617,4.36502438275977,0.0
0.026561828856837572,0.08165978989495576,3,284.6985769947645,85.69672681370733,0.8468978106505889,32.18185232664896,82.37428021693027,0.42592463078313003,3.366343095407481,4.829488573604451,64.25612141098884
0.06903528365614474,0.14917078565731082,10,497.17483362951174,149.148617949674,0.420483969920544,92.37389449120298,253.3606396168277,0.6326641612558238,2.298732980930522,3.1786209558430754,0.0
0.027899411166562183,0.09102149473742814,4,224.94052126247158,66.71374690569138,0.8079312357057145,58.944670293559234,129.17052340925602,0.46618022963236944,3.0301111212249214,3.7515436224558183,71.60022028427744
0.018332974850244852,0.05785297189556096,0,195.5365861906238,58.01306416576295,0.9155820663028132,36.895786511410705,117.40056214633739,0.24381660216473267,4.378273774061601,6.43428148875102,95.44209825422183
0.02737285099588848,0.09834761243615299,4,253.2963641101452,50.7646063323299,0.7542510450552168,48.752986934300466,152.01923175928505,0.3510030541043515,3.8823683821595285,5.506837288156203,61.091314412951505
0.021860101992772683,0.09750069672577626,4,245.87204979714846,69.4771723592607,0.7125736631431248,56.96323773662043,138.48754513341868,0.31369136046564644,2.6979669251840113,3.517144687933609,72.14601336954455
0.041987940061780436,0.11819025848824917,7,404.47847329686834,148.91555212912525,0.6660956550288925,59.36527528140986,192.42055091443007,0.4724406310881565,2.1501037246954846,2.621809848891343,24.73385347442275
0.07315227951737889,0.13412998215322058,7,504.3320960741457,143.87703945294064,0.4921630450504047,90.42060493344364,275.16442339457404,0.6600398443301945,1.961674672482397,2.6708040111373728,0.0
0.039640151645920656,0.12018581939388728,6,338.29227394852927,110.27704449506786,0.6585286974079827,62.27089722893596,166.01462047250382,0.4546300442388612,2.1406635216187526,2.757165777450742,22.65047625115535
0.028052507107910987,0.09547769792860815,3,278.6040692220312,58.00826158033821,0.7300784386547856,58.91028097725254,140.63295531366393,0.48439408128069106,2.907340010473316,3.9453755485227937,62.1929680361868
0.02546709408087771,0.08854436227631723,4,228.95023895541655,69.12543854608772,0.8173541771385291,52.897953661865934,172.04263912287703,0.42504455399726804,2.7698958299400447,3.4082557003394887,71.64128686200733
0.03488510110318806,0.11596977968956514,6,353.5663324642052,107.05359474959984,0.6939030644340692,61.47050500300155,212.68132984298893,0.5137014988792193,3.3619826697776207,4.271975319926177,19.99149542251002
0.01225776667260467,0.07344918802222704,1,160.69013535534617,63.42653810744974,0.9274639162521516,29.858389545928578,102.30328413477234,0.24536172116775812,4.167220961111225,5.563892017242879,100.0
0.01312049232498027,0.05124903906013727,0,222.46869826227686,56.42502135364542,0.9152220652346182,29.93327178589191,89.25780098307449,0.27667565305722164,4.4212031172622694,6.358497678886017,99.66318580381196
0.02742852781204946,0.09034636884976366,3,262.9152570371412,103.46338004256013,0.7928542036263332,43.20107278124793,115.1423274041342,0.4298596699416203,4.043527442703091,5.904083244876304,67.94844237789646
0.046064844200672785,0.12482092190098347,7,459.52787237302243,103.90743647909599,0.5701446177520486,78.91610160396631,232.4708380681403,0.4021691557159111,2.671990069576246,3.380285736307271,22.81078040431128
0.03343886866236371,0.10455098098785144,4,312.9573178228193,85.75933240016795,0.636600297906717,59.491168005021976,131.3643097259316,0.5207827911097515,2.5358107604089826,3.423329122883196,41.32037462134151
0.07330314685562357,0.1359603519896373,9,577.8853295954995,205.911163934073,0.40060763018777096,83.04426535874437,258.1969818938682,0.6218462508393694,2.6857454470983257,3.913573692892036,3.346079567882474
0.02180069251707159,0.0846131685835416,3,246.08715831348619,69.17337637918219,0.7382763868504454,48.931518799751316,146.3809206619509,0.40269047376311035,2.2898303156929956,2.769683260046332,67.62012210139434
0.03841259975270641,0.10142888586399705,6,366.66514590015225,140.05065791429143,0.6785946892906128,53.6386484351038,177.32872342706108,0.6912613988381443,3.3140615664176614,3.993181343904465,22.966790211131034
0.025585493227250903,0.08897240260895924,4,302.72205250037877,87.6073867711707,0.8401901545183649,43.04860786287474,100.80883409217643,0.3944355522896969,3.596821719086171,5.085804707282394,62.858525793967885
0.0374079814636542,0.10112439283555202,4,424.2304560487023,155.1458596615037,0.6955821841086861,56.27826645091304,113.18329973101443,0.607402794837774,2.1566549460162534,2.86795927466965,28.54949441874271
0.02839021211077188,0.08095866689931,4,220.1126784481917,75.41527950500414,0.8143680880473895,37.87104721141269,122.16594080516361,0.3543515987570688,3.6456321125979403,4.677816663014912,74.2481905941612
0.021692557174251243,0.08539180187629498,3,277.0315341006913,95.42496932662743,0.7454237376933796,58.71022629218579,186.26696038032765,0.378400687903213,1.647751936412721,2.218787475686587,63.26765012869965
0.03341359586772831,0.11975384512647629,7,354.8611508546777,119.57864642305243,0.6032226204880116,67.35694679408775,144.48023870007458,0.5656099919112632,3.263390410247606,4.511224455037679,17.668614319933134
0.018491829798050415,0.058376601387175334,0,165.13871343064997,63.38046900532695,0.8857232628745445,35.893297321678034,122.38183872692451,0.22191207009528224,3.181035113150752,4.05383355450247,100.0
0.03808386154260472,0.11846370747428035,7,360.91044021909244,138.99542561529793,0.6411199217476976,73.88522231006532,181.28027982349948,0.4679933105632811,1.9142163472570264,2.634332226082974,19.965924893377057
0.027429516846857047,0.08065690572230531,3,253.5160225731091,70.14311431063922,0.8059459728277988,48.861976831399126,136.51542657062228,0.3843084623596215,4.34006047435315,5.537340101701148,69.8320585685454
0.015101898265069311,0.05063263415326135,2,227.66202791452403,51.10224213110502,0.8555123880032177,35.87115791266298,106.48685543865633,0.27006707816524306,2.612499960077688,3.4211140926117305,100.0
0.027970341467163495,0.08513849743572746,3,277.5305359264132,70.8882085111839,0.7171611334083635,53.93360038528004,160.55896613349796,0.49298698554435455,1.8852702873452574,2.623104442097757,64.42537637634355
0.0370421723379172,0.10461281402215113,4,478.2987018681643,180.64251219568268,0.56220070353795,60.64708943732875,181.80091496342783,0.6101307245284505,2.4070885532399,3.2219512736660776,32.35031040239319
0.01712011926671234,0.06928797885573526,1,214.28809590463084,76.11735803864158,0.8670975310149931,22.05385162451782,46.13808972371596,0.2601232021615702,2.647263038041448,3.3059218164496484,95.96333305956479
0.010780784265550729,0.07534512566969401,2,247.12872274674226,73.18025512074713,0.9181322398544567,38.19987670995384,132.82050898786815,0.35098041897989174,2.768477179580589,3.6074975965766063,100.0
0.0354663622482168,0.11538349702980731,5,397.11660188214097,156.85404679750937,0.6908947788511739,63.16174012213315,205.556318863604,0.5339086729032404,3.107900099802455,3.821887966233266,21.413330615425238
0.02446932816983111,0.08619463972835999,2,239.3931965745508,53.24118391362375,0.7879564402911234,46.484716373118864,150.35307491202641,0.43900711205144066,2.6137885197042796,3.574406442616553,70.81707899608018
0.07582981225338001,0.14177421155728387,9,505.4369294778341,169.26953756501865,0.4589680178032508,83.90400361579613,251.39344360773202,0.7477677647365282,2.8691151908813817,4.267914297203198,0.0
0.04534241979396288,0.10543329888711155,4,344.215222908159,93.62124596796794,0.5700077635367912,55.9687429570535,183.6478066949125,0.490301170579194,2.588634861705291,3.4060306189934457,35.45678700497034
0.048679158858244004,0.10464146306863943,5,322.39659298159296,86.63179238368967,0.6998134932919375,77.08161192907689,223.11035244818683,0.6014717068467694,1.6469252645903327,1.989151601766144,20.92694922695762
0.021525578890374254,0.08403487031513955,2,314.8666065459934,65.01902447188088,0.7518421721385788,37.419716974375056,130.26684987743369,0.3440554054757973,4.227813480091661,6.28817321641211,71.67236896036374
0.04761211712344165,0.10969685268139702,7,432.5737103916749,103.62693961188411,0.6509870736935452,76.9154861325929,173.01134987604414,0.5507301107257508,1.6495520857061379,2.1118013967138483,13.44002816949994
0.03488153544471757,0.12926845409350105,6,468.93092598444963,112.77317183757334,0.6774151150495799,60.422424821174786,187.24135843655793,0.6048137333488316,2.8218430167099773,4.106274150972237,13.428787541477378
0.041079303323510424,0.10261228650496981,6,356.11382837609943,119.42267221819195,0.6585181471551744,65.04781081888261,192.6655371448576,0.431929282714509,1.7485011432129889,2.3196992339518934,17.59061712053098
0.04388891957216287,0.10104808711499792,4,312.8673010001682,84.44447408399407,0.6984086090550866,64.8551190896466,154.34994247056784,0.5813474382662358,3.064780501785733,4.211862388896771,33.951632552203336
0.05473922498074824,0.1410224192848094,9,562.751451777856,141.4742821902924,0.4406079255249355,80.10340172006563,198.87691750776625,0.6452502452175976,2.991758948853608,3.7832465025503086,3.455997858900306
0.037830967892161525,0.12741487991795877,6,322.76120869215197,115.12990833498311,0.5524928580420554,52.241368260158325,125.26213575812368,0.5664395887399901,2.5186763484681607,3.6855831666338976,31.014022073034994
0.011487000554702236,0.05071138632481896,0,241.24740440113771,86.16238589513551,0.9317945937664086,21.32933255015095,67.87280301887752,0.3715383665281619,3.2369964973038376,4.789001834268452,96.12687077340235
0.025211088006961604,0.08955457917194355,2,260.5006719292833,78.64830737592251,0.8334296377916265,41.663576628538664,135.16062615690132,0.38472560103680714,4.41802859097386,5.316500065321156,72.82327017113087
0.019677252876582247,0.06366773523533292,2,204.4033641853862,55.28702298567848,0.8985002078602159,21.430966928625303,46.950938775344525,0.3345176726564681,4.446126739856885,6.173456009545178,100.0
0.04917332134593295,0.11715606707537289,5,372.0617647498371,131.30397047513605,0.6700128198297249,64.40097898517729,138.37495129370967,0.5478542025751092,2.167565649852896,2.8542081659665355,22.666928955364696
0.04287290481502276,0.10484092815466024,5,436.9127701023729,94.4310822500122,0.6694837542842086,50.74854317625284,167.97107782037065,0.5960149129386629,2.327057969604012,2.9226380649240595,25.420290658306552
0.07658866178631937,0.13706640213993201,8,582.0476471159315,120.55595082785477,0.42533607598029505,98.82823427912858,275.59375888699793,0.6062317847943336,2.9498539615785173,4.129472345754748,0.0
0.0752576794562082,0.1387289963370881,10,401.55731891716084,152.169004872801,0.4526537261069825,89.13142527067171,301.91944653625455,0.7275093839989961,3.143185057997205,4.49946870898593,0.0
0.019575093672541947,0.07875633352154741,2,211.02926565368162,63.25927826856888,0.9132662006471531,36.343985406735044,105.31189515530652,0.2925176325843101,3.409124703349493,4.385266772082807,98.93453358691876
0.03314675183806072,0.11744764102378992,6,334.1157399687218,126.73828575554974,0.5944208190902694,75.32433547358781,151.0168200266292,0.4634217926898712,2.6308780657404953,3.4554855688664667,22.743343950593996
0.020266969993558964,0.08140358379645952,4,262.89037154996214,67.17494330131748,0.8437558893679119,57.64675197786354,145.73477867748764,0.3136669306554033,3.916536359305021,5.129604421414911,62.18929451677106
0.04671660909161266,0.10337986607814961,4,352.963243875159,109.78055416174419,0.6855598205710972,76.2729459733349,202.28947774785337,0.48783030659678805,2.217600339679259,3.1911145018295146,28.34821894370322
0.02634114592861267,0.08083225369418925,3,322.5468954804053,122.14607763979807,0.7994297786582937,44.384315648171516,127.7754524003419,0.496155937839955,3.7593933182088644,4.72042992708087,60.86876392297936
0.06093013906587406,0.14260840128214378,10,592.1850426664989,193.3554582431262,0.5400608359588103,75.32762235746864,214.8319251163023,0.7003082008571794,3.157083602625737,4.348486529336053,4.96905585203804
0.028833405213069055,0.0953162899976165,3,203.93299393743078,43.12530408453366,0.7620470366792701,32.15528376848079,99.33055341727896,0.3862395520125434,2.9593837833569028,4.098230613497052,74.29847835003315
0.02423113173283232,0.08493212590629608,2,264.7677213714874,92.44295386452247,0.7331763860834805,40.22348263616207,86.62361935612246,0.4623717597083123,3.1844112777912104,4.535849306775291,70.90389201385862
0.03222413475230736,0.1299030015155653,4,458.5958513085804,124.5748310820029,0.6578945824551846,72.32881846642191,172.16208156064582,0.6383717829596516,2.015707955308592,2.9186355295468074,32.71830926277571
0.032429072886474154,0.11526415542103677,7,323.53878766942546,79.1054722222308,0.6460591360077149,70.61637271017891,218.3825769182681,0.6533278867713675,2.05173817072932,2.7524436406335155,22.32696726779601
0.04949919099822226,0.12055474127355115,7,432.52535898211914,118.08403447228356,0.658595925531574,50.091071100229044,150.07851517388113,0.4922949355736939,3.2658171556618276,4.730592447317169,26.83028026023698
0.034406137071552795,0.10011152671924653,6,454.6340752516005,145.824612289302,0.6649493483038865,72.96768182106759,233.20217401344644,0.5829800893171245,1.7648396038327314,2.313833322666059,20.47321523013134
0.04692127202575254,0.12461879119342183,4,442.06056323168986,88.86056454607797,0.6867832463816512,71.79695017537982,226.11682790896492,0.5761571093078239,1.8249321452831135,2.671859844285986,30.71040992094641
0.01397399777881457,0.07491183233035285,2,188.8900033029491,46.543401405264945,0.9244058587370311,28.365819355979013,69.81661804530115,0.36938275996856423,4.463680917177039,6.310420224785372,100.0
0.025683587514220743,0.08337871370650686,4,321.74111106631267,75.1581814253132,0.8457255869175863,37.87708779489806,91.10659859350633,0.3048094698094851,3.114648653965528,4.58218636578365,67.9531260866685
0.033144692314192925,0.11766021356136065,6,395.13611619190107,117.00344179481223,0.6533095249659308,53.887876248918964,166.0450145920007,0.5827664562229783,2.7435407868848505,3.4683822223896836,24.93147316099199
0.0441846166480239,0.10203533407974816,4,405.85472689631996,139.9023693625268,0.6648586714901877,62.85535856577102,168.5736292670423,0.6842085862711177,2.303275256900206,3.0056044171929823,29.52297999099491
0.043580018887103854,0.10366709741977248,7,324.25544873822764,80.10648135515285,0.6862532464374745,50.507799800721195,158.8494674693839,0.6664123688924634,2.755197510711271,3.7261922843744006,31.11940536160882
0.011131196646807673,0.05937616663314849,0,199.88087454309593,52.525089015701056,0.8758871959040405,25.58005423202853,70.87733231758692,0.20572107411720103,2.785790451119434,3.7251527781169287,97.06692469626078
0.027201366735845667,0.08015264499141851,3,287.08987992230504,113.68539180085635,0.7675651702021143,34.48489914707688,97.58420775143014,0.48091899808145133,3.6714932350992306,4.617568576185652,62.937866359950036
0.03299585861520892,0.10067324790461427,7,405.2634215914771,149.61134789757597,0.6065331001989168,79.97277180336889,185.56131884473473,0.6494749205232199,2.2614647696678345,2.8467576405819948,18.26143056029657
0.027302135072117276,0.0990103843218275,2,252.71574628142812,68.11552643584962,0.7416008811336533,40.990313037312184,121.74921999146423,0.4145518632634953,3.2876303551099593,4.341856559548934,66.26298015329498
0.027010100030289107,0.09091311984100366,2,227.98558705633553,64.83659485971039,0.7382171179297572,33.99962553842441,99.93134727215273,0.44304335031705744,3.0541079740620214,3.9495576395741083,74.18470417398682
0.07739288846788202,0.13197403973316835,7,463.20765672566995,111.50008947179094,0.5313403282330863,74.72702326587662,205.06314052236505,0.6275236074680203,3.2976351001097517,4.159609054772321,0.0
0.04401740146477455,0.11879202176869696,4,425.51112946221207,122.39719611490442,0.666500918984688,53.65578157888226,167.53110655426138,0.6198331150134152,2.52943730479464,3.3992053245108576,28.839311863685325
0.03204591348611824,0.10223951116626562,5,346.5153372194874,113.24825021347503,0.5733966782617932,68.59615487653686,184.2922336868488,0.69993252569286,1.834197261756806,2.6756989618790588,19.845321094445346
0.028532644468443807,0.08527634856065765,2,265.1622794827624,60.85734786444432,0.8105960918672143,43.57124315668894,110.41525968066661,0.44708959712091295,2.7407086490773462,3.845939835730412,72.45679998294762
0.03095568766066758,0.10677843692798997,4,434.84094829414425,163.0320483672541,0.5699735789486372,73.37143420985781,217.64145588385466,0.5804680784387637,3.473534228846319,5.04383740363751,30.540361526996865
0.043219446338742855,0.10462289881289552,4,492.88927661370843,114.10031749601723,0.5731173350698647,63.609490836168916,127.58095073946245,0.48438832254189074,3.291453281334735,4.834830651544458,27.649524611987975
0.016381634961095508,0.0649532693802388,0,163.95948564764464,41.45710855902611,0.8841703040651443,24.989557916250156,63.72573056188894,0.27938143468031,3.647991855248242,4.823651185839007,95.33809528124002
0.055699691923864994,0.14009333611424804,7,509.6228062716117,126.94478365859435,0.5479756979938196,86.630752368285,197.76358854534766,0.7559945497845766,2.6464610924141754,3.6508765663535447,0.0
0.04351988368401561,0.12124847923106691,5,338.52049719490304,98.72218420396293,0.5564243374623348,51.86163442113055,156.01682066044654,0.4139796736539694,1.8350122951251242,2.5971746752469467,30.830617547907845
0.04146734196766033,0.12842802894562583,4,437.2741285941852,90.2043210035071,0.6689768925594155,64.62744158486623,194.29190731980006,0.6788582333156075,2.400085235768585,3.3990628363278583,24.208987448353746
0.02622572235215834,0.08342323082553961,3,307.58813929134766,71.91217412599313,0.7820832767211494,56.97680108621563,171.32340035708432,0.49803080656031057,3.1265848845427766,4.2883451756933635,65.51902094009249
0.02353546016628129,0.09173223927116174,4,272.203397666027,83.87777373707489,0.7397763110003216,32.20004842205334,104.44347832721118,0.44443372606739173,1.9689818749954904,2.942359023962978,68.89492495718466
0.020848216319453102,0.09230342955803816,3,209.09128724830452,67.81008810692418,0.7991326799972943,39.42307394559143,120.35038417212087,0.34881652555132286,3.6730921063832316,4.694609251013467,65.5514051293218
0.02425415926146636,0.08775571875427621,4,204.4297172304091,54.18480027770745,0.7564966022587291,36.89682359162111,77.35816315415792,0.4649239282599536,2.9300938382625734,3.5782769450672185,65.80130822306448
0.0267749307892989,0.08964242666776537,4,215.90698849986737,65.62630888388388,0.8288536401184642,52.91535052522824,169.90808728777543,0.35080400112521887,4.2374729191079865,5.526527784700115,65.23434079492807
0.03162558760232216,0.10634929396482039,5,461.3144495150651,147.21330579473207,0.5635286387244643,66.44640668770298,139.81912411883064,0.4392225336524407,2.815371513916492,4.020048665733222,24.942199500329934
0.07888005305138893,0.134120740795801,7,475.951099970686,107.45627304326666,0.538833313768425,75.89325138874702,198.7693714672127,0.6483690301531833,2.4307564216705657,2.9355079979637133,4.891133954386044
0.02865209806762666,0.09298790262994532,2,276.81650612666317,80.86455836143705,0.7250494148931773,54.38045472542425,114.35297383828039,0.4512831745238154,2.9179362956749415,4.297218991154817,72.31545003355302
0.0662516960882575,0.13458661192636637,9,533.8864768858765,131.1209317835952,0.4416672397654671,83.38713780687318,238.35465946062527,0.6496485014332999,1.8802573141423566,2.4253701074763563,0.0
0.03372872886178691,0.1060432383292406,7,411.68034394012386,139.88190034697337,0.6914409052284084,53.77872759357702,147.32237140640413,0.4542814458876621,2.822029342502727,3.595803447881332,21.660505934027505
0.028886067104971738,0.08563627374269281,4,335.928532699966,102.11015196514549,0.8347650745988964,58.464476310403505,158.47548421281147,0.38227675406522116,4.2760225852814155,5.6765697227516165,69.21676490143237
0.03927037358517236,0.11953976437596743,6,457.9775739973155,155.8619556810263,0.558697009837405,77.69661304732168,167.6175082539068,0.5354974723937734,1.6285490386064567,2.357279874319086,22.970092560869368
0.05588590022291872,0.14053048290823777,7,580.1901611346528,231.96881302493486,0.5219214636369842,99.15577894833268,226.59895253921903,0.7407436477975808,2.8627831764410305,3.7027016796396293,2.0816210569226703
0.02806553234215891,0.08146067703978406,4,264.9377637003115,103.87541563583702,0.7142052293792106,31.04436962394442,68.00325866479045,0.31141128563931403,2.0827866483901545,2.5410972883216143,66.33836834072861
0.02327310197661189,0.08952669488697329,2,270.7133742110642,61.87365281137465,0.8047343347659789,36.069129032090856,96.6515180569769,0.32272331708821517,3.4254762649286175,4.6400286828943065,66.18855874501651
0.02018062448782368,0.09734969347253061,2,315.5958230319052,108.48800284886977,0.7278738613707583,59.279319894167415,196.5820514071728,0.4898144438283374,2.466718251900173,3.5114461775387658,65.52415847010107
0.02236606398032777,0.08051142139390026,4,243.7458611763668,95.08945538135663,0.7895206226543471,52.60956428044944,112.12857301075412,0.3294757779720085,4.208030166034376,6.216477554619783,70.88317084112981
0.018011614646704546,0.06702791294146912,1,237.92194406635738,57.18783853643419,0.9356439294086855,36.87155963103837,107.00621901341344,0.3317546335023437,4.394966723505737,6.3622855122921935,100.0
0.039677623120694276,0.12862880680539698,4,343.2932219967721,129.14778541996145,0.5746920965890503,74.36290395010263,158.40788459432395,0.6389622134294602,2.29476728540836,3.427118268528911,32.77824368382045
0.04719531012755033,0.10494936981387172,5,317.1821392635698,93.69185320550747,0.5694873971045697,70.76257520368898,154.86571298418932,0.5788204981890126,3.1877250755345674,3.9033423755527257,20.664853382314153
0.021305498363597138,0.08307476884801777,3,221.0318187835042,75.27210480200961,0.7611831546411526,38.49493619514799,102.97091734798124,0.36160698349225523,2.5151337719991407,3.3107060731514717,69.98223559723435
0.01628371140023323,0.051539953141440005,2,226.78730988413568,89.51804347386796,0.9424121729042343,22.78899697518757,49.95733232950744,0.32517433459453315,2.9258720249229904,3.7971029918563164,95.39302655223793
0.02719205485152662,0.09274270828609764,2,239.15224766471616,77.92948726307867,0.7080430608138014,30.016143744839304,94.4499793226677,0.35315130740087886,1.8389470022389087,2.70436110820972,78.13101957506726
0.0343028645599923,0.1298151384017293,4,306.9594241265355,65.76304550264686,0.6677862287666448,57.34608425985396,171.87797311921568,0.476095893524533,1.7445031894491225,2.5637113913837024,44.779238604135614
0.023479240414353723,0.08004798254896592,4,225.32920196648737,89.16041351972709,0.7808303211617387,42.09652717424239,119.85440631006873,0.3439509811132427,2.9683510447755115,3.885495968991309,74.49967742479369
0.010054113617898442,0.05441266236334158,1,177.7605451154738,61.077420306351414,0.8506962365803451,25.098919312640604,72.73127402697928,0.3758776418029984,2.649345084796852,3.2202731222144734,98.620732582492
0.0320675056213497,0.10867738154241131,5,332.2851141704165,121.51692675898626,0.6677606174344576,57.98382072354214,151.94503005364024,0.5894394968365926,1.9364425035890904,2.683467889995208,32.02826038195805
0.02167965564198137,0.09696691516145102,2,267.8176368740355,99.14216241808487,0.8264126892017442,51.21788340766594,174.20868976450288,0.46993857823973273,3.6602250556243874,4.46580977207812,74.20224775229713
0.023825026781966185,0.0940148490935948,4,316.4311493549682,85.45146345444584,0.7655339076706505,33.02255240099678,103.63525441892821,0.4038555517770423,4.122381690999918,5.753361078857039,63.71385258703338
0.017640427869787693,0.05964447276509691,0,241.7630551033411,64.32955937650785,0.9241132944573316,27.171432051851223,93.7026710664438,0.3794088749235708,3.3675447166049457,4.916563703029393,100.0
0.048281301495028614,0.11405432854336471,7,467.8069958209942,173.37138702741223,0.6315741846073064,58.085876529449955,189.38514054864908,0.6251607004903474,3.1748047199534213,4.465759967886734,24.59435988209984
0.02484954367438113,0.08388753519683596,3,215.32984900128554,66.75602481454884,0.8117543584686453,45.8410467723295,147.42419729244028,0.33223063696397936,4.447322540758771,6.387242202365203,73.72656727063655
0.023848396580188044,0.09526709833849283,3,344.10578942668667,96.24514442357909,0.7753721332144765,32.66599714982766,85.42867622213542,0.3782321030780344,3.1329116749061177,4.027716589220579,65.19536432974661
0.022907068383364468,0.0924030960021171,4,309.2372159308032,83.97111033623821,0.7209562458270871,44.456114816336964,143.0835209704493,0.4328377881550671,1.9548192991010918,2.494287600725986,66.0947136740155
0.022462568670953684,0.08503003442742889,4,213.98930839735536,62.66220252790611,0.7675502827379529,54.011247204742716,125.19017029057694,0.31309810923020365,3.4243200159785174,4.69430183323983,72.96389474332892
0.01996457290729534,0.06830416978507975,0,211.7338517513256,65.17712793011997,0.9029224486641747,25.45026215271918,67.60766502148249,0.2675547071706162,3.739099689612137,5.547696259434255,100.0
0.035310222622564905,0.12488096891177065,7,395.0467657375722,104.13777489876072,0.6499976341547639,53.37942488168345,170.31751992171075,0.6057187742843932,2.5073546128344066,3.3908281409734524,21.080208303270595
0.052480485881925255,0.13650821757734846,10,555.9214356292835,171.28329411429598,0.48261329428834987,92.15897853708918,223.09648796752415,0.6595750045400339,2.2216017409715816,3.183264183358586,2.0043439296746524
0.020484267425043973,0.09864019545114026,2,221.2612251291672,60.48675295979552,0.7204055975711218,39.426365882429465,81.45425058750939,0.44778603826724167,2.442894577008378,3.2839960841348614,79.34241813482534
0.014782384864937076,0.06404952094994243,0,187.85518416868433,42.22941544201145,0.8820904673116585,27.01785943875997,60.14816205852107,0.3189028692540734,4.082968563778314,6.023375494133115,96.27044448858355
0.028683072386617173,0.08447878421341175,2,296.36720173403364,67.367422832476,0.8220402282920223,52.28867837748508,163.24683115939888,0.49740388927629386,2.642378078805822,3.7988820130391985,72.11195192241475
0.03358498224599771,0.10485343132345011,7,426.61653780501206,132.54249791568185,0.6794974862433876,65.54379680768737,200.14670674888706,0.683378149007318,3.0845679198296665,4.36457182015954,13.866739138651017
0.05643856909603746,0.14428881039031477,7,521.2237675459312,194.90186152608226,0.5194368852918171,84.15648339874485,285.2305011480535,0.6556180115112737,2.7706829811354146,3.585583980614172,3.8924142307763807
0.04031334353949775,0.12252151571430703,5,437.2118057614676,140.38607966917,0.5759741590022347,65.26200787303875,205.74258849327805,0.5359722517617319,3.182107419006234,4.030446494358673,22.448857131438785
0.044112308700624464,0.1124140736306137,7,475.02968726634396,173.4092634251806,0.6938894676099027,65.51725748496207,181.5258463240446,0.5479116719684002,3.2275960723964676,4.534896218661999,22.318778019019497
0.0365895582174386,0.1069883651457982,5,407.37896629714714,100.77473615003746,0.6476352430251671,76.24604943680829,172.090212400964,0.6296662321627142,2.8563213609087605,3.923264717589185,14.0515407847159
0.029660641104673747,0.09026087681284949,4,323.95796223291495,117.81007039481014,0.7890701676101088,42.63001160025551,102.15038129180321,0.37816109942595544,3.6523059862608296,5.187871569826558,61.02204400951531
0.023274328845418645,0.08638861770614419,3,258.5812162334139,66.51107045826627,0.8458709115977079,40.37635512096413,122.60373628102346,0.4105481234297259,3.9543337002215644,5.350610537546457,64.46242637542484
0.01996739906219913,0.06784658562684488,2,244.20405034027766,94.36472851715554,0.8838222525509644,21.794879209079326,50.28720747621155,0.3161807797935747,4.019182897823333,5.889741314639319,96.4795383285238
0.01008288387014816,0.07562432743965032,2,175.46770540754238,50.47618063265398,0.9272047033105775,33.720097893715604,71.1465743306166,0.3924254444864365,3.3354998298157845,4.154466155959645,96.04178299593485
0.033889333118538,0.12550422508794468,7,478.78346929780906,137.33195775483043,0.5884141731605689,68.22795650163953,198.91241204017325,0.4775630265978674,2.596957811127795,3.688665952823759,23.17650578345319
0.06738859824940105,0.13061717424590022,9,541.0557583577632,117.12490294747948,0.5379306266076609,89.44296228009985,215.98142924744113,0.7014105240057295,2.0793440767675446,2.9728675774754243,0.0
0.01703314875706353,0.059173994030203826,2,238.02323608134495,80.12983616116334,0.9318548756087387,29.46116104996343,87.24315913748403,0.3239689732503227,3.712997001114193,4.546616277887175,100.0
0.021339275008890535,0.08823279908423172,3,277.21016901104485,64.63998728515409,0.774778852694722,45.57871734890345,146.0089586121029,0.31169662118910807,2.8337892638282094,3.629505779003346,63.708821758121225
0.02411847597279783,0.09406292308408191,2,322.3028367407144,88.40203228009348,0.7037394054223834,48.069744943343196,157.18575761968052,0.4678902742325994,2.0886729431594278,2.8313645095016824,73.13532239070709
0.045033161038339466,0.10305785583936007,4,301.8087440402335,112.23618494371465,0.673313171778375,73.64832762887478,227.31221842089255,0.6867188415585815,1.7065910426644926,2.308279717822444,28.998910973772347
0.02340515775650034,0.09350909584298951,2,324.44293382956243,96.13903108286303,0.729382902341336,53.20509482231019,162.49940478522262,0.3227644733308545,2.7887194276098204,3.775827243615907,65.46401730492077
0.025319546160362225,0.08779040281023681,4,270.8149954713582,78.80271082718257,0.7185643147198846,47.300299541206755,154.83970303050097,0.3189350592796834,2.562680755332144,3.225037904094335,69.26433335888098
0.019246220431460348,0.06303011757514505,2,175.09650811551688,41.85565826039041,0.9134711317205846,27.48513689274654,95.95275254748908,0.29743891621171686,3.9713336061799858,4.903087909635622,100.0
0.012069373217856675,0.05230319839225769,2,209.8214490530633,48.203235845846166,0.9065989281613774,28.70609941676677,57.86933063108956,0.33497260977709326,2.848747852387064,4.032627113852779,95.88881077440513
0.012823617538947877,0.06841261721143489,1,248.16740557321563,68.86396936526845,0.8602245617350702,25.69257507437474,87.67028798951826,0.2724708481742336,3.4004318628865535,4.7131463354602285,100.0
0.044050962671576474,0.10850192691107405,6,349.26443167174534,124.88418988328763,0.5743434127561947,52.81693189922129,168.54357687321934,0.5156976786268255,1.7480896320705523,2.163763482667888,30.106005264828344
0.027473169070224446,0.08321821362122926,2,317.3358193223587,84.08883012092583,0.7391295511900658,58.63549783764711,127.54323025628052,0.35803343749890126,3.420381831455942,4.393767981294356,71.72053764846694
0.02272749023079559,0.0865249596230538,4,230.4677098627951,79.03859187837129,0.7219026363470968,48.03697813451933,129.1374710754132,0.47700596731487616,1.8508127832135821,2.3381155295159,67.27635769555863
0.029552610996540763,0.08879736475338985,2,250.51995475363782,71.2280220932669,0.7098074015554744,51.6681713098859,107.4581797143307,0.40401495817202115,3.3124528740965347,4.637599519702406,71.28527481594956
0.023852265438333086,0.09920872618321527,4,256.1160729355928,53.07304909996972,0.8113784369920335,54.530160496950714,128.95754570692515,0.40115374782957147,2.502567277504739,3.1672107748405836,67.57716177911539
0.060899812805154795,0.14577025884524122,7,542.572965142225,183.59791719303837,0.5378799959048461,82.33650163058994,197.1145685439097,0.6000486846681441,2.6620423153418367,3.7994420652739196,2.525942545268658
0.02187950861406726,0.08017884838465394,4,340.98934943991173,127.46839666357407,0.7486866102012886,30.412192327376147,93.1041912501514,0.41623419627169045,3.2391868151181478,4.7795680078165335,68.66732681315575
0.014414013494456054,0.05574872289285106,1,212.67337550744523,62.21206179225414,0.8670623221240227,21.147630515127982,70.76406377526561,0.23607876912738143,4.113064630207406,5.737670314761025,100.0
0.029720318524001987,0.08637415126595246,4,258.1933649878288,95.19807101352141,0.7381632765073404,45.326975668934196,112.98668748882017,0.3718037146398171,2.593825920984158,3.6150323180088098,68.20519774410643
0.026863147636231603,0.08260902983839608,4,301.50638988729503,64.11995471669698,0.8316698411633728,36.87210102036895,73.8896778530007,0.4338808692528986,3.5277685157452625,5.203156322725158,68.54593963580245
0.04953664809603922,0.10271710245062964,5,371.1395185070859,144.86911240502252,0.6881734212033718,51.09001164884243,143.57524205260822,0.5994172491925255,3.0158142629245837,3.6945885508483185,19.22442573322768
0.019002052281285063,0.07882913996286127,1,165.55262493846885,57.73914897642958,0.8969878676949398,28.576956971222863,85.37163039703442,0.3951118057583981,2.9817532571141516,4.258619550499241,98.3137361638572
0.02766839149831388,0.08770001309075981,3,338.6014452975267,69.3699631016974,0.7271582399563287,49.88081621800875,122.44679077335833,0.43017621515623994,2.78539309372034,3.557316073264299,68.60313952118045
0.024786431860267986,0.09320362914144932,4,309.6066217592394,118.02165096410417,0.7844008998354718,57.66169335718506,162.20945714775874,0.46392797897600346,4.103176689002847,5.1913719885701175,68.41907960261607
0.05050340460644169,0.13376571981280327,10,470.03334250344835,187.5108083176751,0.5332689473802862,76.34676330196089,222.13626427340722,0.7629980841426435,2.2362714162229937,2.8690175202377532,0.0
0.05622211014851437,0.1343764710370093,10,402.52064731088683,98.72318301176504,0.5383535021671956,96.13203154518813,256.15744268952125,0.6490198865986727,1.7852152404769353,2.1945474099773294,4.738145981963964
0.03051310989121455,0.10959934137645586,6,456.00839339396924,116.1129534760743,0.5947888423812069,71.55227991651856,156.15450094564903,0.5260222671100743,3.0310619377319217,3.687910554495873,22.051998972299696
0.020305467400465363,0.09138030296516925,4,233.7686740643088,79.57282552728824,0.7398944287576769,46.21974506285484,105.02793827460643,0.32892357434176056,2.006651490503681,2.6772346529481266,68.11511430002531
0.06603015185641231,0.14664066273625667,10,418.814288956386,114.59021431232945,0.4480308899730984,71.09722963432112,160.03502918467072,0.6353770496245505,2.731583690315932,3.375485407606047,2.726001367167379
0.02672102617785319,0.09505862221137851,4,344.41022759372777,128.2492044428146,0.8375875050537432,59.47161680925527,169.37865453339433,0.39881254492804386,2.7196532710389176,3.850493243813535,64.60192032929943
0.02959695406466189,0.08702918297250878,4,221.62304646427074,59.31661946481662,0.7103505938223962,51.20026614203854,115.70677798019176,0.33681134541251223,2.7630916834669095,4.046183681481706,66.04779388251112
0.036493191409527954,0.12815362048033524,6,349.68632151276677,137.44543091073538,0.5584490597574122,54.742851253584085,118.17460145746495,0.5429362625565506,3.3772839764886924,4.799394904810845,23.48547944507251
0.02777548825633809,0.09075429588194663,4,347.23223410756594,123.9463759187706,0.7922083723046017,58.239563369001786,156.58767493787022,0.34551131566263965,3.428152906259081,4.468315187931177,67.33674752778009
0.040306739403770414,0.10376580803520663,4,420.2755587678076,144.68747645647022,0.5841346344675766,63.56647135779593,193.42033083172626,0.5275732437864439,2.539218905271684,3.7718033497955448,32.433143214366815
0.05038430742991995,0.13671609589400108,8,478.29193603868794,163.177512351289,0.4803441885544121,82.88785471137116,259.4146096568131,0.6022107995107815,1.6801975411891175,2.516874216437208,0.0
0.04730209504150272,0.12329837885832771,7,338.83763036314673,77.43450281323761,0.596411072939851,72.19961476796357,209.63110712026764,0.6694052604572186,2.3473423906190543,2.9754699438625316,25.848198288566046
0.03072011425048892,0.1204109343185335,5,398.37015131016193,118.40348904823827,0.5775301717796086,57.76569953918151,164.27477587115806,0.6847137472720314,3.299914246102157,4.464355807241079,18.912763041165483
0.043071810502749025,0.10809001579139203,5,388.3542189582596,108.30927557471047,0.6054454032166801,68.30731198986308,163.23169963841025,0.5097601842280597,2.941175692575274,4.200319377657801,15.45682761951024
0.024766087053270935,0.09590292339223022,4,300.9002318089048,72.48597431650201,0.7053913833186425,30.62572880461253,86.81440868276802,0.3456288727410174,1.5691307057842525,2.0035225490025086,62.97493519409542
0.035825270012857735,0.12802923705637206,4,455.99116247600614,144.04597890783208,0.6339072689858212,52.25406442650974,135.95990322282339,0.47500181592775187,2.1835331512087066,2.6523770464779157,39.5362236755014
0.029379280426856048,0.08372263780647866,4,288.52175110454885,70.57750273296624,0.7849067622726821,45.10033827593231,94.37069554044082,0.47608875334644285,4.184980184263715,6.015563892777229,62.579833865056514
0.07066944782649479,0.14039988376558707,9,526.1520777585497,203.58596658339093,0.5434221014298283,86.73218544732276,294.7972427020574,0.6138881554082158,3.2609817820338423,4.2655411081485015,4.826784769300321
0.02918391946235293,0.09234792777918158,4,274.1070195689551,101.80645357086796,0.7836610823896133,48.084985622147855,116.61431537753383,0.4422599509123964,3.738914489880818,4.747687440038385,61.6651143620913
0.023687400168518287,0.09470833678695802,3,219.18306395177842,43.99547439831711,0.7203790365591297,39.00624585202673,84.33181235822155,0.407242610929012,3.463471098434951,4.730075416087388,69.683391981512
0.024776881721064493,0.09410356854240241,2,285.87114573599985,65.9908797052076,0.7629770135572748,37.612708070458,104.59209936787704,0.44588654768983177,2.6659985530783548,3.9145579218293616,65.6763938236909
0.04437013403795004,0.11819520365349742,6,435.2894237547641,133.00994385809128,0.6990749775260512,64.8381702906981,179.9618438153899,0.5687885416831872,3.2444182143597278,4.062127983345655,17.41121108809489
0.04706948505483429,0.11301163461596839,5,351.0251513848922,89.50153831677028,0.5553670060380789,74.80693088559043,180.080705550973,0.5220966653151403,3.4272980850750887,4.932474459191358,16.278884670242824
0.01773657698917137,0.05352380295076966,0,188.5341614059712,70.14517759590987,0.9269649909719235,39.18581720216216,132.83695327208238,0.37746881447116765,4.494919586665253,6.358360813050515,97.122159233741
0.018657511038906886,0.05601654258256601,1,196.04428308271352,65.37471155141554,0.880113944110163,37.98725220630313,80.32956064076512,0.34884237993114026,3.347029743521319,4.261535088093061,98.66217082841344
0.061014700328952454,0.1458805645118857,10,528.3932485082859,112.75150040439624,0.43244951520664165,86.17527778079517,190.96889423010109,0.7703479807627178,1.7731865636784547,2.3103465415590727,0.0
0.022476687076194518,0.09204702397218276,4,262.97677366127346,54.39715076138749,0.7235838521624821,52.43197136111187,114.25797962079832,0.3889079229872859,2.6660930999873633,3.5734374590298694,66.09177570025365
0.04117703352909093,0.11639273975692213,4,497.4363858736326,192.58080238730287,0.6512852229891035,79.60765737428957,253.99286041408837,0.4422986316842131,1.5324048613419712,2.2203803203042214,29.66812699021423
0.020658463970878747,0.09141636747337513,4,238.65564082443063,79.93910707026005,0.7375633172239586,31.307089452841026,95.9918054342716,0.3431387385708472,2.3677701233911375,2.9092343428520038,74.98287612195183
0.023215235312440335,0.08078726431397167,2,312.57541017934795,102.41176556151218,0.7891973747811175,33.58154128954132,98.53553665438668,0.3973041500862997,4.1689935959879945,5.96566139606703,68.03375061393346
0.02122179705170912,0.0824461415225967,3,336.4882706661848,113.8259726571019,0.8206620203614281,35.456441917466215,112.36075694490668,0.3405277478867803,3.9136592712631013,5.056435636404538,68.5194630272765
0.054743526223220054,0.14977964008764183,9,436.0917339062362,126.27873076809045,0.4806864954820706,96.94929699006373,280.120969491336,0.6238793182524265,2.903612813751039,4.297453590131302,2.9882799758814125
0.02529060924818012,0.09466605821311137,4,329.82314442714926,96.65930169325875,0.731651793386291,33.52305860896457,106.17684685040864,0.4381312718261122,2.8364876343804566,4.0650512633106874,69.32391285608189
0.01083659542695106,0.059932248999272096,2,199.03556663440767,65.49292057732922,0.9360665625437495,26.326981988304706,67.48923572403343,0.2052999635069136,3.64224371724286,5.093895540716971,96.794959033775
0.05460755418874562,0.1430478045010143,10,583.3589700813494,128.76468088934587,0.5251096868019207,95.06294991525012,208.90366835275495,0.7591529423358507,2.075594039676636,3.014940783520072,4.173943435599693
0.025908641939760273,0.09471634087057483,2,314.16764815175054,71.72639144950938,0.8286787683702491,41.88455041988528,90.77753757646133,0.3837946851982667,3.0597308731706683,3.7998089585696473,68.78627446247478
0.015827128732423885,0.06358576454399559,0,168.40932966558637,38.35182401857407,0.8790711154679781,36.30146706410066,113.9464649988415,0.3401486245896598,4.262277522805097,5.7987648299094365,99.78898112906809
0.010796521508716482,0.05310364815800649,0,231.17940731289752,90.41694412530238,0.8773427605637601,33.53429324060851,99.20060441902716,0.39066651340248987,2.6267609032813484,3.7051031430840333,100.0
0.029281831449081853,0.08323087263650493,4,310.01702378208455,93.20928286591088,0.8043256223029651,32.18902404136862,106.69868624913634,0.324531670687459,2.8972738866506678,3.8855224778796766,67.80025364238355
0.028460500779706927,0.09651199806232266,4,267.9841899918719,74.02471959293386,0.7434003132357094,34.95590393536554,109.45227824047173,0.38316787549680703,2.7936882378567223,4.078890009346534,67.84192939924213
0.021340759390066567,0.0815327606016074,2,285.74073475790476,106.50369020872118,0.720977533375256,32.225153812310694,80.79261015036819,0.3117980773761473,3.1915078978912925,4.325358443845578,71.41959724776709
0.029018246034682373,0.09340909547673278,4,229.36500908496075,87.04587429424265,0.7346087583410235,31.553928739900382,88.53970885543161,0.4462370919985734,3.0914809797435865,4.515954418164992,70.4852902083954
0.012448790236606222,0.07594998878778442,1,185.76551426129626,51.3722198336172,0.8764087128962758,29.335018039394306,61.53717502042283,0.32821877380246994,3.9884328843469703,5.980037056106946,95.39842218305641
0.012838256536692513,0.07250201490599474,0,160.15183219631484,59.77831332569405,0.8757686263378716,25.909626365618244,90.35764686057819,0.38288615547851995,2.939056301352566,4.097843777789287,100.0
0.017812575205982385,0.0717675835077906,2,150.56582962393233,47.90127331678527,0.8764009600768741,29.77023706025878,65.19852955399399,0.2963971986418763,3.154211052711916,3.8034964150843775,100.0
0.027389665554464187,0.0842540488740688,4,308.123412780458,65.44357891259976,0.8240432351009433,53.4470930281685,183.21738851486148,0.30994402065867815,3.1864868198215657,4.406166027059775,68.47741615159042
0.01337716285698784,0.051279261894812196,0,162.2750235753685,56.585793556011296,0.8757448949989217,28.879738946924185,97.02659686847582,0.2471259290349097,2.9963702641138856,3.7759926757654,98.07805735747706
0.013387785252270178,0.07001450317104449,1,185.69108597586614,57.616310272704254,0.866123329329126,37.88007904071085,115.20476478915866,0.2965586755052283,3.612496944128907,5.229266725414923,99.4748020852297
0.033917322013604846,0.12136093087446545,5,461.32113680768214,172.28957875737078,0.6065598195903015,61.505452672326726,136.4362838367977,0.4232605415470538,2.7847288899614053,3.826482243171447,22.112522037614145
0.028898242058186373,0.08624744743897704,3,264.80657818885203,90.63436073777196,0.7777385474037749,37.04625449782558,120.10328176458046,0.34643475083329284,3.418026875559491,4.957424564913027,67.84401094498757
0.020154952955300648,0.08568754964721415,2,255.05800624565052,61.59861006985628,0.7239538240848035,33.368429741121275,77.01104286820885,0.36154013110848227,2.762010827047091,3.4727847917426984,71.50399822694261
0.043467043922282296,0.1235321280980781,7,451.65058129062805,154.51500760461926,0.6127823932329887,59.562637194249064,125.63279184790365,0.5169143839493416,2.492731509160736,3.1290683297704693,21.46117124525777
0.0298085191896587,0.09001451595758822,2,301.4188435284525,93.16157490899606,0.72520827306935,56.60070317619272,137.0489796257839,0.43641773188621713,2.352857696919574,2.91963726905696,67.31585310922816
0.06415705762245397,0.13969895047996325,10,557.2739403082187,184.3032813994714,0.4747773638007332,77.36243106447637,189.63963384407933,0.6435454612821109,3.074867539214506,4.236915082772101,0.0
0.03546385042217922,0.10549341552771875,5,474.61377720820246,138.01334594570062,0.6252562483844368,61.354838332968995,130.68093457278707,0.6858260550425836,1.7214487821205315,2.251472670164488,15.910816495839127
0.026383844017889763,0.08053311601803217,4,274.7930190603202,91.98435932918635,0.7838432810500675,56.843100100542244,167.22295159614885,0.41409247942617544,4.191671071617559,5.197101538785625,67.80381161537008
0.037121382916359955,0.12566419241451895,5,476.5291669827958,123.2559640259838,0.6943430632789691,56.71659998480627,183.28877576992053,0.42946854637035786,2.929779946850495,3.5158878603757717,21.57256701321151
0.02894786221837798,0.08897146360116297,2,311.4756695486366,63.125769373172425,0.8221458760005198,35.297366018246066,116.56849297882057,0.41885858443848156,3.1567573094786434,3.909908494398704,72.37294026488192
0.021125994987828068,0.09744814667657162,3,254.21742997651918,94.24378858695462,0.8285229038055071,51.368915727196644,124.24584039394102,0.3858752504311271,2.71412008345144,3.9283602258160335,65.48303870241644
0.022975735020260037,0.0896418889950307,2,316.29467474655564,121.43437725834829,0.8260042588750133,34.954102400775795,119.28939248021483,0.3793688178129944,2.544281382515944,3.5320177985353074,68.10933962547264
0.025616818003051253,0.08141346263193726,3,289.3015193879977,91.41817145179343,0.8434843416954323,56.507896691716134,170.99828365588448,0.4285063173896724,2.908705739923666,4.220787501250941,64.0708574518573
0.013248431038556305,0.07892791380277982,2,157.18901758634718,46.19784096773876,0.9189294095412741,23.0802172022598,73.37983844990502,0.38823155146785204,4.179809359005109,6.04020534601098,100.0
0.0608948322610074,0.14629479333709738,7,503.4856602267266,172.8082154115798,0.44463863303196843,90.01714255231408,299.86521999330114,0.7606932375031851,1.7652184630480678,2.521229100701019,0.0
0.04471853044766735,0.12518978396720018,6,363.76734913500684,143.26550578792134,0.6612601108319525,67.47304461064071,138.11903919075922,0.5717915596776612,1.667617026355466,2.0428516827836933,18.57838438013677
0.036579063864631396,0.12236166568515797,4,471.1141473248264,149.43763925463267,0.6537067635901388,75.92583167936138,197.40165840822172,0.4764072430957118,1.5289327711380196,1.8485338061312355,32.46758990147644
0.033036334274513524,0.11064363716322645,7,367.2169288070145,82.83409570329579,0.6308869312700144,75.79005047502407,161.05664078840363,0.6003981026119722,2.7377652750558874,3.6432609629278025,15.153158032912879
0.01753073914771641,0.0714844450388765,1,190.51867886237173,59.45176414449422,0.867783483371245,20.317728472267923,41.85545678309354,0.23561769606619637,4.011485811406922,5.9208249962094905,100.0
0.025610789719035795,0.09816961294989508,2,235.76849225755603,88.81895085136945,0.7783597140714773,36.842213613341464,82.599491300095,0.41209392550945223,2.995126749904136,3.9593307930747828,77.72014156447555
0.0102906621909181,0.05360914832808777,0,244.4108881300134,65.08205129940531,0.9138837095500204,26.918371222102497,92.42894804249262,0.2852259504923234,4.190938402934063,6.006933588115961,98.91379885810241
0.03262619563307168,0.11316426693749904,6,379.9690960938058,124.11670905050845,0.6485172011086986,74.08097207830767,182.08250175416885,0.5303217493710591,2.570300292829881,3.3245954033631335,13.91781080681999
0.03623992911949035,0.12979213675411877,5,460.10596847787633,98.247282777655,0.6736523854988749,72.60256117947722,239.01015016397477,0.6659392177552336,1.6273535532167536,2.135593179715934,18.178658313948706
0.05128454952896762,0.13709010145294157,10,564.7007088348655,224.74123774858555,0.4464819017856119,90.32576395120445,182.35589084182791,0.6109498449956996,2.2384201533911345,3.220645914338542,4.90213033093514
0.023150907329767233,0.09790317019942497,2,244.79619577140133,72.88604165904306,0.7459921764677353,55.77162216023116,157.5532030152384,0.4515401235755568,2.256438727193732,3.042932200993444,76.23580614666982
0.030725127244824117,0.12475222918031362,7,417.23546877213937,97.46247008419392,0.672074448573188,51.046648651786406,145.90517921956186,0.5303538866475314,3.1132668500166467,3.879506684039856,24.77662409867503
0.04366356650025738,0.10450052992115184,4,422.5903892523059,129.87878886553386,0.6314888296689736,65.68729811985696,191.13924110470163,0.5005505395058056,2.9717214849596205,4.290935187438951,24.249653738887638
0.022810144240435298,0.08170361244509865,2,288.00255550076014,58.42097991361533,0.8296228118844368,47.3722566832493,161.56502799732883,0.48724447518938707,4.064991280449337,5.126368244378659,66.40675472886089
0.021473507243299477,0.09596756499947892,3,339.2920642479909,129.90463834921476,0.7274366366836377,39.640742405407586,82.77886804770365,0.46642174160007543,2.8737405230636073,4.136324509866055,66.20376675797664
0.030013163127417097,0.12629735657406266,5,314.6336399525147,111.7012223379193,0.6306554363772137,72.64377076201447,169.61956502139597,0.46044921006821493,2.355022945759446,3.029686117751932,24.628854450262853
0.0256744097759881,0.09032697216509296,3,228.41389445980536,80.42009891186666,0.7236999798946466,49.036109463825845,102.66248915215628,0.45078333239426666,2.6310506934087305,3.2534873404416778,69.8712706852702
0.07620599547784797,0.14636248505511848,7,541.8523988896482,171.74727427204618,0.5029492852040361,70.10587023141353,241.00325587921014,0.7341244439445461,3.0948163223444296,3.7285253078134333,3.501756755450823
0.016243698003250057,0.0674604575001976,2,230.808817179202,61.5888096648516,0.9173770126245872,38.359323870309055,84.55892718497618,0.24992126406771842,2.730809187380501,3.796773326060067,100.0
0.029775010393937935,0.08741481021627293,4,279.7380574256102,110.17237001239754,0.711795027917787,37.16875180201869,119.10348038281614,0.4479088071561746,1.9243864799586001,2.5693400130140884,65.86330002156188
0.058792100041915214,0.1483680432906112,10,539.5552822771654,170.34732569843217,0.5147228874774172,88.78021075979238,284.92409854156415,0.6868465923577598,1.9048616765769293,2.731103209073032,0.0
0.027817890020723785,0.09729382131323104,2,277.8121926685792,62.204606836620584,0.821056476768721,31.958020974662112,64.86892543204478,0.34298183038064245,3.9328289275965522,4.826084578722577,70.7719748347233
0.028208314722252402,0.09970300094793745,2,323.7938456242408,122.97772774320333,0.7971139460809057,55.90817687276543,149.53304139979932,0.3726903371715013,4.197856901363697,5.921115792927352,73.74430197284983
0.023208447694683228,0.09163106831223376,4,343.9908387376493,108.51584109550626,0.7648536762124756,42.5487950091351,143.88803885760663,0.43033566033543763,4.223981253072268,5.278920874121091,64.40420641919653
0.029353314466717562,0.09404980923288316,2,235.31447175181066,66.16182877201828,0.8286446019451058,30.330578372312036,85.38196717672744,0.37468076655993243,3.4288506745952585,4.566532872769296,74.94811431783147
0.019324956659686254,0.06497864746510637,0,200.98687076941022,78.40751681531812,0.9206048739792327,26.8146095548691,89.2598235683897,0.2573678818464406,3.3840178832190495,4.7429585697078425,99.36297623220165
0.0468214751381934,0.11948180141138555,5,453.4760979415151,101.72273600455388,0.6984993991799837,60.40172979678547,155.8820381852282,0.4751062565069413,2.4552763608448713,3.5869663771841527,22.7723686737131
0.026914709237080177,0.08423076631644551,2,291.1769977929961,101.30927010757723,0.7150516498019737,51.57008530982355,155.1558901254276,0.38178529087780727,3.2491361124800613,4.744144023744567,74.51704367617475
0.026633882135728454,0.09540350435867351,2,249.25534575642158,71.79125101033829,0.8488929972125862,43.39871117387042,102.82689608939121,0.32207193152281194,2.825216106514141,3.5818378763803445,75.74102923517131
0.058585893152574654,0.1376812697946713,7,535.0774289812147,158.462835216668,0.4701711389010136,96.15134014061309,243.1580697538663,0.7887554979508618,2.3769934856777475,3.473112148169412,0.0
0.04713608014705059,0.12947663018452701,6,374.50938399401264,98.97628311615146,0.5836329656189594,51.01997807511017,136.11203789570143,0.5038368056527582,2.275889988961903,2.7376854425952737,18.457590255951764
0.025315187553885298,0.08239136137562052,3,290.0048055803758,85.23883174456287,0.7358097622486718,35.20513748323548,75.50276079784882,0.3329639842411928,2.140627143798858,2.769729649972687,61.87980592927248
0.023329792923858853,0.0880262603238159,2,245.61880052152992,66.72972578416335,0.7794218766759802,36.204988047050556,111.722096684706,0.31055020999851174,3.8140330122869406,5.334099609311438,73.88899050084639
0.01385698953861486,0.07902644073658689,2,185.9797936167816,72.1220347683829,0.91050702294873,22.50387325301569,47.690612900958,0.2506039273328053,3.8080430406447334,5.2561494357684495,95.83129835607569
0.06831934333327394,0.14254020927378658,9,511.8227202699533,104.73683126971903,0.43074618867762954,95.17402413730021,230.20628692766746,0.7435559322754471,2.910332471031711,3.519278115229992,3.133790796876582
0.02263283354958197,0.08520365471182033,3,284.6819001089857,74.59786726965443,0.7803615352745826,49.41286980552965,101.80974584966907,0.47014536136528834,3.784171032575335,5.51814828559347,65.47150548752548
0.019501860627896463,0.06983709334900047,0,194.67192085741246,44.23784867849431,0.8747994449156704,25.07565167097897,55.243941587943056,0.29779739434238667,2.7527844264764583,3.9273336283779785,100.0
0.05819685867428182,0.14014346562872862,10,502.5700606204931,117.31002444902427,0.4253561084902081,88.44253621604055,256.54082126584973,0.6258949417729743,3.353273134924156,4.150988602494844,0.0
0.027120575779354318,0.0974761425164539,2,237.07006956192333,83.56967126483856,0.7045436609100464,36.59485490338926,86.87663391387396,0.39339301051493214,1.50086030632357,2.0672796527572146,76.64823636340991
0.02429471873107964,0.08294197634547132,3,236.05691545271605,90.48195018523543,0.7234195545135438,34.85272445757301,106.91381504905377,0.37908402455931023,2.1911618066933096,3.2658671888974604,65.89075593072532
0.02681679801176666,0.09467065280331222,4,208.1364673352669,46.07982423182254,0.7962093866069376,50.55735415838303,106.19749724603506,0.30160111171497167,4.483901309558059,5.909311216097227,66.25287691896456
0.011467234780414138,0.06023534791170205,0,150.07228012403615,34.94804813512863,0.915875128679295,24.23397752743361,74.9960973609452,0.30827749735969,4.201253512324807,5.243760584941973,100.0
0.02922101101872089,0.08403069929650268,2,226.63213547601333,88.27401802816956,0.8362586213965028,47.95649386684655,111.83554646516464,0.4194102773186026,3.324411097618908,4.235415609878098,77.77497261279161
0.013905096728598507,0.07844896725043117,0,160.05423757078555,33.6216090011224,0.9411076152894116,37.969161702260315,103.55556152755943,0.2635935858061694,2.9243185015869324,4.269989914620405,98.06628929295822
0.02094158980893137,0.0988894379353571,2,253.9570808552312,58.02268810486451,0.7247752627285328,35.86991822619369,91.04065050440485,0.35954487773311167,2.071099739276024,2.724619253863463,73.03627310744297
0.028279739486717644,0.08416421192307834,3,217.93160391887594,47.916288517600755,0.7184961463953918,41.11561539262507,120.28084761303259,0.4531962529763864,2.418359730604413,3.5745843837671956,74.67419365387053
0.04791800586938075,0.11803913957574835,6,405.70676781702286,91.03910119249184,0.662253282352986,67.617877397991,236.56332708670402,0.5632837559929107,2.1891022089299037,3.1425747547340523,15.32763384616297
0.019357098787464215,0.07678544101698864,0,220.41091273102316,49.44652200955907,0.8574172839620615,39.408009993478274,89.23101449952946,0.22919351238741736,3.788753321391978,5.361200605529158,99.25737196474326
0.06532337609149426,0.14487827722106508,9,583.965498975749,220.1904771782228,0.44506595823825224,73.74003206758395,200.32752853122582,0.7855152776043197,2.8283008817550432,3.5341476926616306,0.0
0.010956853932668846,0.07960913401962458,1,197.41249765794313,51.80991339208544,0.8628637814894554,33.792599279666256,102.51233890199373,0.32137305932100857,2.52799780296278,3.4004169632311627,100.0
0.025211012599698608,0.08141211917632844,3,218.313950475302,44.945401841746204,0.8463317175277497,42.10483510309685,136.5546672406458,0.3572558948162709,3.0375640912945734,3.9827979030413445,68.57231325288373
0.04998074199552916,0.12520970651965188,5,389.65718500991096,86.69703476536712,0.6693804700739259,54.736759123370064,188.05359732983902,0.4260958714317006,1.6205954846419623,2.0633957542609647,22.452965441046004
0.02504489102335445,0.09078140354815228,3,327.5454672496409,67.5184236406691,0.8162660756823228,31.665537839366408,78.6377013203876,0.3078291480122109,3.640189354171624,5.218812236985654,68.95661159720062
0.01373962210843639,0.07188170044517503,2,170.74377553956123,50.53888655222497,0.9077169229196301,34.86642374752907,94.08257137495426,0.38594491801103786,4.438262258943473,5.344480525192351,95.76922114803213
0.026957254550018322,0.08712612936800418,4,292.1340255918081,96.39043681945185,0.7560578731646275,53.355847511299345,129.6584004553341,0.49721247448208966,4.13961285468214,6.08050671515728,62.767219278663376
0.02622172393247013,0.09687535652979633,3,342.59929908681414,129.79650897686003,0.8053516229198578,40.92473829502798,90.93132746625392,0.4599195257899305,2.977180002429331,3.7304074504161484,65.05706051375654
0.02609381174694457,0.09395688545592232,3,305.1408361496954,61.23230785492321,0.807546801939788,39.237379510128676,123.53394102031507,0.48629184403940223,3.015803322265323,3.797844104322579,60.170844297522756
0.03918145920465865,0.10486763042315994,5,398.61654074550466,155.84609931391066,0.6002272561879822,53.12594075227333,177.19703407410853,0.47634968019056145,1.8391984495791274,2.4412550949277594,27.628251477912592
0.044459459075468666,0.10626010506273813,5,401.7091235926685,142.16341775389165,0.6177474587696249,73.19778810910923,247.68643375771546,0.6087150667342706,2.964972165548981,3.8116734118620768,20.343588644207124
0.010251520386684056,0.05151305894141739,2,204.47036419601326,45.30090743748007,0.9209597622326073,39.31107415153978,113.07513567516837,0.2067531089636535,4.267022260309563,6.242989946328393,98.51787353541147
0.024046257255033437,0.09259637193876638,4,289.18072771246347,69.03303758376258,0.7165403181055211,51.305684921272956,142.6071147331824,0.39858132944326946,3.4911130432773794,4.928411716891276,67.37336196703603
0.02409948391742186,0.0955304456817305,2,287.90382194645804,87.83963988557491,0.8428392800132762,53.63782997765631,127.3752953691565,0.4318491221365821,3.5246479903253993,4.705901172293398,68.4722896460939
0.07658697977763446,0.14394605988957201,7,440.88867551966,111.37179201128008,0.5185275032416211,73.77704645130201,214.12898257616797,0.7405684754330675,3.193065243724356,4.241267548450366,1.578628386069889
0.03892960917811513,0.12797500045007695,7,388.99484130975054,101.8628644843978,0.6621561223300101,77.34907784909936,160.6381492265987,0.5785009805499506,3.0770712910952462,3.7577204269707583,21.95637870451866
0.010802336810885582,0.07374869590861967,1,200.9977947040917,46.42171252505199,0.9353545124064192,30.318392458395486,93.25260158551549,0.39279747855900393,4.256697594053753,6.337047455433924,100.0
0.014127334758993316,0.054672271350187526,2,186.20239812794358,73.8138535204905,0.8835989562166492,21.720543521356568,63.66413333697813,0.2951474222217781,3.7918542656489667,4.9312247274648735,98.80621024314696
0.029834225244007844,0.08272994343316144,4,279.8940369419884,81.98211437203157,0.8167855672412194,51.041595554885006,131.42710820383107,0.31030358512998163,3.5514319474965688,4.562029933780433,69.59657775228399
0.028710921126078974,0.09793040069613819,4,289.47138277895374,67.74915232721824,0.8493381059398332,55.924034995623806,141.57416654027122,0.42242264378524086,3.112723249382457,4.255991570069742,63.31900613583853
0.025433258884327507,0.08860366337352962,3,251.80733546960002,78.55778237288494,0.8250932091587432,36.785318480055764,124.01264108362,0.44117264230284525,3.2703436105212793,4.788992698913349,64.36429252621913
0.05474780065989168,0.14648940475475988,7,465.01257254554633,177.2245281639925,0.46831717234541637,75.92779030952278,215.67025615695556,0.7957742676033095,3.2512807171770466,3.939314704514801,3.649275253088773
0.01227275013075844,0.05458288785208122,2,168.44218610886253,38.75712964940881,0.9147882512509777,22.52452813148913,71.47815824628258,0.3685944228794465,3.4767401965855855,5.045383118452393,100.0
0.022817686252549128,0.0832559450820022,4,224.50179705399017,63.15957619625148,0.7558754401162684,42.021021230063575,122.78855326489412,0.3799867657867434,4.2495503339591965,6.194865876791955,73.6174204229505
0.018330559361010742,0.06111703790822549,1,215.29420708907122,50.28747903046515,0.9261185842012111,28.1241315046885,68.35905623391268,0.23301809343186447,3.4632233648378277,5.06517697612326,100.0
0.040597432665403686,0.10217403205341648,7,348.72194009852046,135.4375642276801,0.621553277548876,74.38366289420058,211.16591913195802,0.5028880762497447,1.7249006752750395,2.466573665150111,25.3327920208829
0.03814309673033494,0.10133123902402785,4,457.37720661102423,167.12819658834212,0.6538092380041681,58.459668541503575,155.27943162413757,0.4101361362140326,1.6812494046838369,2.3293946454142365,32.71634011443422
0.02382429936472917,0.08538879798325741,2,230.81281263839654,60.991479562028324,0.8061663863941503,37.49711107033756,76.78732954496525,0.3272924319295228,4.13652461486058,5.174654047484689,72.13080400994329
0.028027011530008146,0.0829451502754365,2,331.0032079883854,77.77274254480874,0.8257673728611704,34.52987509750453,98.9693713331439,0.3168127636777091,2.7629445021058334,3.809463898109288,65.92728463325383
0.028818169053161917,0.08590960721807611,4,297.9730493165622,63.1239949520659,0.8328204362527917,50.914542911950626,156.4378255388836,0.3969148364967208,2.6259789538655145,3.2099371649366653,62.34516160531988
0.02397561262988821,0.09543638811149974,2,349.78952687769464,112.58866058832103,0.7564613417055305,54.14669158374213,135.51079315956974,0.3621684062646245,3.502236238331946,4.5619279380228965,70.56132850598381
0.04511479226389991,0.11958446774607388,4,462.5479423451153,184.3360710650817,0.6158219003534816,56.10665785073504,149.91857898380684,0.5504714299201693,3.2941854680283433,4.130744374909924,28.606991306659843
0.04808797299790303,0.11968527498786112,7,433.972489395543,167.1339788648618,0.6969085856882068,52.62950671758161,183.3714735627581,0.5206838100771145,2.8795866597382327,3.7980426987964426,25.547430249122698
0.011709808686161671,0.0688881817170412,0,180.08823734830477,42.197558288636124,0.8759825560986696,27.123431000171404,82.37285255832803,0.261607119907201,4.493353238238766,5.87886001522062,98.1327201889526
0.024388003746036252,0.0945721176091054,2,258.48311735509554,67.78752737394126,0.7054896101087137,42.67331827794705,136.06363418143462,0.4117961640102933,2.767869941158648,4.109909345619203,69.69896376648153
0.021399742116040545,0.09893666379486336,3,255.5581545668562,91.93660394209591,0.827609904527099,47.923641014001085,164.25631523617187,0.47083945847567327,3.814192033325222,5.619497474639448,61.01961168931814
0.025482654827037834,0.08160606949581958,3,211.10142683995116,57.253757844255766,0.7827173512221747,44.472412018350205,89.61016917439218,0.4905771752934633,4.02166190790027,5.153955188473892,70.5053999930921
0.03710776769677602,0.11089939076170814,7,344.91954522545825,103.31400720688428,0.6273149113963968,76.16597964224783,214.71767461735703,0.6123262941774703,2.4402907410160015,3.1157522315441772,27.50827087237674
0.04143333020427101,0.10574961294065498,7,448.1021283901694,168.43140182707566,0.6226807521144887,67.89468018772286,202.87080827228377,0.681013609284529,3.3173094063392132,4.403814364401248,16.90637866289881
0.01688035640734673,0.05473605460431886,0,170.24970160333353,50.023663192668,0.8572710900086202,39.067333714963056,124.36779992383171,0.3450120191058206,3.7137801436239153,4.791112655517212,95.95360020962731
0.0769699773654645,0.1318414294619423,10,576.1315292926232,149.90968653070524,0.4853366874243061,95.17302878489153,287.5349240199452,0.7694811106950492,2.2576643685877373,3.1184954931446565,0.0
0.03576906027695203,0.10472489621258772,6,366.57897977493985,78.7382216467763,0.6778656874272708,76.38827361382884,213.25739195050565,0.6558325658919049,2.8551585871018856,3.6826327592728223,22.553611080011066
0.020449698652045673,0.09888673732212468,4,311.0625306825686,102.51762299300893,0.7950995010186427,48.19354978451711,112.47194567008434,0.4227037269579697,2.708994164869126,3.4892117760091947,66.61830444006056
0.06097445194705099,0.1397503733812493,10,489.4801406647723,133.7925362865928,0.4907985726410804,99.81231263819582,235.3376937388557,0.664075473041673,2.3831902153705347,3.4754585710782435,3.6040164811948436
0.026138075747788383,0.09181929638859693,3,345.65936395861206,121.64324292103493,0.7327294187278246,42.12963842897605,145.6426664186361,0.4091782765405486,2.0586194723934463,3.0830489773205536,64.04588339529992
0.019669639849326372,0.06182432946882052,0,249.54386861865154,53.73149977097234,0.8521913461627041,33.85713989822335,110.55360054410177,0.3603044617913917,2.830055378706091,3.8369534708960584,100.0
0.07723750762721024,0.13079764250597534,7,455.57951419690414,121.011248466033,0.4732100666006867,99.59511644320966,218.94233659738984,0.6146670171963381,2.9331328689872653,3.7143302910384266,3.567257211144037
0.05656176791361448,0.1394984922720946,10,464.724962862953,114.5297207145864,0.41596648319211194,97.26790498479953,283.7470944824112,0.6537359814374404,1.8428232474887956,2.481022761224358,1.5647173792318958
0.0374308884405497,0.10439290869242386,4,358.4824421976416,139.0908309000227,0.6863985132703969,64.81183294680689,165.5961681824848,0.5856066913166296,2.6297112175186568,3.565270477316101,24.513853570594417
0.031990754088921255,0.12790634942717494,4,378.7252899737666,114.62159944006255,0.6661008340869606,60.884230783728285,160.0681881739957,0.4557315801473096,1.7493982960266707,2.5911746357911545,26.043139687702904
0.025676826406407928,0.09630772382245996,2,234.61121323106508,83.86404419039114,0.7114913741376938,54.80995782302243,145.8672477805092,0.39278334278826005,2.3910081295199466,3.0396569198997843,76.56195932570587
0.060675669620004,0.14798068981993565,8,512.9571252991007,198.5990964413847,0.46014876947885464,81.19689292474501,167.7995568203369,0.7745642550289944,1.5780599351915774,2.183302583854759,2.0564682250674613
0.02378748221531275,0.09274286771137469,2,287.362148081655,101.29572493482912,0.7126303591479596,41.42849101794286,91.66189301021969,0.38359941197237213,1.7480973505117987,2.580172510972399,65.46617843253816
0.062195876087981286,0.1426707504310585,7,438.75917041797567,152.48632397015535,0.5469548476295436,83.10190500162032,179.73402854977914,0.7497911914636963,1.740505475383605,2.2784965647777984,1.3269337791890368
0.025375407951795974,0.08451756400471834,4,294.7014146991318,111.63064163807029,0.834128114659275,36.78320464035053,120.36353047494303,0.38099239182198397,2.679501502054265,3.269387077829092,69.59633653399274
0.016292935966568382,0.05217390249096834,0,232.74251588287547,68.49201880924487,0.8655257708325328,32.22415734746044,100.6607821280211,0.334005844958072,3.564851291211867,4.7205715802405015,100.0
0.036056192603854176,0.11120103860223608,4,467.3267978233062,162.78748739696485,0.6409981581243871,61.545675932623126,170.67000168715924,0.644537229796162,2.5625749000094946,3.739525771955278,23.48860284733841
0.07887379938336853,0.1457164183312423,7,530.312212140866,201.30349361750325,0.47049432316982165,84.14172216013249,243.7688128445107,0.6659568494680115,3.0835575829209247,3.9527654254427746,0.0
0.048532562102702105,0.12109098023479059,7,382.0589216973732,85.50256534110683,0.6919739532704885,51.43059713680792,166.4205944416789,0.4624728295602942,3.160288744271372,4.331039493199076,28.05839398501324
0.04501437768148061,0.11621107761967552,7,392.1169955280283,110.22125596369763,0.5653901157786553,55.294925949101724,183.02389251978468,0.5635201954006076,2.166337753223023,2.646160387208298,18.930150233248828
0.0168492473808924,0.05975841432732926,0,243.78032213329925,67.32830893679933,0.868980348484704,35.875998982170266,123.29659237613917,0.39993220206732527,3.612927519835635,5.338412469192711,100.0
0.036618062010172786,0.11947706182562327,6,314.68299858723526,113.98111943144893,0.6813674303864898,66.1063069901945,132.27231936833945,0.42606045592084574,2.266578084804614,3.0004387404628097,23.68322504804299
0.03530805409729206,0.1268296530112589,5,388.27728868109637,100.44980041724241,0.6064640694385895,78.26584891792609,227.43747569059,0.6757708156887033,2.1049977925516536,3.021061226050793,18.96589936373017
0.04004003062079543,0.12511120686300234,5,397.48741097104283,95.17429640220853,0.6838146825205557,64.10305869374858,145.2070567431445,0.4554882359064439,1.8580880188072137,2.592306524541265,23.135569392985676
0.04789378440666181,0.10701333168939173,6,323.9445644155918,112.10906842371818,0.5576027782183438,67.20108772290024,181.02031505386236,0.40541830776745247,2.1309927956281225,2.777463424366751,28.267194845411908
0.01203440739797784,0.05334604300141025,2,169.12183188416063,37.75637730832071,0.8579760867876774,22.585533385339453,52.549637535128674,0.260905533218798,3.189722234967012,3.969750230259901,100.0
0.03970072270980372,0.11553385305364934,7,366.58696041663256,93.39836035000049,0.6342225549496977,69.70894528293833,237.4147049073598,0.6718532304170588,2.7314135121605,3.353389027721996,21.840672464720345
0.04898927509098424,0.10526251638567925,4,458.26360347971894,151.5010460555972,0.6084626966935288,57.08834147771066,151.69942930833747,0.4730783358138303,2.6442659200667586,3.5651487985990955,31.33869673282972
0.026642461404717536,0.09766866149471562,4,276.87976408180435,85.7086371951607,0.7901117826369828,44.51657183778675,142.79379344010297,0.3716043215689001,4.2050720481126564,5.298648081085665,63.5315713805667
0.02061790027495363,0.09999509160584714,2,294.971845980445,75.94372995986149,0.7338291093477336,49.91836638277699,155.47846938044268,0.39514023668801085,2.566220578657017,3.606419702170032,70.97088445550976
0.05978032771262527,0.14326763969609901,8,579.1750530024386,118.2717191241968,0.5143639444694894,79.13786223231791,225.4474948511888,0.7776529807363791,2.999787314905795,4.14735075441705,1.8184099573230805
0.010075162900492434,0.0587302455999325,1,218.37576225171324,62.71959308762888,0.8736119261237102,30.669122571826076,77.68019018270971,0.2914638698553886,4.277923554131029,6.10669284154124,98.68417100366494
0.029653358827562766,0.09849577619183242,2,240.94394414036077,88.70909040699401,0.7943553647573643,39.04689192389691,101.58437051772376,0.32052260925342424,4.433339006425257,6.071542481954692,76.4281369181761
0.05059416864785351,0.13317793956661306,9,464.62619030805547,138.03303451681222,0.41222894425694473,73.67605167758255,212.11110049305162,0.7520473742408039,2.5686322238227683,3.33913618831439,0.0
0.04975860277227439,0.11798759585418817,6,386.97359606882344,110.54957459020412,0.6929963327905211,66.98042609809113,160.5060430642195,0.6308780325827477,1.6721721491248662,2.1494330197268674,13.956795106559294
0.023697335605195803,0.08765200497194238,2,255.66406590961867,82.5432302231847,0.8399043918507538,48.402795906363366,113.40915083763943,0.32858875287058137,3.2242116725586047,4.399491742588158,67.25065566955655
0.021832104605865304,0.08419540737355115,2,277.1905098421512,71.6272820476901,0.843764917888474,42.572287872989115,119.56502871177945,0.45673043895027415,2.5702639760838,3.4114489964282173,70.37139046437422
0.022386216709167742,0.08794362947291905,3,268.60405188182654,99.79567598741883,0.8208390882676921,59.0405006218592,182.6916429683056,0.4223166613064395,3.1041064457329814,4.264598869840994,63.78044316416904
0.02734307427742941,0.09734057645324275,2,333.6625416482431,130.8023232281898,0.7577553509912568,59.53808605169682,201.31931452094457,0.4767834520665988,3.2522491212384947,4.4020010742603555,70.69761709064346
0.030823281224256895,0.11037307673563475,7,346.0602058347554,84.48712159374591,0.5952114841205777,57.98290716514305,129.23299267374156,0.5389911599899047,1.5028878249685387,1.9270391974783678,28.94265998213775
0.024405525969857806,0.0961189824893116,3,305.312382099994,102.77533401212438,0.7364959154145447,44.41679278499297,108.45094807150153,0.4908739647427305,2.9579602179224196,4.11130116063916,67.41314085842907
0.018841180910290353,0.07274887817067129,0,202.51133321903382,62.885053980316805,0.9176355591942666,25.471301565480204,85.03677443261911,0.3112487463046044,2.7429134750674944,3.781581344847834,100.0
0.0186256935620212,0.06739855285513056,1,246.17678319665666,82.4594953381335,0.8617700090330231,30.03214588944841,101.98325795183482,0.2720159443916503,2.8601678596650144,3.7291439463069183,96.84536524937897
0.04528126452437802,0.11367699048092116,7,471.2090495326972,108.73802628459568,0.5893460815186902,79.81700566164173,277.3552092647377,0.5139209907216175,2.6322813927965174,3.6748537863784536,13.443737362579485
0.04509229426886261,0.1265274281063096,7,404.42273006956515,101.884891781293,0.6102647825033528,73.27349450998665,227.23239243414298,0.6119106000882725,2.8397761574040197,3.657762284328415,18.80841439674491
0.02014899451421775,0.08787968488373256,3,282.0402953865346,109.92689303426019,0.741438240442322,46.170424684763894,127.47523554168451,0.37722711067369485,2.1396849172278256,2.9446538765859303,60.610527936812275
0.021543620702269214,0.08865795405153969,4,216.19328193468328,82.78756026420186,0.8159913896690945,54.40164786805352,185.53184219024163,0.3713411511646519,3.9616407013347805,5.159162499410944,69.36882198697762
0.029726844829896085,0.08580277090434904,4,205.25765673056176,69.40680428345348,0.8251308695631572,47.08393974238363,101.14854323905769,0.381881199254057,4.322745824575772,6.329924870438745,68.50860176689106
0.057219887165773684,0.1499664212996228,7,462.5049631747013,175.20924287318084,0.43408043403291713,71.43140269756893,149.81679187522462,0.6537238021382984,1.6990717726955933,2.51253083490256,2.243575836683218
0.07320407838713168,0.1374798436037251,10,500.4982186066887,173.17237272543252,0.5181577171750614,77.65285202824998,162.84638108801462,0.7921233552399131,2.5589359718478994,3.2577018804219495,3.3420488423291417
0.021367085516706758,0.09545760555359789,4,267.1640110623647,57.090016607697294,0.7158347915873158,41.96556658440608,139.39548243415027,0.30631656422720654,2.9677379637267522,4.049590374018728,66.49767513135505
0.07581881550889433,0.13267349685752372,10,449.48147957761074,96.06328300936026,0.44393172093992944,95.96561326117502,233.74364392430212,0.6148629345308317,2.2744036663140625,2.94424473596202,0.0
0.03213232264488111,0.12189625954508887,6,469.7873863065176,150.39047634007997,0.5586173760714892,51.39279698050042,108.72151359042844,0.6673097611952709,1.7651745223075979,2.5838363171499776,21.955326169707906
0.04717044752686464,0.12681473521356593,4,394.1543496921773,139.4216955878857,0.5886037562922835,65.71436763601264,170.597720910864,0.5784875618706393,2.1619548158756343,2.771058598302897,25.739822256576755
0.029088913997261837,0.09251103901704893,3,269.10318672500006,97.21002435441052,0.8447869323757435,52.109308145269075,104.22136750320671,0.4185975756934466,3.018483986166303,3.9146714509711007,62.75406253665033
0.02324458322772732,0.08208129306315415,2,330.82078018876297,78.69097733515125,0.8128069594870688,54.86876197248615,174.08663059824303,0.464318489224255,2.864709868753038,3.4884817410784104,66.84855167749728
0.024435878055756453,0.08976760923208871,2,305.10171601150694,88.6317406704929,0.8119407862262437,48.46771870713152,118.18572620278628,0.3772835527020931,3.2293082001956765,4.374395164259039,74.76416376998398
0.021115062486350415,0.09539113280839608,2,251.0452133650692,72.6470936279262,0.7032901292900879,51.06003909739013,113.23748274950314,0.3749181755056849,2.898083612716834,3.6826377596241544,73.62478729091166
0.021965498651210967,0.09486986023971922,2,312.7368871756729,64.62180719168421,0.8068404509905746,32.86856105255829,91.28805929910176,0.4686250056342536,2.7187296567083337,3.679670710394918,66.83850390515323
0.02264495812995368,0.08196558589605148,3,306.6191991663892,65.92470004065989,0.7436453459719838,55.257992639831734,122.97791066942824,0.4620236120571276,2.0869954094912715,2.605009366544746,61.1177377715255
0.03838734359838616,0.1140956022685802,4,353.9727801189399,83.62614625803798,0.6241878851347209,50.5580796278861,130.11500677530003,0.6331825120159446,2.716023822969798,4.051548665746114,33.46735797352571
0.07412490170926352,0.1423531609054895,10,414.4021677007971,113.18245238593806,0.4483942182481758,77.43580311677329,213.1273095805556,0.6700359891797001,2.847803480965152,4.233076309050458,0.0
0.020778744827898227,0.09246733288092016,3,331.5669599671753,83.35216557079806,0.7852161272316672,44.93993102909803,95.20255782708362,0.3566913610687929,4.167123540079948,5.041291687046899,66.67283914444515
0.030228522136998576,0.12582665666893864,4,461.87447773145993,150.8870192843254,0.6347878526383675,59.209269175514216,176.76974661116788,0.6506478419573539,1.7478491159140797,2.2149636402943234,29.388136847679224
0.020603099109511584,0.09696493873444138,4,243.56590847973212,74.02429872699884,0.7327914802915867,38.4423011793299,120.16427314057162,0.3615640795453789,1.7204448775483074,2.142352617139011,71.34097269181667
0.03687382119124961,0.12975580361982614,5,342.7399852694104,83.78084131599415,0.6451144020136944,56.59452138547836,192.77614766040924,0.47309117794023103,3.2648776438411002,4.726778205002469,27.392784779036802
0.025818342591484328,0.08346432497281837,4,243.56627709653478,56.48480123859478,0.7947628934499444,54.991938778352235,127.01541087970763,0.3414313627714172,3.300843949440794,4.569819159961959,67.37867255572657
0.04772888239546006,0.12697327385382082,6,476.9509759520267,161.92880944562359,0.5605168911723898,77.68918857184995,183.85450204896333,0.696494950982592,2.0028360546138817,2.789895396197238,19.26169596940999
0.03524803807494094,0.10366942354771891,6,322.6497453014283,121.04441533511698,0.6377167787136098,52.83734168049051,151.94206252551808,0.5317015949102547,2.733045613351731,4.078238379950885,32.66962028860789
0.030221095704926173,0.12411417093923793,7,399.08619788192544,122.01831653823389,0.551345768013978,72.214456136903,162.24656705442965,0.4127294058375183,2.6207063635010233,3.394029995839915,24.524056906502288
0.07042761811410422,0.14822656853196864,10,565.0997093916332,123.78380768819986,0.4302198196715548,85.40977165989331,284.96870352071346,0.7093964685822706,1.655691531313088,2.459197125885729,0.0
0.011393679256059224,0.06732152679608819,2,159.43532194172516,60.86402174737372,0.9177850885047428,20.704853004153467,67.43610831412809,0.38505771245789167,3.1474130419728708,4.109993445982194,99.75869090920622
0.037744556879014866,0.10733737627298098,4,438.4734020224055,120.33340556032283,0.5891494259414184,57.21362437574172,150.781603834292,0.6050569395273475,3.0706267901130566,4.519253024974796,33.679061924887584
0.03490850576043216,0.1107615560482202,4,418.32864905713967,153.0627972475833,0.63624983954747,60.63657858185914,128.3713065360638,0.6477034739402978,2.5092027864667403,3.2665259133852302,28.813259072343815
0.027432924792526858,0.08638917105896804,2,315.63358595795665,112.5112833742562,0.7492058168302442,31.582164741086515,109.15792396264605,0.3621628871075155,2.3403054720669134,3.485238940191283,74.62509530720381
0.04207167455086152,0.12071779520472221,4,487.3926969881416,135.61742429299625,0.6017642357342594,79.05782575326089,235.0639073798737,0.6034069610091407,1.5670516221094821,1.9694661409180447,24.98570029817787
0.02947766563646629,0.08249273723742688,3,286.20184252910656,89.59643380196012,0.7999981175070925,58.57466906682666,202.74177823677215,0.3520361131835138,3.5122647640816878,5.089033836915614,69.87995876745691
0.021590622255839947,0.08374011649735934,2,225.19804176399023,46.58937710460496,0.7492906735602844,37.600666128506404,115.72424759760148,0.3065649070498607,2.2546060436489554,3.1260735868043916,72.66755696308104
0.015830024927757123,0.06997942896693307,0,225.3985910037792,66.43561217874401,0.9023334525017586,26.31907579619584,78.15785685334762,0.2084436871823655,3.4984959954769197,5.080210234785256,98.65510118488575
0.02375243711035753,0.0902999691484348,3,237.65135839336435,93.18907189620938,0.8378361205581601,55.52597355802138,186.04371593261607,0.3322081693068584,3.2270378460937073,3.971911005139255,68.34087765923478
0.02399232866857942,0.08136188333792992,2,343.0416038889888,89.97263328616489,0.7333785933443291,33.1809708401628,83.0764538143171,0.3961728073359404,3.0869398859092803,4.430595520371028,71.51995135750356
0.02798894115504249,0.09243325446221846,3,210.69250888318285,78.20072929494194,0.7341632234750238,50.50201995090573,168.37320424838728,0.320422467265675,3.1620715156684343,3.9518408729041945,74.79209073092885
0.020105040729036926,0.08963443422147208,3,219.02365343772323,50.98596546956393,0.7212756182062104,43.07420024375394,119.60144280622252,0.32607625522655975,2.2748355337497888,3.028585563883957,71.92701420321751
0.05448070936990848,0.1427649672118822,9,530.7969903584811,133.57612671478145,0.4041574714530546,84.35066618745506,204.07474666694299,0.6776391862705042,1.7619820695824209,2.6061989401922316,1.46636417255941
0.04616134389751972,0.12876082249899715,5,307.21574903714736,90.54064408236545,0.6818682257274318,74.86995266715557,193.4575758990837,0.6707438307002942,3.2221350322202396,4.214998997816925,19.95768638275614
0.0595207689367347,0.14176726039841756,10,461.9994165957914,107.28608047979559,0.4029243382023155,70.35686568945034,160.4961616633143,0.7882609615387773,1.9657974438241432,2.643526773113775,4.440128019382502
0.023704977284446954,0.08175729966072012,2,279.1001155042715,70.73375002488116,0.7731954113402323,34.276077522912445,83.09607278791647,0.3875305486853505,2.577814966279444,3.8210964909418643,66.93954632691414
0.024313506021861532,0.0955313527731017,4,294.7202280230488,73.33436307029325,0.8421999373552412,35.51312431587654,94.04568486151875,0.48511717184243314,4.30815947587516,5.192533001930092,66.39273590010754
0.06034773969705018,0.13082312792311443,8,404.09708534369514,94.6526731904368,0.5291129189683498,82.79026118767551,200.77222108498137,0.7618544923948002,2.312987815131961,3.3583096151770304,2.6674371922875495
0.02563517276127925,0.09788643020884359,3,289.30791201520935,96.39105322721545,0.7107737957855925,43.29915635855596,112.20613755929975,0.38925851751099955,3.1964049932726297,4.3502986348564425,68.81134871663036
0.010851954871538342,0.07038740386502561,0,178.99405511975738,37.46799709824742,0.9233300803374529,30.727887739865125,85.5848482288336,0.31491992871172353,2.6513920406795144,3.2901468728418997,96.88886001799206
0.013404105514979637,0.07095789194886733,0,179.40966072199078,45.18635824099924,0.9405412192788691,23.24180948716314,80.1534961874694,0.21961787535843333,3.9468644584865205,5.133015197172702,100.0
0.03890954898939605,0.1111690553864201,4,459.63980033417533,115.60734500027576,0.6044543030172744,67.97094690715595,232.50482562979036,0.613182030404157,2.687058599724506,3.688185450989121,25.801427688736364
0.013697601134191122,0.0572411767815643,0,195.11580900980863,75.50152949868287,0.9236919548635486,35.23423988626533,111.76245650975069,0.33530034155894345,4.427363200152802,6.535664791632208,100.0
0.06374535703668914,0.13113131635647543,9,418.6358024419059,147.41343217244582,0.5405618812918466,86.17571567667142,212.35779635859137,0.6352451817603433,2.48931227913587,3.0792909631510166,0.0
0.01917938713191572,0.07517967483458965,2,215.44867096981983,75.03257449157752,0.8525099718079097,28.629175336587352,85.404779698295,0.3576581452022479,3.6044961377123625,4.683454834005226,97.7683979875029
0.04589715755016783,0.11273935427150193,4,462.2121303770976,143.01671866382978,0.6316829007656292,56.74519231391406,145.08889290579458,0.6470175165330099,3.164864172444266,4.65732182845929,32.56254659701438
0.01724320448402621,0.07066036897591785,1,155.13821091227115,37.376414253735774,0.9339853730540133,22.861929698143257,56.58231228977813,0.3298623703961048,2.7197669142667724,3.376571254697799,99.44630419675424
0.027287199164134524,0.08657158939450607,4,327.69682275346287,125.43398536752105,0.8363259908507195,46.48541716974706,95.34064866336257,0.37231777283864903,2.603468154653534,3.849821531905641,60.17601024164614
0.05620286906508522,0.13039759420102,9,588.5627911176265,167.30596057843266,0.4765206778906323,77.16327938434745,163.7522310274465,0.7296783227687805,2.8305155667210276,3.4451979385452742,0.0
0.013830118391435192,0.0654930597507853,0,210.72049667821085,43.97528622523236,0.9337338914652157,27.677439338275562,71.99390143234949,0.23083616415270589,4.164432605305329,6.032025461481239,98.15233214860653
0.0446112555831906,0.12332960668585873,6,385.4107452885018,110.04361218985737,0.5523891083365239,50.753045156887424,131.5541043414828,0.5583727869365909,2.570140635250949,3.376792445493946,18.68626381548281
0.041417083240339554,0.12154201743977879,7,496.06686508647454,124.68842274980297,0.5660502804231207,52.91372574688435,153.29637452951158,0.5497895587868648,2.9072797507191757,3.5500735377886787,20.709266557026687
0.026733974596329767,0.08545073560342009,3,305.9717997148085,77.92583661812442,0.7081898476558091,32.18017147940401,80.14950403085957,0.45334964566310754,1.5666099479219078,1.9467678579197234,61.00995829018656
0.06679664435879461,0.13114264872709963,10,508.1664763059771,168.01825988960888,0.41270640497545347,81.72686776809655,190.72182194579406,0.7574873364257657,2.4829736350149734,3.136369257476878,0.0
0.014028748719485791,0.05771483986022634,1,241.06101469137207,86.34067888529263,0.9232155562837794,24.212430588539082,64.11261798545321,0.2799806233869525,4.182350996389381,5.862943629517569,100.0
0.011477373248512264,0.05451891505373197,2,227.00905943333044,82.62585500127435,0.8931137186202076,24.213887968667493,69.54396866293614,0.2958618255639616,3.204750128361715,4.403229253595773,100.0
0.04166974270851228,0.1046024558384524,6,460.61044684854346,159.08941830088588,0.571820337284838,52.571831173727944,158.18394192294994,0.6496391492213429,2.6256966211027803,3.4651395433118903,27.454426049793625
0.0468620266592407,0.11187053593461356,7,351.8255712855479,129.93871572176968,0.5908660546862167,67.0783240190774,157.90824025597252,0.5661135793529964,3.0496001589717503,3.927702438041712,18.400609524830216
0.03354467008320273,0.125317886465155,5,347.6184472971325,99.75193736193506,0.6932888567285402,74.20890430133927,205.49016331683004,0.49874042938567464,3.455605042062687,4.86845649805626,23.57847200190504
0.053599429524952724,0.13912366862131031,7,474.412170279003,153.3360524772206,0.4697870888500638,89.12170075452647,200.1657493813419,0.6775515341331352,3.239753333613903,4.172887836494107,0.0
0.04632057177872339,0.12825044240024677,7,375.9107174839599,120.73625178601665,0.6508732392771808,70.91109935934779,159.83897367933054,0.5207616676577448,2.0171704329800653,2.69584884873842,14.358250657813281
0.02685579397730601,0.08372945654910625,4,323.03070505274206,126.74820619115931,0.8181012032980957,56.95314345769695,173.1845901807368,0.4143177549613725,3.616171823995138,4.728610271088524,66.0695257388852
0.014280079977075413,0.052414243659581854,1,194.19316440785337,55.584688975980534,0.9180641778840503,28.008315675187756,70.4622308865587,0.36485616859115944,4.262651668954824,5.444046668364282,98.413186064131
0.04220510660913589,0.1151571290816878,7,470.4755882458928,96.96441202675565,0.6982087662394062,65.67875084013602,213.93692112206136,0.6188137753239038,2.6473408481326914,3.7661194746766515,15.94395955447029
0.02099151805738092,0.08832846583591905,3,229.98635668680268,85.54278391209516,0.7218004089906711,52.60365532934881,133.42079016382456,0.4192414397223208,1.759131343674981,2.350576285408836,71.95830107872872
0.02786976225368149,0.092470092550991,3,210.06660059812808,55.05728942437189,0.8009703317349308,58.056202785567784,150.47236859250654,0.3327598437657498,3.2905173280056514,4.370393037861966,69.01615907823307
0.0237232183858631,0.08074944374863831,4,349.5114881846297,90.47130131850328,0.7206277924076394,49.49794430875671,173.1938487161508,0.34203761978503855,2.393632274326702,3.230669437721629,64.60229868633724
0.013610052461326183,0.07244845010803153,0,220.55933233744256,62.19811706314965,0.914737509508165,29.41570884636231,96.11309561264369,0.24206870092429802,3.478317874625456,5.18856109557847,100.0
0.027984558106742493,0.083296368984898,3,257.2386687280728,89.20883885290152,0.717339101243143,33.56680683755394,115.88691305002517,0.44637313443064275,1.9622633600911241,2.916335582007806,60.95229959769259
0.05183901442393605,0.13510347861286978,7,594.955489600985,158.57112494897714,0.5066259109571212,84.4559080790451,171.68747291672437,0.6990676187270428,3.3689516737797023,5.023700821958631,0.0
0.01112771182275438,0.07738968927792772,1,247.36117742252512,69.06769018236169,0.9161799271817425,31.04872620160878,98.60213947976416,0.24263362753810847,3.1403240342418925,4.4262321830693745,100.0
0.041843565870131195,0.10222944110392494,4,464.3629156738992,136.8525545310718,0.6242273582373619,68.7336057984787,219.59609420994443,0.5077948481750608,2.309870275711237,3.313598752832163,24.70399799723482
0.041672090279123615,0.11905831150747885,7,372.72135781231975,125.67329400861644,0.6249392006391796,58.85953993856743,202.50958304100905,0.4944093263270957,1.7850592025284777,2.2578640990152543,24.755776326773113
0.027926034116927078,0.08763979673615002,3,228.0165941995294,70.00709546306156,0.7715492927484534,57.35663445576975,178.6097676857233,0.36235637953627536,3.213077230452102,4.002097298602912,65.83313933231491
0.03594765501166081,0.10551619527542314,7,321.19286475918267,72.33971457797958,0.6595180198014023,74.98367036581824,155.12918906246128,0.41974161181890357,2.826555501009665,3.805070260833978,28.741533993957432
0.025689280898041626,0.08241039336242188,4,220.18413135705026,64.51959866705616,0.7130513911174938,47.349742027128485,111.36112572203886,0.4485367204462008,2.0655493343176756,2.9546645547381534,69.80535106665297
0.028139266595175825,0.09432463084322164,4,218.11276735533858,58.18481227845907,0.7962789474854423,42.04376257550823,122.58381434065561,0.3772512053023763,4.475662609560993,5.410451998036161,65.66978935235291
0.02006383141464861,0.08868283606480067,3,226.5012567797177,65.47316320492115,0.7800579299272777,52.343701672535246,176.48667397703633,0.3752181054708895,3.1038943954506486,4.611596168147481,65.08637773347219
0.06847124045675224,0.1489866559485043,8,559.9449962351151,222.9478599029233,0.4048891261159222,84.21738504432507,225.79475701106844,0.7340018379958749,3.3891643893100563,5.067911008170256,1.4439879925211874
0.033860331091525864,0.12530232679204367,4,327.162293313283,123.74119284415558,0.6764855088576615,74.1308217388124,155.79604169251257,0.6020738203611371,2.2374615378752694,2.9019497589160888,33.15077401106638
0.023854998682374815,0.09896815882172165,2,215.79076951828245,86.10965910516354,0.7272504513528871,48.50130499441073,114.90905676431733,0.348168201061362,3.1266355745862286,3.7540089330572144,74.85569215861229
0.0313068739856186,0.10611541343694776,7,349.1677661876389,97.03679850191016,0.6750171001168349,57.45958159417027,186.9988541426336,0.5902941782242567,3.0525889087048554,4.168399154056985,27.246601934578994
0.06013720331958206,0.13260810858629263,9,415.96926921649253,102.3190909713552,0.5044500203925644,83.25296127564421,196.5515005710794,0.7297317560872669,2.5048895813838543,3.3284912033935097,3.7028312206684264
0.02545530747102613,0.09570795322151747,4,227.69740023055866,49.21975047717359,0.7855531881833173,34.267575450729936,93.50601636436222,0.4979297319371234,3.1273991653728084,4.163402174315142,68.50440110610786
0.05626750426216473,0.13390190818151396,8,447.4889228285146,178.4116520384569,0.40149086274215356,92.85366409113632,320.56690363908103,0.7302046322387659,2.4330179014243303,3.137614459364462,0.884852643388836
0.07210347156926704,0.13729739012813758,7,477.96998289712434,124.95107030254721,0.4154214051707401,99.70583240537349,294.42761694382625,0.7235869481215547,2.180194429775272,2.719143623324401,4.280695663753637
0.025897254263185072,0.08705713564991294,4,285.83584175892827,97.04255342068654,0.754274930439432,31.98159645020327,88.38413939916633,0.3434294185773919,2.955785519032292,3.896062623118984,64.54128575428697
0.04510386563794751,0.12055886167806949,6,339.1582298206162,112.35225679136772,0.5677125609596938,70.79128624423771,170.63403655322668,0.6496906630569601,1.6694154288968293,2.2404650889909776,24.941625026660194
0.025671523413493026,0.08628844047591051,2,207.86957953199146,80.13228633418991,0.7725924054810869,49.47488571613906,122.01579872889754,0.40599838709386127,3.4556603111970396,4.577335949203224,71.25371901754833
0.023524319030039622,0.09408135391801585,3,217.85315551613652,62.5120070567801,0.7012962142337742,40.97127361565575,106.9828150505872,0.4296455839973286,2.3645760129971256,3.243751068990707,66.668411283183
0.0693859759706828,0.14357693930803825,9,488.359385338374,194.23528678448787,0.4738778635760136,89.17719022925189,210.11391685379903,0.6519327446167552,3.3082036089626095,4.676154068212342,0.0
0.0353945856257087,0.10441542716641408,5,325.6436071750924,81.01378611637367,0.6926585319691474,50.74949514897505,132.24051278919652,0.4936841524058984,3.4700682250401664,4.194963626277565,31.289432149398063
0.023276337704552924,0.09058692792804166,3,237.30414678211426,93.48626245357715,0.7020109391226232,35.40936010204029,109.104876486721,0.4494447179184997,2.6231820748549213,3.9038699363200604,74.76900026519085
0.0691127339131611,0.13491634418394416,8,495.5375246736308,190.71157676294504,0.43007709719503867,72.92732247529509,231.85366586911647,0.6378353426571246,2.784974057991315,4.082139483899316,3.3949090268592883
0.01837896971853913,0.05378307566941561,1,208.00554102220457,65.87970164966623,0.866196543808338,20.362802120417204,50.29467088662936,0.2736614750810276,3.697900442003838,5.347716059872639,99.90309523051067
0.018700113100056114,0.06716163303809683,2,246.50585078894701,81.284661132142,0.8542816722126302,32.66152814319798,91.74416280977195,0.2587215312966005,4.391159616624991,5.680840252495221,95.88772470320734
0.037744817215155546,0.10908820303292367,4,468.03067017932943,162.5638526994554,0.6344846546901187,52.73264088552037,161.45372196917694,0.6351222088908379,2.158396277043753,2.9274602231747884,34.762150546268636
0.020471229353966284,0.08824632761149674,2,301.3803271886835,63.501614986641165,0.8183452500493206,51.6598735816189,141.72562158068098,0.3700581116991819,4.468301361055071,5.523207114091983,66.08574716784938
0.024151608762830668,0.08423943977249194,3,242.478559357812,76.13916387987474,0.7968100533154008,39.70138630708744,88.98251612854774,0.32114598002881806,3.291063837963346,3.997784257209508,72.6068115259719
0.031982324669978204,0.1100814643665614,7,417.8420307125534,138.8244533968648,0.6692435993608219,64.33282798479985,221.46147995404797,0.5368872637631031,3.130011921489314,4.540105066805479,18.112289520402243
0.03693889340500361,0.12665247415871866,5,430.1521041091695,151.41145064516442,0.5664292404551223,68.32493583291408,200.84901411830285,0.6478457414754064,2.1229845377551477,3.0279147910513493,13.01486722339862
0.04523395589469463,0.1205495171845046,4,415.582534593323,152.76375600309157,0.5887128889768103,59.13284772514704,165.74305320802475,0.40709100991860414,2.715307089012241,3.942391862159238,38.5327245268296
0.02035469056223298,0.0946891123715421,3,336.88122478018386,134.3612975792581,0.7108022080091578,44.99137787547509,146.60898868844004,0.3946486357633097,3.431896909151849,4.29412594048539,65.24151072322547
0.04603132155979796,0.12277733634759426,5,384.13935667256754,106.06445341900164,0.6962773585124518,79.05231034493289,235.30537852884356,0.4045269314923147,3.0262016850329445,3.7850354185803154,17.26725198570819
0.02378382138206456,0.0833529808732279,2,226.70373533661774,86.08670048251055,0.8425144568227321,48.21551004927285,99.15799369179702,0.47646798293605863,4.017849620179412,5.21210222942412,77.50385918543839
0.07397488041067775,0.1311086002031073,7,526.1136548621055,159.75690501067092,0.4683819819823106,90.30426862208674,228.3431963034507,0.7843194716583649,1.833294875127939,2.6484359302509217,0.0
0.04653168564053866,0.12786879111034766,5,472.79171812009537,94.75568019885844,0.665598794304688,74.63185232317778,200.95878981619487,0.4692128273219715,2.091033168503172,2.9303351635913035,17.96656873671011
0.010182793375806968,0.06293132747796733,1,197.04967566069013,47.743510484456955,0.8969717128783181,37.9866017853769,88.30742445534709,0.22256238937852393,2.863081220048336,3.6010568388107673,97.09015255352777
0.04839906791288237,0.11406904666761306,5,383.614587801017,96.66871506217136,0.645357226175547,54.78516059980533,111.42484347941827,0.6473392828524723,2.510520623153244,3.7138108631896474,20.25360507622461
0.01981729884590005,0.06510613424373549,1,243.05198719387855,56.03684783406572,0.9323416112082805,31.881860083808576,72.08915927511379,0.33619051862630084,2.696201879576871,3.5417697518298437,100.0
0.0308426481582212,0.12210618542702904,5,382.69555046850286,129.06638529375647,0.6807791394477188,54.20871416944275,163.9136752861219,0.6839624571510198,2.411024556960856,3.422848229060307,26.039571777501457
0.05103470737581149,0.14894818438663693,8,473.7055603521736,153.18775845988003,0.5308958381739065,74.55369341369335,259.0290141917299,0.758787882414141,2.566415458602984,3.2304218541683083,0.0
0.02866656850032348,0.09913656551799159,2,209.23115527580492,63.04993956154515,0.7075123473156432,53.53593848390155,117.47189901502576,0.3228685579878991,3.220157160067915,4.633419119502265,72.96461004538361
0.02187334036379948,0.0822326513195615,4,255.11118912975968,84.56505098509814,0.7307849665860203,40.308386888911244,111.16652989731624,0.3968810888178505,1.990981707945513,2.9019869495051296,63.106035110812485
0.07037189439463219,0.13958963151302073,8,410.26659285256306,158.32416613724152,0.5010424078420415,85.27851963268701,275.6413553985363,0.653897475697341,2.343609134051249,3.131923676934993,4.580127319659745
0.044037944104035144,0.12836658631412748,5,485.6338742739292,151.74300172159306,0.6406365553814872,63.65949073801643,159.13929894589373,0.5837894212649603,2.25941405454543,2.842418271416169,22.75994670539837
0.04265850155533099,0.12846944263796872,4,483.72091143185673,106.74783304225988,0.6875252569264653,74.31385938673499,172.1652242908463,0.5434877883261733,2.112840089812951,2.7772178757422323,29.93422466384117
0.04540463524063144,0.11168646320827191,5,396.77519632560546,99.11048908593014,0.6495981546265509,67.5300026345841,201.12360348967772,0.586490957096413,2.783900391509106,3.3883823957635455,18.76014543093493
0.02050655944877911,0.08926177667380583,4,234.17293179110268,70.20243959243325,0.7018878458263625,49.25048097218957,162.6678288661513,0.3449508109850004,1.9581682204581552,2.4954960369140538,68.10177386142531
0.013277775433333885,0.07770815612404104,1,247.68755075608374,92.96168273178196,0.8945081281662429,37.724097235139496,111.15120407809636,0.36853720331497464,2.8608254433878226,4.012582076413109,95.0120778124077
0.02928007308785609,0.09592113226872517,4,306.2467063447603,90.82862495103936,0.7011156376210732,38.74241105581762,78.53455014517752,0.4305148129018139,2.8267945245452273,4.096468783837001,64.70033573000119
0.04496929031061846,0.11262558273619015,5,422.9263753523312,122.15537792054133,0.5938328109036051,58.71869377588075,141.6052969992013,0.5497150435626608,2.906828436718821,3.5859871129910377,20.345706804207197
0.0386199041730481,0.10838857909883554,5,342.2912972075255,107.98623081070892,0.6342865644177071,54.4663435207249,162.93660037867107,0.4512547834922526,2.6597611487371906,3.7332102406314616,30.431501966563697
0.021329420075820428,0.09527641866528574,4,269.77583236130357,97.3390275843504,0.8489851238840881,32.82617519375694,86.70462719836335,0.4215400816306924,2.661139393108278,3.7632487598635813,66.09345861939634
0.0443270738783105,0.11076745667945102,6,397.3719194881809,99.77290942086485,0.5994898266272984,59.57075709674445,206.8045400436054,0.46235781834308126,2.903661795603373,4.228595757391825,24.544421474202743
0.018634347548390325,0.06896985118556588,1,192.91150874314116,57.06929691912126,0.9359514906413156,20.661619809214436,48.82268310949343,0.21321977639978468,3.589410508080946,5.114555813318709,100.0
0.03766814812024769,0.12405863636002669,5,364.5358150163247,104.59001592244039,0.6547138316399801,53.01866365060248,106.52592021534687,0.5348583146553673,2.8439624295353676,3.7476828616867306,19.85035879458562
0.040733405240234805,0.11256344565914714,4,475.6056483183401,162.57183323428146,0.578641996274317,61.18168109083374,126.13412698736455,0.4263992076052956,2.8569267438201766,3.7535191447161966,29.957321561898908
0.029021678592270932,0.08364622629969856,2,223.35769921439345,56.02321642659288,0.71617230043602,40.11141342942548,95.81217603483177,0.4558389923350392,1.6034304135465232,2.141560419153794,72.0307636844982
0.026619097403628833,0.09696924423249656,3,299.1646084595205,81.37545003326737,0.7464282605622122,57.27731747798204,141.3797344287884,0.3157333158133176,3.4235850101664997,4.546303852887283,63.5096094620405
0.0352064327317636,0.1010982439555846,6,422.9267922831737,129.046854677234,0.5739490920210506,74.84071757687504,177.3269659935856,0.6368795867459274,1.7156899739451303,2.3497479362643343,17.157143492158244
0.019165953346830574,0.07548091739836064,1,191.68858668036006,43.297142660694625,0.9385031450283103,29.256359994387925,72.15270702611343,0.3859220957469045,3.6653253995237787,4.6431751494975355,100.0
0.031293224891959806,0.10098705167470456,5,484.4082876494319,101.22435510916745,0.5771197945305099,63.745899552806826,193.43727831411766,0.5451336656251022,1.82204639159346,2.5499049555073716,22.179744219330686
0.030824673195870452,0.11035574560639273,7,472.335057272512,164.02616239063812,0.6449061644262688,73.46953893685823,147.02316032812575,0.5253048551791558,2.5427709128876748,3.568512418009395,14.233682069956199
0.028666232978065403,0.08932444462232553,3,318.155176081693,87.41578632180347,0.7988318747692312,44.83807730957722,118.89844493944108,0.47952951994579374,4.006650908624685,5.370431350551921,68.79533610647549
0.018924283962397915,0.07832501152014644,2,175.15721451202884,53.468553941507686,0.9257346220969804,22.7250557839836,53.58516132909053,0.3097855879695752,4.497404087924161,5.680673171757046,100.0
0.02250289666655159,0.08359566131587448,4,310.11317217766435,64.38913659265073,0.7324923774023225,54.88744324980605,178.64710624419595,0.33732254179292337,2.547717814827622,3.3622739926780882,64.45668574908537
0.0341932617283828,0.1032999051836476,5,463.7449258836424,128.4677851056772,0.5739017543719401,62.46536499004656,181.11365590755963,0.5837122989842919,3.4856671563432946,4.3424677611420535,19.518522243977362
0.03444707121394097,0.10071664429449115,7,389.94054554453993,96.33418418355053,0.6504224384782459,56.10819381817127,192.58473425387618,0.41340012610147747,2.3260741252225134,3.4755238500592096,27.469582269033566
0.019859974849554186,0.05716464977936829,1,214.0300820434059,83.41468635679522,0.9113457782546152,32.37997962340332,65.44965929131827,0.3062478891768713,4.027023083333535,5.029794772909483,100.0
0.016752754961138934,0.0656601520209718,1,208.59728702499413,75.89188627070342,0.901787024555287,21.614913294785534,55.19640766779894,0.21263586126399525,3.66573070810465,4.652743352973292,95.99511254346358
0.015497647053408142,0.0666944570092479,1,175.58064873793313,56.26553192224963,0.9204938304343688,20.375256135857473,59.047521118214746,0.22337979012566805,4.4934226742854015,6.00839784610282,100.0
0.011414877187998837,0.07322054634000957,1,187.7849620790507,43.54611053602248,0.9062128456519012,36.5178648263893,116.21571241909484,0.24669623648731032,3.475526223725946,4.315899691194303,97.79730758180901
0.028563189059008252,0.09105253019539891,3,269.01705604439803,78.85114224528279,0.7041883623073046,32.19467995766445,73.81936259037334,0.3037282672386567,2.793250460555815,3.4887668018766953,66.5558717690827
0.04427412649792402,0.12052526957158541,5,417.6682167282494,123.42680918352671,0.6112777301517414,63.71553813243211,164.83493708016584,0.48477412981672235,1.7104807575313834,2.1058286174423975,17.133927185188696
0.05468095437878088,0.13985969913585491,7,574.4403936845363,117.54955198154212,0.5260440895978037,78.60512775570385,250.83061237053295,0.6638565849174474,1.7162637638523244,2.099520545980832,0.0
0.02271118180156141,0.08287053072719501,3,260.65107122603604,91.92737178170768,0.7694649398602854,42.11942940660672,145.02436883971492,0.47403000793865213,3.3930293152811553,5.0434902648738245,66.7794020384568
0.04441196131195188,0.12354092633857129,5,423.1356354094792,120.80678523645452,0.6063501389215332,78.9702930960608,169.42916302935853,0.6284743120747764,1.6232539313074144,2.296560500419326,19.91355892838711
0.027533301282905997,0.08363029313501033,4,239.75715377000324,55.13231316782601,0.7374735620848714,37.78957560398837,129.09268548566763,0.3803053724034867,3.3681928161683903,4.346711683090129,66.2495091706618
0.07738334720146839,0.1390873188085454,9,510.73448281810727,176.4339820799752,0.4453236318374023,92.28827072817828,216.62401396209123,0.7369361673624608,2.792901062222854,4.045285218289623,1.6256849911805082
0.026690422383844777,0.08323211720813536,4,301.49096147172935,107.93392738906637,0.8289028564456578,37.249247301871236,124.48468638043823,0.49942932996033473,3.770223381082065,5.451090273501821,64.16798162909829
0.011840508002850431,0.05759863239131789,0,198.30476727165927,55.11356964449839,0.9419272317894579,33.70959438732001,105.22854368126389,0.3796617936251272,3.042769251801001,4.168109763352998,99.55809831961136
0.023842180022016907,0.0895094569796594,2,243.33937678886548,94.12719767843433,0.7126876540939122,56.608327618806044,182.25002580751197,0.37313038351527383,2.9297219663956815,3.8644084589345997,76.63974198640935
0.024474563478218643,0.09884143074499609,2,315.1577960860966,92.31827143911848,0.8465708323021645,30.47554637372218,65.87439986752042,0.39112985058252275,3.0805083341195005,4.085701941693083,65.4714233021364
0.03218548542317934,0.12058761153513994,7,468.9149360743535,172.39987627302813,0.6830412198648365,56.37937335705674,143.46993810425732,0.5890906347429139,3.3613644240507754,4.606287226219987,20.348197313048388
0.028294619320019313,0.09742043428199433,4,271.36558376947335,70.06145564165998,0.7239465557263652,36.075254721868816,113.13737716494536,0.4654318839143774,2.1764006066916908,2.8646810158622356,66.90657320277477
0.016608008859626395,0.07618480854498746,0,212.74536976283017,72.01530185352223,0.8773071419137396,29.683836903943266,76.19053325929012,0.2702257195954015,3.576681711112271,5.276985504005403,99.02825580609499
0.021738971782419562,0.09315771809384425,4,230.12347729902575,48.3345120190289,0.7361439605556566,38.175484660129314,86.24952083847367,0.37241362750173795,3.0081180442442363,4.296407081258945,67.26769258054428
0.036613466158592574,0.10189447934219269,6,416.1766950221925,152.05795178120903,0.6505517313700161,76.8607491106186,260.5225140755215,0.5000555887586313,2.842994958696891,3.7040925924365835,16.02178827437735
0.01314316939280576,0.05622853834585162,2,184.63299026743087,53.792987700051974,0.9415640142447305,22.383971448209454,59.17825661269297,0.39194815708370323,2.785928041282817,3.4358875318759616,100.0
0.018271725866846375,0.053649926480080726,1,162.69637562910617,44.37848715530084,0.9052607479411184,32.09607609928193,90.4675634549589,0.31113068435425284,3.185656412973011,3.937242956897789,100.0
0.02168224253748037,0.09782963349077589,3,262.96035396681924,66.37097785264065,0.7481327631848258,54.01983247937713,147.52913880940665,0.45952158731281784,3.158219251692493,4.576720526467642,67.44858545987775
0.017156620662403622,0.06379696741460404,1,222.37862098230207,87.99274378616924,0.9225553608310755,27.903558509130395,57.03817941404911,0.3761932129440258,4.327465162629476,6.4012469644818095,95.50511203049697
0.014563041616809201,0.05701654984506472,2,175.94733744839976,63.491609463272944,0.8840380646453067,24.199132990594684,80.67712304540011,0.2760066657220366,3.2888390475277385,4.858253679591406,99.65627972632792
0.020352546383195644,0.0903317221611367,3,298.9539008282488,110.8486458328271,0.7057240804567175,51.066370612442874,107.40300324470077,0.47760700848778304,2.054216291636906,3.03605592983969,63.04440606226514
0.022724451504491254,0.08065367243703728,2,291.6988601729907,58.49151248820012,0.7384589258076886,35.650171370327435,72.8998102952729,0.431649682788077,2.0822368098525583,2.499775305360394,70.63188275492523
0.01285769196691317,0.06462973845989028,1,176.83765861676065,50.243906739683865,0.8883479475873735,35.272227205455344,87.8574900949888,0.28414929920905974,4.397677937471551,5.462812555869403,98.32067123781647
0.028651683351997893,0.09049059008536683,3,268.5500289766001,72.21512083570236,0.8293261358457721,36.22376610473311,82.6566542549909,0.3837021428166371,4.226584713075724,5.101665644146849,63.17037198643848
0.016512401806838,0.07429668449735427,2,159.47940359088386,58.477632826329355,0.9415089504785801,22.251138110222445,58.150188158138064,0.2247207846845325,2.980039605294456,3.686652381819001,98.62319743682097
0.03562932353272219,0.11097000751612872,5,331.1190931282886,110.17591058299736,0.6634764195769708,72.02877836699528,216.1968330483558,0.6686770646130601,1.9428425929185398,2.675006337839909,26.78873837000547
0.02780588423394038,0.09438289921701844,3,244.10833219976413,74.74941842766648,0.736073257931074,46.21391272500535,126.44014504237325,0.4804029619766128,2.243672952565449,2.7148595768828416,69.28844945982746
0.03832656328863404,0.11649890562782093,5,444.15756963095015,150.70115709816815,0.6121320743095465,51.134963722529726,165.7167655885608,0.5591946123993791,2.8287111370074354,3.781656123264294,25.82076531683677
0.028735448787579478,0.08087793442343616,4,247.30637505830177,67.18365320537052,0.7244559528665,45.37198422575707,141.15044674250456,0.38055788559623027,3.4953622976536822,4.645105102990967,66.61226436220963
0.022847701299209697,0.0982716041406569,2,203.26281288581455,81.2115774394587,0.7733535959421468,45.24713667018332,124.12391533197443,0.3846367812436177,3.7613445075937153,4.761280085697602,70.1668552935347
0.0711183973820797,0.14032585005314466,10,490.51431296283,171.44821196369668,0.47854260812116955,82.75366357033518,279.07172842282654,0.6165086084449015,3.0008554345447824,3.944593403237209,1.8807438667116527
0.0621188368284151,0.1340649670600493,10,566.9363058062977,119.84451916638268,0.4995535024483005,98.54970355960937,269.21017313411653,0.7096018650753102,3.031543502903679,3.7164611776555554,2.13158713431583
0.0701708584436147,0.13251271831217484,8,581.0621436500483,193.4176719445081,0.5160021436080613,88.55826113046624,260.2942710116523,0.6775693613097203,2.446197452562773,3.156516497946708,2.675932119378653
0.04718784327870129,0.12654834440605153,7,474.99108743228726,142.73161757268926,0.6390212661604925,78.34406576210954,225.76858903418426,0.6601772957756611,1.7154581987264217,2.230449196808531,20.235209318600262
0.054013603695745316,0.14117456542704246,9,490.24673580904033,101.34238406973782,0.5064597172024901,98.41706236781384,309.5548208061786,0.6770226728724719,2.5620323130558575,3.6133573741112066,2.7065344799657423
0.03563919793362919,0.10280140257178387,6,324.94932651438864,70.78843132489887,0.6158593803694735,62.207481923849016,209.72707783384325,0.45781230214631674,3.3816555882808554,4.9551836296372045,23.959598834954043
0.023633518519627777,0.0845437932776373,4,325.33728572521767,102.50264374569205,0.7645926527592699,30.596180196899418,106.03644826830599,0.3805187615206371,3.572315486955289,4.437871773461351,67.3586005549978
0.02520369335015041,0.081855645034924,3,203.89004591719998,76.7293411366965,0.7063526410170601,59.0922883530169,131.4182443497571,0.48798561674175756,1.9402896959618658,2.4541572032534336,68.96440281281409
0.02046652876159988,0.08678823070405642,2,310.37860786206073,122.85210017066579,0.7222834089698495,43.43577503611396,110.14754523484449,0.41195801838561136,2.8872341506353223,3.936761541503603,67.0169605412841
0.02741014520527912,0.08740375590069056,2,216.96629828730752,50.57538594402039,0.807390112197787,49.91887153209403,173.59571155805676,0.34797034396834003,3.6882358651919636,5.370972444343438,71.53880083637733
0.039888456867207434,0.10096411140742508,5,331.7268412518363,107.22963267748712,0.5948681455890261,51.78431325968256,169.9984250054779,0.44838185046176415,1.7963766746001342,2.1683421831401803,34.08871105721889
0.02613493438250409,0.09569842980564189,2,324.34212534800633,119.74850727537854,0.7465249960288945,30.588744356900268,68.32742310439787,0.4927998601663901,3.110494536916234,3.7704775479893704,65.57008181266244
0.016915991394380193,0.06254671759098547,0,223.8319256074463,81.9617081892308,0.8816680492423695,36.89262318047799,119.93398910060058,0.332797041672268,4.000093427906221,4.973494141933781,99.89072271128234
0.045767892438886355,0.1294564987224918,7,368.27252823066124,146.91031339028663,0.5669924433952659,78.23598059231621,206.8093828582973,0.5339945734215922,1.5463775359364627,1.9481379879239284,14.805476431318326
0.027718828580277324,0.08056074880945242,2,270.12730134544404,99.79159110300563,0.802073012901131,39.15015690745927,121.55852349267548,0.4933989500729417,3.3684482199858428,4.601793831177356,70.25565803455322
0.04934237169862336,0.11054107334920686,4,435.8503822776111,91.10065341424561,0.5833226994596176,52.327920385713234,179.76730320091562,0.49716537634363245,2.604542752144976,3.431037440461648,37.69664724539632
0.015546454984937442,0.052248528132381664,2,238.55316841531172,47.945338543230186,0.9096940332291864,35.11410984655554,87.8044974201938,0.3542836129713912,3.8989042413216404,5.381681876307911,95.68665900740223
0.01422608029988226,0.05141633364420126,2,184.84487821086725,61.891338275534316,0.8588644785449482,29.522784741065998,65.93658982701982,0.3531845574403429,2.7710175550552947,4.084763210105691,100.0
0.060881039442124696,0.1312159943723273,8,545.4302241991379,188.48688336115993,0.49097239072171206,75.1519094087643,178.7797346747779,0.7168238622716041,2.4887852530312538,3.140717969184527,0.0
0.04039992849909083,0.10448867110469476,7,317.9734688352986,108.96822092577074,0.6393531400715071,75.95784762744036,175.71484666241045,0.5346452863953387,2.846562315784311,3.6451528640601367,19.26146978526461
0.03967691116891551,0.12433005058001291,6,457.35694488160516,174.59171993875393,0.5819533721827798,78.5230975009485,233.35381765646972,0.5300663202029309,3.134938362869365,4.4505842254602905,22.53806623796092
0.014215955771204476,0.0720669666019876,2,230.24240071510928,61.24944654527245,0.8741582352465422,23.946580955463165,56.56369734403725,0.22804406794234847,3.7714459130975424,4.725486194361295,100.0
0.015862796071927178,0.05283793443747668,1,186.14196218485756,50.81324540738542,0.8709872284280706,20.41288488524993,47.34053865518385,0.3678782635031913,4.368287966207301,5.586445404956155,100.0
0.037235838801204936,0.10455871620444633,5,456.71908443399565,91.6996666743382,0.5992601284035588,55.19078632896441,190.98961049642307,0.4482172114187771,3.416807478117092,5.10779696917528,24.112582747356534
0.028531154455771444,0.0847117779367871,3,285.3259936221185,102.52296672455726,0.806209555250628,49.155082117021095,136.36767312890612,0.4341889261398575,3.9911006405931655,5.679305913804379,68.24762561082701
0.04704154746231019,0.11996042548866115,5,486.5846271429991,163.68452099209375,0.6416312540598946,69.78966097442056,188.28886094461845,0.4092768577420935,2.419826912368328,3.5128598886138906,21.35907608308327
0.03991797088297871,0.11965896261837329,6,371.19022291353986,100.91668770161404,0.6934182990456496,57.977263235969325,197.41830763783392,0.5091692212847063,2.260248077574892,2.7376622733870404,27.039188528139178
0.040434530564617044,0.10398762176857429,7,448.12508170449865,163.69252976561984,0.614084834514606,72.46579234205404,233.80108336734313,0.5861247699163775,1.6332573368395527,2.335544616494636,20.236779503132027
0.03484771377154872,0.10566601732152102,7,324.98370034307516,91.54212379029134,0.5681791570297072,63.58711511094667,170.6621652681673,0.5639032367954585,2.7606033075814516,3.880145640390072,22.99863309109711
0.03046072630158676,0.12765166010510334,7,423.67410140109365,120.43894596297771,0.6973315752771267,63.3534781036333,175.69106078436306,0.6067482691700273,2.1015825315993313,3.1020487018544385,20.65904772458514
0.012744751816043162,0.05389412652967855,1,235.54369193198775,67.03636519644542,0.8868164142733184,37.76203107062003,129.8910782923605,0.39040782128042023,4.458672683842126,6.556228829440469,96.48311194115826
0.020842301226877514,0.09838713847892255,3,256.43041200800707,82.26035552053209,0.7002799663893211,43.042352487445456,92.65664441098114,0.3136825189514971,1.8863624360886326,2.67601537113367,63.20026345020322
0.05690485641341582,0.1463114598409625,10,535.5190438807001,170.45992378271816,0.43526910187455714,83.55881718724048,189.00240068474181,0.7110873329708407,2.3697547158627774,3.112530696476578,2.4874118864735637
0.07964954982924073,0.13573533195483448,10,446.36378324949595,154.65955628555247,0.49867273969935205,73.36488784086411,237.65086421735916,0.6943864004118987,2.310589313101057,3.206044920709649,4.2165556236797785
0.039298622784615087,0.1252425614057111,4,362.52947694702084,110.24372912819777,0.6298551195422302,54.957905824515535,130.30220952920226,0.6405485363716074,2.097937746375437,2.6806082236847635,35.229255950478986
0.021490986023736083,0.09919291720215934,2,301.3707452192499,61.543053398689786,0.7555511904412177,40.75764750315627,83.23552333639478,0.428394023205405,2.520370652288758,3.357314601824976,71.68757870062043
0.02659554542250345,0.0899508198958359,3,327.5824972722765,86.99172271199065,0.8407744568566956,50.69580125078421,122.89931441813641,0.34691148048148895,4.461369338148002,6.5216930916325655,66.07759302908701
0.02908102709082173,0.09575519440590871,3,237.0012588756559,75.1730101023374,0.732377274759142,44.16059045343069,125.48859657409578,0.3226225518238273,1.9973986031771305,2.797663173053776,71.01841140929908
0.021260110393443877,0.09464484733862524,3,337.45028131828326,129.38188862703763,0.830422765826054,40.878538023394476,105.89332270965842,0.47569944276803716,2.572568351545798,3.2188492788765752,69.42254410790217
0.023663636692671755,0.08735368221395426,3,294.13949055282893,89.32177421284602,0.7574547216182177,59.19956172747734,179.4074119331752,0.49098302569431274,2.6019065958660033,3.440497142797523,63.571076753861824
0.026602313823435225,0.09104636928732962,2,238.20813896839437,59.17442152765387,0.8238432665225607,33.22176875826998,112.1776519607461,0.4377212217550373,2.6779929182003293,3.9604108279624874,72.7446666913989
0.027754265292707504,0.09401194726903242,3,209.1837803132364,47.30330299403794,0.7625335999454947,57.21541473633471,190.1967138883325,0.3273259031119025,3.0249129640924517,3.9124493228510424,67.78403770568421
0.034890095727251075,0.1100635662444559,5,387.5065557819823,137.30789887723958,0.6645134636573761,62.85688096045565,158.2203254148644,0.4912622714626586,2.4272437369405986,3.5707028702132657,24.10636961933862
0.011889678706582408,0.06816019555493787,1,214.54548256146293,53.32178336726945,0.9419588767909934,34.180543130257455,99.9688265635598,0.2994778560477426,3.2974564758836205,4.229565814496564,100.0
0.04265580615832772,0.10117010403915631,5,398.18148621528945,88.46751714068921,0.5729738201537983,73.60863982000153,151.0386929543876,0.4298564860981423,2.4626809964512253,3.6881040110608247,15.430549061245015
0.01790221760017395,0.05691093753167647,2,155.54030697350086,56.910126762572474,0.8906313673690545,39.51238314720234,123.11806017948552,0.20401809187289274,2.78324975077838,4.123205921437124,96.02677046329043
0.013281519097486595,0.0777441598730762,1,236.1790695114261,76.24833581566207,0.9035991081304755,26.643470333950248,86.47834158155327,0.2839850589691596,2.57862485886658,3.1056951731421303,95.021942083216
0.010673335967659606,0.05335954873827825,1,192.33148264541933,70.33045833621254,0.9484324484641672,26.431698816377764,62.13407287637725,0.334984409171281,3.5205004346163435,4.780168174867109,97.11830439741946
0.024155493068812692,0.08185186211665961,4,335.6323985015264,126.91722471283279,0.7954874220511232,45.284299621565104,124.8120037583038,0.41070244911405646,3.7966381037179624,5.308829546709119,69.56373703935064
0.013654632040295498,0.07192192006687904,1,157.47078094572134,46.366420969852506,0.8993209580421683,20.710332502939895,65.92655569484386,0.2147240113288493,4.4295320292325595,5.645291248346632,100.0
0.026533892987574727,0.09761648031160577,4,276.9966888902881,93.18976303083736,0.7082921058503079,54.89470860200074,123.35103006585004,0.3101253495988342,1.8695519642438863,2.3364794377869087,64.3456053464477
0.014181387398819863,0.05138585394799949,0,158.27473060477155,59.56652759741287,0.864561665062112,39.14677795661526,82.8720088204706,0.3970175998170059,3.6403994603168366,4.735777338070918,98.9699856266138
0.07400383284014143,0.14503866490366601,7,590.0605867546192,213.90314018567364,0.5063415051440097,70.25095665336556,170.55439469820857,0.7672703528830985,1.790469333319093,2.653188211867677,0.0
0.02502695789301763,0.09475072662165332,2,332.05692413163456,129.89367809438227,0.769312940742113,49.95135742102931,115.95518327949092,0.4096547927589049,3.2483392688437656,3.9131061892762395,69.30895676116113
0.062478762248324056,0.13154242884610046,8,411.9166749567431,116.47435965321651,0.4270870478769292,98.16016462072203,316.6177211460551,0.7466645236034167,3.2822472828373046,4.349109487111372,1.113826543459261
0.02505141627396055,0.08622306257007067,2,326.33813811182875,85.14864842138861,0.748786488572876,42.43425741574545,109.600519434355,0.4351102865861234,1.8585553675703628,2.5201785317083303,73.61470076381212
0.041958802388006644,0.11869672490459937,4,306.9427284139087,82.81905233540053,0.5987504948242449,73.80999501143083,242.8313674439639,0.550319734318083,2.7802727544239567,4.056835064458678,30.178571471281437
0.027193576127015104,0.08586432582938346,2,203.38934152154658,52.99651506200973,0.7318193189459681,34.990761968622174,110.76283698293253,0.4984332901524167,2.9486941365222137,4.09235374537034,70.32871707979452
0.0218865856981461,0.09259532473374639,2,248.06319597734122,58.61367006909696,0.8498209049497971,56.18426021168169,154.86912198797162,0.38444584040166785,2.8062016027648564,3.785081767603729,75.95446871399282
0.019355679058073682,0.05041363706977804,1,174.7179503081365,44.98830758341645,0.9061131995440682,20.750311796182764,58.38498508533419,0.31064955253063936,3.8315926102890483,4.820597456195919,97.28913627977998
0.01801422747137233,0.06379568794060543,0,158.86022280674936,34.788956418194616,0.890726636062304,37.245351981466435,81.86011139258534,0.2581837656519271,3.31685144507066,4.824190535820537,98.10568765110388
0.019641362817563936,0.054912506400222987,2,225.29167433819845,57.39835560518735,0.8842355875106669,28.780356257102607,85.11472043638312,0.33632457720824305,3.98270244806751,4.848958838701485,97.84003765067926
0.022159174240714275,0.08472843561873097,3,263.5299633038405,65.73427876677388,0.7822886715981662,34.56919147473782,86.92204783829914,0.41451480557714854,3.418390151641933,4.645171680970428,63.17126789656109
0.023181066604323636,0.09780071651530428,3,279.8272872413717,102.7508270318643,0.7844902570709386,46.71366722555037,120.9441955353366,0.33003033823124384,3.4608203945830276,4.80181473685719,65.58391928168449
0.04479945336866531,0.1205662144348525,5,483.2825463724727,150.37636443697684,0.5885735448747095,75.68427018139008,196.3169732679121,0.4523932746828794,2.5883615430846048,3.14365179993171,21.123912234612316
0.03181048967114255,0.10235013502770435,7,350.5229212656426,102.9772535560596,0.5964809603903817,50.30737716902806,116.29560055511323,0.505202671750811,3.3248375575157794,4.518866493598529,27.5418967913053
0.02486544159397538,0.0918413115130131,3,316.06347403585164,114.79532760489484,0.7491427466749636,51.49449168206815,138.8986867309631,0.47674574868915587,2.4809571307534117,3.6511176187807926,64.20077625770831
0.022860111401057148,0.09509484452269544,3,316.94869717266727,90.78867080507364,0.8016314866737914,54.951952405306706,142.32233818328496,0.4758459515349496,4.12606920572066,5.080396871902642,63.158852897438095
0.04371613667030243,0.10624507135932548,4,408.8939444050488,91.02313403759658,0.6875490285954067,56.19575049417586,184.05718915401965,0.5251606473556546,1.6391596217310902,2.450570084347748,32.987875751329824
0.016077707029819508,0.056441394054366094,1,164.20470825706724,37.53675198623388,0.8583059492328552,39.89898443039994,91.7648070335604,0.23383069188574546,3.959555744922497,5.237784254236891,95.57973392653425
0.02550645892007271,0.0960581092594913,4,301.3201237329654,107.98072301248422,0.7557461872663238,39.52947498676372,109.74771474668886,0.36754866271469894,4.3284026572353875,5.5143316964084335,61.48222631764648
0.07995603789774919,0.13293130392784572,10,552.8700192805594,149.13508041329865,0.5452976534597327,79.0356288568101,221.14747457091676,0.7398053436612622,2.3901686875224826,3.4240142365695228,4.571264877473328
0.021392141888057794,0.08114910698513023,3,319.3493211611017,101.94024673938512,0.7973480277223962,31.123071906448672,83.25485665969386,0.34520633780523285,4.122234497774135,5.576625008191278,63.51513165286449
0.02799794590359591,0.08457154483043888,3,252.38354427018805,84.23756530776272,0.7031834357635354,34.59211373261916,99.7340272294753,0.429236968893251,2.250542252049969,3.2025624705018485,63.78198920947781
0.03706065832057964,0.11325993992408173,7,393.0416614442785,82.18821541456279,0.656213681942084,74.82856455301761,234.06788081900572,0.418315059677822,3.1279001694489397,4.408437923243604,22.53136537671032
0.012829368286018607,0.07905798236065915,1,174.54175774761984,56.056247550864704,0.889266713065988,22.835391539207485,74.06033773556959,0.31824829997777593,4.191208832877233,5.894732950381298,99.58760719584645
0.07969641614793921,0.14890154657782442,10,413.57941796882994,100.33416149882412,0.5133044816480852,93.80135854082204,278.2411972429838,0.7576513931952409,1.8681714816727155,2.5259503353662525,0.0
0.022228774161991427,0.08672203285734187,2,349.705343271007,128.37520039039944,0.7380272539805041,51.95104305695243,162.36496031529552,0.45636680822710385,2.6381848592988977,3.547025374367022,65.01688535450415
0.014249096120346673,0.0535034289486858,1,217.43357538410467,83.5590057489209,0.8564442109413065,26.715441725218035,80.0492201882485,0.28759077284226553,2.5861259551108597,3.120724666874365,96.60985630180544
0.02692975307431739,0.08352184302933785,3,330.75279383624195,114.59964093753621,0.7295163291991579,37.15461670618587,125.12138631077035,0.3172585747215447,2.034728168133259,2.633093741358468,65.74524537252252
0.0328215335177205,0.12864602576070583,6,398.9099922034744,125.92260944324431,0.6152081938632535,74.08749621835878,162.32323634955316,0.5650364864632709,2.2061930325426333,2.98002595066155,20.686546309383683
0.01582734833038279,0.06672068726829396,0,224.2574271868593,85.24944211708254,0.8912838777997429,23.481016594670354,50.12670619636599,0.35126981650130024,4.414322833413026,6.0752596294479115,96.94693332665716
0.02497204793572942,0.09971261023312145,4,211.9901259882669,62.366660144654354,0.7975379157741399,55.85298660768673,151.09578984629007,0.3915011377034678,4.292066077331164,5.24991128187319,66.07411984593199
0.015548257814753252,0.06070165757473581,0,181.72031659913847,60.15069141875239,0.8861147410072053,26.678432159281908,81.76201056922078,0.35422537699897183,3.163992785105708,3.8277116640354527,100.0
0.02241077128739041,0.08665130975832055,4,208.55113251446784,76.15549471964562,0.7962980926714677,45.26313714743001,99.07626765007959,0.334343523561772,4.0641486089563585,6.0076834231557354,73.15637449096754
0.034134647200561925,0.12377449577551722,6,426.5163567644248,152.98369410988528,0.5509951513710264,56.13930058270967,112.62394875573071,0.42906065669059595,2.2877954350293384,3.2208950037260267,20.866275920128487
0.039572369073387195,0.1278714664634472,4,490.4162701740962,166.1629433669092,0.6842619975987457,66.54581450665295,190.1254076569796,0.4320291737471736,2.5786573244792166,3.4870072355041026,30.768697641311423
0.03709217625185399,0.10155202809979505,7,361.13530549736544,121.726557562803,0.5683696305021089,63.774398316716855,145.42419627681085,0.5863514069509861,3.1875979725923815,4.067991543802344,22.691488808685786
0.023564251991167254,0.08295041478501476,3,214.61769753513155,84.49979343738894,0.7910683051712154,39.256064030428554,129.54554115768656,0.39688108632113084,3.418981284723418,4.577248265899395,65.05937744583974
0.03856257236897855,0.1074499530714636,6,316.6382612449727,65.28902158428807,0.5727266851086948,60.5592034179762,179.60669139971517,0.496371616894433,3.09846642130804,4.627928421439944,20.807682475178982
0.06967186145268899,0.1420017935522949,10,520.1174922482044,175.9875655585786,0.45851791525109287,70.46737349324515,246.11076340689425,0.6504307253952655,2.3951127363506286,3.2037962468554473,2.561267944552419
0.013435630154507033,0.05353470428182934,0,163.89107747983624,51.708233192957756,0.9144233309991429,25.965395391727636,60.85171250083006,0.24476320998205192,2.5520135833087854,3.3889504371555845,100.0
0.04353458396930877,0.11493398691055672,5,408.31771601294787,114.22744382066529,0.5581820637601479,77.88505624269304,225.78356151924078,0.6283242075809052,1.8773190293945874,2.7470089797653743,20.236065418092164
0.010593040189840917,0.05198328587498696,1,161.33559591927863,46.722874298542656,0.9419840062012809,25.782383753934468,56.824651627317564,0.28683899943284347,2.5020009069301814,3.0446698019645715,100.0
0.02492644788813617,0.08538656595712289,2,290.14121729773376,99.1477209919131,0.8127500014644194,43.31124342481694,91.03366304420145,0.3931798150551158,3.9269998876684085,5.684390601269623,65.78507102835482
0.04909592520285005,0.12073075521616367,6,381.8271938123835,109.00491505240663,0.6045526595793081,73.96808533065247,170.39017532767582,0.5006362618733187,2.063754469799104,2.513358988906151,19.49224627729886
0.01828831732020786,0.06102887391653752,1,198.40710939081256,54.433856002085584,0.947559103144112,33.90692296043709,115.54346252770029,0.37527477366582496,3.255835742607728,3.9514090626751943,100.0
0.04874827761454708,0.1269800137204875,5,380.1812083831716,78.44454464491874,0.603162762062826,54.01272233063908,131.28832825015775,0.6072855849617487,2.893818917352603,4.309434458573503,19.407407255621617
0.03613749901694545,0.11050079653365903,4,388.16938337751503,97.62196837897132,0.634806853450029,73.85458239034925,209.5368243279286,0.6632310947168241,3.393752663252112,4.142897481552593,31.75091323941958
0.04442982235529526,0.11488686213377917,5,422.26924252847033,109.67147366791443,0.6761216520758958,73.30775155170427,156.46404956180788,0.43389538022015717,1.799913255090727,2.4518800869509514,23.986124243803324
0.010997061746657712,0.07895701584427245,0,179.3600432076993,46.189735010399545,0.9194296258671936,25.535919438540795,51.15678988724639,0.20828753086813254,2.627717079964631,3.624501904417723,100.0
0.021884613018496132,0.08205740769881861,2,320.7990790314656,127.35540875882123,0.806611435753672,56.94215637226126,162.00086528727704,0.3272290821110452,3.2313162812736325,4.7101159085230195,74.25784666693416
0.03547376649609515,0.10568958460235704,6,388.6000071332434,141.95829226548776,0.6007935949165362,75.8025791141877,198.29930720693835,0.5299831775091556,2.8278782055874934,3.484670130310204,16.022215231569124
0.03024458848991743,0.12444241677325407,7,374.66449577838796,146.71550201634585,0.6928544912673513,57.84007258705416,164.03892952305577,0.6544245903493481,2.626437262098273,3.7167089553508856,21.75155265808289
0.02956069287651379,0.09947420335153163,2,204.4844603435828,44.756777826716736,0.793658658276721,32.89875466027301,74.08246054475968,0.3911906515220451,3.4979184698857084,4.837503985252658,79.5428745769585
0.013777962290825353,0.05699906961651904,0,176.94913559624118,55.03861680419706,0.9425465123773451,36.64004075125272,75.68241980047068,0.2079636742384432,3.898690993597212,5.498895564573376,100.0
0.027831092560941625,0.08952459375778175,3,263.9436860318994,66.84278956335379,0.8357287934490767,36.49862616535792,88.74341056003858,0.3954133000078442,3.4326078614600677,4.881051005934186,65.50529850152712
0.03168243871206874,0.1298539446779246,6,482.2635379925717,131.84009373250584,0.5569386662695114,69.55447066116731,217.7092953570074,0.4937506036012676,3.113705698377,4.2111459873440324,19.614974786446652
0.013423476175052209,0.05106317720995656,1,236.96242974959222,77.91243028866567,0.9083811549642573,29.120983201975125,58.61897518296613,0.39200783992853383,4.083629609655372,5.455060460289244,97.61264360362915
0.013305529894198835,0.05928317263224642,0,213.63791736218744,52.82864474053616,0.8828954174027035,34.2291504871185,78.42210042334656,0.3366047345465356,4.232301411434998,5.895272292947299,100.0
0.022957447062676325,0.09768722568153909,3,232.6486954738638,63.17193196637189,0.7637399517939073,41.340186832048644,118.18680217807751,0.4093182068395859,3.4910919099800606,4.754872006161211,65.31426728202612
0.03565874531310151,0.12282142306540463,7,315.253039842007,106.97273985263566,0.6258563271070299,53.176333021168084,114.64966178435682,0.4015295845209443,2.3709049911157027,3.066733956435178,33.49854206967772
0.010247297230489692,0.06904541842668806,2,217.6730663653484,77.94131774256742,0.8690648247311494,32.74685638643497,89.35106683962718,0.3547590067784663,4.255011936836775,6.356908736137349,95.27856723284685
0.02121763662537268,0.09420322996317212,3,233.733855022704,73.96325976333182,0.83488364993,46.28600930430714,121.19232379522661,0.37993513794692174,3.48738870900129,4.528427855409051,67.56986219472392
0.04524290739872166,0.11922932803013074,6,363.4453247409296,128.92755425999414,0.609151114247835,57.341764673804406,117.49568559509285,0.5917935123892871,1.6723503672801807,2.3310093429701495,22.97560030035703
0.028601519273162453,0.09386249230530207,2,312.3559655076466,113.51120233277436,0.7042853888987077,38.39803584216824,99.89405349244664,0.49679257030488144,2.978754311767472,3.8134759053055136,71.34671580820985
0.054404016176839515,0.14909032713474007,10,552.1279095151057,194.44289065777488,0.4920914773055773,84.33340464072747,230.73456391833915,0.6684067137659139,1.595399036659922,2.011642023521616,0.07367766194155245
0.037680168425768504,0.12031507913154864,7,395.9549638099105,156.0712334028201,0.5728302129964352,62.00899621550712,169.0901748561481,0.5320067569162841,3.3137680293384406,4.797067888287358,20.617687049673066
0.010206303221179817,0.0751283210130903,0,197.43347506348158,72.24126018216874,0.8952426952045159,24.856680619279288,64.88275737421242,0.3669337308205042,4.256369675949502,6.179843237221884,97.7137311657479
0.03562432682375186,0.10318373286937292,4,479.7509725148249,149.75615552227782,0.6364444927195191,58.16631510104612,185.03289275529062,0.5969622118749067,2.062442110825234,2.888815636744655,34.07684991808193
0.01855754831506112,0.05259484493081106,0,219.25798051769107,87.69711770152337,0.8666089239628769,31.316514318413688,96.01211695178532,0.27484322791778465,3.608315636937398,5.4007718613764,98.06900914236783
0.0768013200996781,0.1377802472484147,8,528.8325762391222,159.48248126366056,0.4780690097142648,87.32515897663325,182.78718283297778,0.6360553029067927,2.520015870945949,3.0948588644259494,3.6218143899092334
0.07673247433606403,0.14437937867219433,9,528.4293276398328,193.84947680994543,0.4628967351528475,93.86904319926624,294.40307359200284,0.6098843851410913,2.882529352027779,4.29213859276394,3.4407435732349647
0.039911334710719254,0.10495101920743077,5,438.90137879102093,163.24563068704504,0.6031898230133201,73.41532689066285,171.32464287310825,0.5020532725737261,3.465744861563235,4.984201548518738,15.320795753804108
0.029413460433488307,0.08375571862181598,2,303.23595429767306,94.05129095728034,0.7310776613844179,37.86542822029428,81.66231653882775,0.3016314049171974,2.2838342001809955,3.013214573058997,67.60498763515702
0.012571253431598015,0.051054887904141776,1,173.87955427144317,40.318608827603555,0.8750905466611992,33.6878819020507,114.01911488833382,0.26394928773995,3.1647342680761925,4.1635305481433456,97.95769951534773
0.01439165520179665,0.06949423148532613,2,186.71544321863104,57.50470394434533,0.9318930194712549,23.68067090957439,52.49816848247099,0.2930010207323353,3.225111724127423,4.086247733656378,98.26718031214676
0.0714693780364228,0.13869636963156584,9,477.10990521068646,151.6168485244314,0.48460437626160463,78.01944625016874,256.1839455705065,0.6064688932513876,3.248548304076383,4.710393409486112,3.913077068573462
0.03875505396886312,0.10467919243446,6,441.55496876260764,113.1283605893266,0.64499710680493,76.59643287730898,218.14075561359834,0.6171309699996307,1.570691390384151,2.0949709559098193,19.049093751997635
0.014277708880087683,0.05135570647793699,1,195.39170525783567,77.71840352210893,0.9102756038520995,32.868616043882234,91.33492607705816,0.3264698995029855,2.940984793139158,3.6459837503968706,100.0
0.028314800536998676,0.08337701951365985,2,274.1197679071367,77.25831040048577,0.8452240082100758,57.0090919887221,139.3590622859029,0.4143889236702022,2.6291822785651062,3.574274453381359,70.71218621834333
0.0394164265373872,0.11136300735751081,5,377.3619025838264,130.7523559121663,0.5586498366059698,78.71496633377622,241.54085173008582,0.6116196245085219,1.5583242208684973,2.322945878617259,17.081541090507056
0.01620436832341931,0.05784864184813264,0,151.1071413029518,55.937425944450574,0.8937842296989673,38.18094900869435,124.90860128423968,0.25807071507666224,3.6892192917687128,4.94488886387997,97.93428425409601
0.021820631703404023,0.09351827527402218,3,256.115826861342,56.90286416822659,0.7779179338467311,45.5304628268306,108.29315039890521,0.4393927861388908,4.1867355997353295,5.066496593704461,64.43786178287975
0.01398885792114138,0.056540552740105096,2,165.08025060197994,44.50445665668061,0.9324507277499785,33.40304942756581,87.18315917365955,0.31012252933921286,2.8282610583985557,3.6346740060897718,100.0
0.03925127417551396,0.12924779413621115,7,492.8698389322811,166.80819751608232,0.6509107232345622,52.13019754621505,152.84385569905595,0.675195918309081,2.187170750248441,3.1504533761217663,26.964567142783913
0.027719275068497275,0.0970428046276892,2,233.91765756574097,74.36283012523869,0.7965064252013491,49.892482533080305,165.06208107833564,0.4229044778697476,3.935177399831989,5.1452023362924955,76.46697738850519
0.046078967681355686,0.10010278961242197,5,420.4339360550645,129.78537623495893,0.5842378538030404,74.5731925271082,156.44147124211423,0.5285700353576855,1.998472687442949,2.8551404385364982,18.76592202308593
0.04379749914206847,0.1163572350985067,7,475.10417435485385,171.3282374988868,0.60539551338647,63.14316605263901,173.50932701489398,0.4642585288424012,1.9718774297271968,2.457851297367965,24.957509409534744
0.053426436569689,0.1452367207303747,8,570.0039196051212,175.01380308648578,0.4954491518977642,89.68255042864837,286.00506044579066,0.7530576728649407,2.5261413017310494,3.644243206048067,0.2545444993873991
0.07464045276101319,0.1316534156676832,8,401.3792377960507,151.249325699844,0.4364601191790385,95.04382420627084,242.82863583383673,0.76193785040921,2.879657589639552,3.854514400864086,0.0
0.05591901715500136,0.13967192233031112,7,569.2438438514126,195.36433422303014,0.5260563641724015,72.9031771691512,149.68049461598346,0.7067599256162047,2.154661181013192,3.003584213527369,0.0
0.013157763522958643,0.051717870662066574,2,191.54770957122048,44.65613593067108,0.9443521148104478,37.36379636160649,117.38968611611485,0.3788957852657935,4.084063557462565,5.171835072527221,96.9031296404824
0.02266173055375103,0.09210364884651019,3,328.9704094215192,79.07644535121815,0.7930399720992739,38.60874483230034,124.28591000431936,0.3279906686685226,4.485554678469638,6.707278242443693,64.67519679694463
0.024747339968275807,0.09594067398921681,4,319.2106824373343,94.49433913818295,0.7993009595758447,31.185341695805032,85.42403456245485,0.48511989275545614,4.177907723417483,6.054463081385856,64.9065156278461
0.036909585820752114,0.11798397785876687,4,445.1268512495871,155.8300339535664,0.5913668132947879,79.10173913915195,263.200827334442,0.5605506573350932,2.8625441337213413,4.286429053239032,29.95529093714285
0.07251899162792279,0.14696647284122702,8,597.8035960962812,144.80207926639952,0.4491572180379609,79.00164435159739,274.8151911299039,0.706096379135713,3.4696320076513003,5.20439900922126,0.0
0.04799437534973633,0.11146267006202405,6,359.49140187884996,114.20196644548487,0.574301757662068,64.02879608972526,174.67049095226946,0.6430300094865994,3.246855418214283,4.273387521989634,17.941701096269448
0.03279193581758787,0.11616724480954382,7,375.2819257378052,131.0526339049791,0.5891830225837291,75.45302104675348,163.42926378091195,0.483196059159799,2.1235015549172083,3.16785431762881,16.160329687187335
0.02512799716966416,0.08040216892195129,3,295.3907002343136,80.77253410673197,0.7794898674807356,32.307518046700146,95.90998498757662,0.38281689014111026,4.101468216182463,5.79941311127853,64.19763875424837
0.015370245658610544,0.0629718685975018,1,160.09917049454674,61.6687091232996,0.899588654035202,28.997323499962654,101.088563333973,0.2517965098471157,3.6674336215470316,5.09848894127292,98.89665580259826
0.035643398137088785,0.1178483452746084,4,488.8527543741914,107.32413559882633,0.6993845934359857,59.166930131752636,166.5640132526632,0.5665094540392274,3.0199527882345834,3.69079908664666,37.14117178151603
0.020704741269987427,0.09213740942619061,3,210.92925890270442,50.865026369032655,0.732930197193181,37.98663978283927,109.12424929852268,0.4718908868447558,1.998273576502385,2.8082470971059577,65.75860744680558
0.04248447402923485,0.1242425308511495,5,471.7685248902892,167.459613756319,0.671730798630683,68.63515445931442,152.96945327871168,0.6974279141789381,2.8547341041463943,4.187672374315356,15.810573861476186
0.022137021617130895,0.08871821838886541,2,232.60602786523222,83.02403274525005,0.8481152237698828,43.07515488895792,106.01280187230334,0.4660371210792339,3.8171614404701524,5.127959490985062,77.43828006899366
0.03623133980688132,0.12492665222955732,4,343.54020822430635,117.87984027386577,0.6468589774072899,75.43656339253259,154.1249309293927,0.5370647025825371,1.858480239651832,2.356986495317374,33.72769275803581
0.01777648418629082,0.07055030077515549,2,191.1865613951889,64.05356262124991,0.8955650271991865,31.1551690089017,104.73946201783355,0.2531077400197858,3.6880390995209607,5.045651048168859,100.0
0.013407194886131402,0.05667117300496303,0,182.1365298138439,53.304677500621054,0.9217383541920321,36.63242347122291,106.75641094393373,0.2624193076480153,3.5829052869057296,4.480293166657999,99.5178983829178
0.017924620836487593,0.05553846538291942,1,214.59579592017008,67.30555251842131,0.8750793693268416,34.27368768407158,84.57026585229289,0.2821214339339847,4.132085844202594,5.253366952740383,100.0
0.01239815303135486,0.07449700074114436,0,233.2313028904087,83.30512850994327,0.8883912551020815,20.74290376675687,44.828251494868965,0.36519196107770246,3.4618671679777284,4.830667293574007,97.00203587023752
0.05035289436860684,0.147083883093113,8,421.6540000108875,87.73476698557876,0.5457843681056155,75.66280202568672,190.91515216531093,0.7759976824017257,2.551324433098679,3.7661960035904105,3.823023180639874
0.035777143586875976,0.10483434200096887,5,396.3937971821633,79.7453285971788,0.6572682868457952,53.71104969981453,135.93043693598312,0.6673149194127267,2.3959205402237456,3.227788796828263,18.127195582771655
0.021960680945987875,0.09571586896474331,3,219.8753353560138,79.12553666029893,0.7276382952774239,56.5306608531084,122.62340255267432,0.4337080214616725,2.56435442802702,3.7851107021531996,66.73113244820908
0.06834329833986286,0.14155185541705662,7,595.5038037200644,134.73226287469603,0.4503281738334301,95.47449364404957,202.50582874822706,0.7440065639293563,3.012345330220453,4.242411667680795,0.4270183251662385
0.029559421028663768,0.08211197425561831,3,316.38907726294235,64.38265409455097,0.8241836838615426,44.317332620479384,93.39339796392042,0.3789065561698048,3.81036668008869,5.098852341374209,62.59460583670042
0.029272274485903402,0.08573598672964956,4,265.073466778353,95.64248884856582,0.7822045881929481,37.06614339690327,99.58609086448651,0.4336055486280278,3.3976167896344664,4.963338475686149,60.6682302252039
0.019272657988868066,0.07987126245678257,1,188.32625081728668,62.95549679316912,0.8911055155911334,22.099401347335544,46.04889582254951,0.317914278218833,3.346218428415699,4.420053429337705,99.80157814148166
0.028718392852543833,0.08273793604787588,2,303.1188324681261,66.89077941298882,0.7153275824880373,58.78400632204702,147.8800894280962,0.47131019501336185,1.8356527996448788,2.2662317209254645,66.4693721939461
0.06437793537506202,0.14094082016939916,9,444.6150276733271,104.24685458543965,0.5482639506585241,71.74558143527125,206.67378985568743,0.7305410008995133,1.7112977355552583,2.4157834389831288,3.1666556038372082
0.04843280044631951,0.11821833274355124,7,374.9298693582938,144.55514813274505,0.67286876284775,66.56844390395833,149.30741101284795,0.693747309856437,3.32352191340395,4.178237499639873,16.922036786602455
0.028703840016166066,0.0980746605854236,3,202.33706244702594,53.344573116657216,0.8151771573672076,34.56528458758246,101.14091906341888,0.4760788442242735,2.981379186577681,4.254386531579694,71.1290347657695
0.015664724067978694,0.06648301883994814,1,241.90895838499264,68.67724506058707,0.9100689273506647,31.449356952198716,107.56615654363405,0.3986199749643907,2.5204794704556575,3.5578451372458115,97.44177368222942
0.041964089109914844,0.12457604895579255,6,336.5024804362525,111.66305060538299,0.6106290729675984,56.98765796798847,168.5780970008707,0.47031235060267623,3.1888792176038154,4.6864188164800336,34.99810017230885
0.01532208663270792,0.0668394351514732,1,205.845030312321,41.509029158213764,0.8542046479699467,24.897794483451925,61.584512120265344,0.30368796493271527,4.3485627204946855,6.081696557118866,100.0
0.03314982586687664,0.11044545702002581,6,389.58761650301875,99.75116749870905,0.5830796246750561,52.282726217354806,158.32085639652524,0.5367734838086841,2.5019041374340807,3.1734408889904286,19.223750521924554
0.04911590785932412,0.10452518322268843,6,431.31262378434616,123.57405114613702,0.6305874929520893,50.05895516224013,150.20681062398043,0.6187070042338142,1.8684064543408054,2.801736999191743,27.572727290741053
0.0703888822411327,0.13716022500948535,7,567.5522389169395,170.6420409755739,0.4952014112155817,81.24848025841644,167.4351091476712,0.7113708435837062,3.3734423587425497,4.3208736650656245,4.263593376486845
0.06916756526964572,0.14143226450986932,10,416.94784225037694,136.32441948251113,0.4470682806664475,79.79402708289837,244.56582296963464,0.7593817547414866,1.6460007759480402,2.0884445264322764,0.0
0.05380327631134625,0.13052937003342213,7,467.40516570383244,186.4049387806763,0.48587341514196564,85.69260984442846,250.02135772226572,0.6151554338300589,2.9276820169198796,4.173958964022668,0.0
0.013942664072980056,0.05412640464848678,1,224.9690946257461,87.96312288635231,0.8742773195294726,33.82560739059301,115.32323473267115,0.2721843912140746,3.583881589834346,5.332420210597955,100.0
0.043348942400190174,0.12076473839612915,6,400.9311571789066,135.9222268568361,0.6432023394332839,58.69557817777829,162.8429587475316,0.5920268291417798,2.588719171872155,3.1315133249201645,19.71475621830863
0.04165340577147714,0.11630506016854214,7,482.6903901003931,146.7116021719591,0.5868913948793167,50.60443790102513,127.24058329260379,0.46916909765523246,3.1366094631353407,4.680379986131206,27.072424233043126
0.025415334809364806,0.08571111250235486,3,295.4095491590018,99.33826766859256,0.7709763691734466,38.624845935975145,115.8555198783499,0.4463518884820186,4.466374537253001,6.354543033182497,69.97084107468794
0.011719110513879638,0.0763808634382198,0,159.01453892333495,55.49368932189507,0.8630525968010838,35.15932518564913,111.396040104405,0.2654796536611225,4.086562852062732,5.849319826163569,100.0
0.02519182583110409,0.09381728851313657,3,232.52813976102212,54.74356246509403,0.8011947811935937,40.564362315662756,86.00254445526079,0.41752352024861494,3.2058667495036635,4.354259067982746,67.98118314096308
0.011570776356234465,0.062300929553709715,2,202.35873772347935,60.09837933925758,0.916924103221009,23.14874018259468,73.4033857006472,0.27318465920505103,3.9191935906719904,4.819347380190921,98.45372166138156
0.02339941654957686,0.09953945695089511,2,295.5687066900359,115.31112751903322,0.8071321791920801,55.725967938651394,194.20437434344268,0.4738517326063321,4.286527856760831,5.563269330869148,71.55631259295912
0.022770551352993423,0.08728459640375245,3,279.8278064834678,79.43383445491064,0.8468847690380839,58.307671164207676,180.45417963811252,0.45604819521731405,2.8989488967940433,3.8229592709354985,69.34725530286293
0.047368502516652894,0.1281588299003281,6,439.0375039851708,140.34072844173582,0.6697479466702241,65.12641773868317,149.44935778309318,0.453738311949888,3.4785355816489556,4.740799788674977,22.717979666642417
0.03002281016518589,0.11129550446078675,4,313.6746056650062,81.01520976792006,0.604101355701859,72.94159233488516,196.47363289882196,0.6858159520223465,2.3893405840311894,3.1285180161560313,29.897168645406367
0.02188769900195655,0.09339537292825069,3,222.05850550000147,65.15241502854316,0.7149543460426045,33.5001238579165,113.68900182634397,0.4662063777077461,2.2825433661397545,2.964634799751131,73.46906382931606
0.037851151425592415,0.11519005746293208,6,408.92435914340444,83.08988858127573,0.5874892879551051,63.76863830198182,153.52051222652744,0.47550177943624955,3.480204422852946,4.489920897856376,20.24336462088604
0.026592971922114378,0.09420753587966807,2,226.2822894995063,54.01503425655692,0.8218653780867993,46.4527843150372,160.9917889362204,0.3832411692070466,4.259310513672975,6.224881403710443,70.32840085913098
0.01141567785718855,0.07827926143624218,0,158.98720038367273,58.911737968811934,0.8662150490573592,32.23946622678459,93.56647650221966,0.29423786027983206,2.6888676395026514,3.3108395832256687,96.8558800672822
0.02853748132275386,0.09188396696395558,2,305.0023248724491,69.94609823134952,0.7450373008233656,37.49026556920867,80.10928255213743,0.4089221549843468,2.7038856785494465,4.036342052238992,72.57543200534506
0.010578632418647115,0.06187672641916777,0,228.3535818752528,83.6635916514688,0.8827005874351739,37.81445928548577,88.82311327857867,0.327536232628578,2.7943150004334663,3.4638526183196614,100.0
0.032445483471195226,0.12730070606903401,5,339.7842836422357,75.64039495542691,0.6951229504808119,63.33240551371173,216.5404879590704,0.6388899527513464,2.6576417219101085,3.853942667960671,23.2260262827558
0.024967718554129444,0.08159732951944183,3,230.59741452711842,71.20200374617136,0.7205151403925583,48.92567820467776,114.16813782744819,0.38219288999818923,1.8508851823396362,2.525547512163786,67.0375143027847
0.023881369654090802,0.08592307306705967,3,252.84848532888697,77.1480284654133,0.7387908614781489,53.06382799010415,136.00543646890927,0.4327492491022462,2.486238784130208,3.680761271446994,60.28106662417379
0.022847755729958938,0.08535302950339613,4,334.41410622778176,88.3247112729446,0.7786061385572659,35.34390387737172,94.64638900529549,0.4376811029791176,4.259245291125355,5.547420788354864,66.70356055850819
0.019512082989631915,0.07614021440665068,0,217.5515236655896,56.36190488671492,0.8868101519446652,29.972191269006515,83.63993510798927,0.31873691497197426,3.4927713277636743,4.248059405848806,100.0
0.02348720301251278,0.09556987376805404,2,248.9922188931084,57.579698936645,0.8353071691501538,48.798619392176974,135.4138126335348,0.48934963284045635,3.666849125091502,4.596369762399538,76.03419171447477
0.016476565411024994,0.05218952463102264,1,150.11653808727038,58.30055836821085,0.893878828534431,30.60322060251242,62.090637974352184,0.35383118889948617,3.893931126694873,5.619485784028445,97.8154000769761
0.02836399265091798,0.08001469382475317,3,205.7173352455953,72.77811203261945,0.8097051275792626,38.89260056660669,133.38497574994156,0.3175839333187014,3.7521480119473014,5.2085116829786,69.25997722065398
0.0273379747222517,0.09174791302968666,3,202.1594535981629,78.97618111156433,0.7080955130778381,51.62557867931211,130.55627188259956,0.465372470351153,1.5011316040125287,1.9786850455833174,72.01764483810291
0.027319907511707427,0.08018813146298644,4,259.96811240239055,98.51318853544943,0.7929738049499394,55.30659158560054,137.22246217756737,0.45915700134423165,3.3858009814562466,4.312345202713144,68.29697897924106
0.018995938976281396,0.05775280564310834,1,208.79700780490703,80.66868003059936,0.8643751706066267,20.4603200717726,62.70628505610491,0.2654078669483047,3.167709634148732,4.31210720548161,95.35112493655498
0.02011601303988771,0.08558891847623125,3,218.31606322191888,69.97722228850095,0.7948553618604669,38.81751813075362,118.37192368543803,0.4554078575768821,4.486208357743978,6.320945421739762,69.28049881937116
0.052038164800472575,0.13202228294701793,10,584.2360197126661,198.48561013237304,0.4028128033637759,95.91254643292184,230.83396784274834,0.6787178087785136,1.7264037912340875,2.0914182200693787,2.913311935037398
0.023861388287232266,0.0845619404866028,2,203.0987998846735,57.58191514133178,0.8280414628135639,42.22450638279222,99.28670871952097,0.3675331668358606,2.537968314860788,3.508943536850352,76.44017893088416
0.02429158277105207,0.08304668609461763,3,299.9260350714887,65.1978560258456,0.7355916890573742,39.675653430652076,94.08520126197426,0.30638394984508033,3.45760787327102,4.3759427980798575,65.94998688439546
0.034166674028979244,0.12442687413830592,4,336.17578714092804,107.41162684350915,0.6381414301790271,56.165324063411866,165.77010799403297,0.5247276340111544,1.7358239344285278,2.5431950263998147,39.555131294399956
0.020317089081774615,0.08300541633161383,2,343.38906788507916,124.13457300173751,0.7012525402489014,44.041866650505014,134.02106428702868,0.36816472510009407,2.462456215171935,3.0421575651263755,67.14705966221221
0.05183412879827581,0.13069378734693568,9,585.1199677278515,149.30441119327818,0.41818748602334377,83.4983020080047,177.87128835963188,0.7721294902159072,2.266388184503942,3.18468060865964,0.0
0.024389927583248427,0.09814761536299751,3,208.13754903117763,54.435008499568006,0.76627417897847,30.644672388194284,90.64760480150868,0.47482034953138463,3.8635322682516717,5.152595935192516,66.95716002101437
0.02959122770295041,0.08327040837671308,2,202.18542616362606,41.91526001534592,0.7863521792300576,32.848788616723056,92.42366209888613,0.39687595401538034,3.2412534788997975,3.90753503237663,71.138440755332
0.028170767463829738,0.08061489928505086,2,289.2257507884408,81.9452863358587,0.8368614399464022,41.69948630683326,85.03970961972989,0.476905671790004,4.485348839741357,5.492014982314401,68.19048001226743
0.05396309691394699,0.13553493435470237,9,429.2892902886565,124.01860451217294,0.45071457742101023,74.09739185139699,187.63223823173865,0.775398467573371,2.8435610963199682,3.9442163138214403,0.4098590702653637
0.015565947515909588,0.056635693281063125,2,184.54563807658334,43.24312170556121,0.8920031336131607,22.023423340373554,48.1924905952514,0.31341825006685897,2.5519593307089905,3.089696613760689,100.0
0.024829955934472882,0.09961898066742929,4,284.18512298365465,91.16292807438411,0.7506197381241172,40.85566800155501,100.33763384594877,0.4246620062068411,3.9736095278387404,4.968910712219677,68.91097895477235
0.024927618392236426,0.09974219495590578,2,312.70262969413574,78.6219299842696,0.8184365422967348,53.947834273267446,129.01486013561936,0.3406937405890636,3.7097532960548847,5.3853125759911284,68.3705044183234
0.04238135541848409,0.1080563790217483,4,430.5635018070202,90.48632690178749,0.5696170965032706,70.22388666738182,239.72733615836572,0.5391422678307726,1.855113225226264,2.421181830431062,25.167509792406506
0.0347737147167202,0.1292775802073068,6,303.1872382086499,62.81351548464956,0.6840557813568741,64.67412403960557,151.95957307323118,0.4303482125409834,2.154074294718286,2.6692599625319335,21.401744469489266
0.07314024833674763,0.14461419808001902,7,496.0100306413693,100.99773140230938,0.45857975303131376,93.90755218977401,285.9382040509656,0.6236217582469648,2.2635171995706598,3.08122340559441,4.434453771884456
0.03912942822316043,0.12391145129404312,7,337.7730011602637,95.53443143176088,0.5955553768337228,76.34482857001561,176.8794103601595,0.5554526300213429,1.7351651993306245,2.5172626917892695,25.680154268028144
0.015229362932620455,0.0790859160847593,2,176.03259715693005,47.63568484185724,0.8845257005495503,37.36049019601374,113.86857190444415,0.27909920149284123,3.1564875434737703,3.9717340780830224,100.0
0.02033240672401678,0.0840521833055982,3,343.62306794957175,115.61301332249519,0.7111260277845498,41.4426170224537,129.9411416983318,0.3540292327275046,3.367451181339427,4.642400922839087,69.8535078619824
0.022477242240110662,0.08876505981201778,3,247.75182373330597,79.5390358929569,0.7970021580391594,42.617714744903964,112.45157029428658,0.32702012348801013,3.3550561449824565,4.8519106552776945,70.84301224092539
0.026556455571796953,0.09541586010932347,2,249.23858663235575,71.49430721244251,0.7170715040579364,35.27919065771711,71.02789324495136,0.46630514401668877,3.15621005642359,4.661823981779224,72.94037118583188
0.026480034606658806,0.09809761732831677,2,302.69984562333156,118.8682115913259,0.7911366054823535,49.230818422311415,162.2534118509295,0.31491819241906743,4.0753343390223336,5.568467013778566,69.44491845095988
0.022476213648977048,0.08625864780907394,2,253.50659774638552,89.43694475117925,0.7873061289158457,39.709899664725334,125.89671741888822,0.39721184296731676,3.366670667002164,4.136675552439373,67.73746030775932
0.022917397103478482,0.09011645349096672,4,335.8226562991055,84.54118437062856,0.7292475215074197,41.76874124248635,133.85029317627414,0.4127418423354286,1.921868713386537,2.400207720777605,60.00348813055882
0.01583102945173717,0.05901501773351248,2,151.20817617655504,48.941795525626134,0.8876033978307828,36.352476104519326,93.69827346823853,0.28945574315352723,3.244893654164075,4.423943370107128,100.0
0.05161947012692326,0.13251989137896705,8,491.52610759434674,191.90705532828775,0.4024443023330605,96.32088345989332,280.4387122140189,0.793400843583577,3.1387149557742635,4.077356440676319,0.0
0.03547805235504973,0.12329197011541015,5,485.48975161449204,186.1808698691192,0.5822856377320539,53.19314190706416,127.57294877413146,0.4629075979985525,2.9353956847900626,3.6712892087796654,20.08968230248675
0.049829461935482704,0.10331213118895954,4,398.52213694845705,112.16072038259529,0.5633965635136478,69.69542794245729,191.4285033316467,0.5861584555870238,3.4810173528547157,4.231606844415041,25.209825557236485
0.03797008521083964,0.12746538115140077,6,429.46437965295104,139.6338584808349,0.6940063331773834,65.57766263131838,149.93682163249898,0.4360765326029934,1.888449424675966,2.34377000786594,17.395046390440925
0.025139212737560097,0.08054551429699275,4,293.4994843763364,89.99402978644908,0.8201365567769257,57.131873528126796,146.38241936338318,0.41340780422234347,2.8878989979634255,3.7199345955140006,60.391826828286426
0.020131116913141817,0.09403194851770505,2,317.36687982241415,109.1953526138147,0.7680300625735856,37.84244200824198,128.7720445190438,0.3704043139532384,2.650525410821519,3.289431065136908,73.40392343551947
0.02899925124253441,0.09796094089331461,3,301.0237649892955,111.59241206052621,0.726340681277234,44.15184129713383,92.42746830571038,0.3870410089225817,3.170259178185315,4.688684446745982,61.51771397924761
0.05167270949000983,0.13209980139409674,9,445.7529001047633,105.43286400058237,0.5486058198494869,72.77476424795776,234.00097054924998,0.7820325662574186,1.9386792146713487,2.5960025520431733,1.2258580870036007
0.021493422343354093,0.09636639568926943,2,244.51384183661605,72.56808709378697,0.7500368265140911,59.73268775829275,139.50986354304362,0.38026334458133654,3.9511127284805023,5.553305340444146,79.40747999835287
0.07605445323595188,0.13355351089923836,9,507.6015497490526,105.7414533088754,0.41705979855785924,87.93778824161838,273.4354859845685,0.6147829498739814,3.093008427519816,4.295132670585906,3.2612552374764525
0.06860273727124769,0.14799279294395282,10,427.86010108945857,121.46328012780297,0.4262093854691002,94.67657932866766,290.9806291257646,0.7430090480087413,3.3669261981896454,4.521363144121005,0.0
0.04587020780239803,0.11275636917010841,7,311.9145055340812,98.55141539470635,0.5676983236721169,62.47035213016215,188.49560976664984,0.6092854595476548,3.3240257121990537,4.892893255251549,19.935979338317146
0.027953012932718534,0.08179308211718003,2,240.97788800287054,49.54842679170249,0.8189455307955431,43.50792799640264,138.54758438022512,0.44314623856884217,3.184832280133569,3.8902068275803487,77.4191178675973
0.013681016944180184,0.06863094649202921,0,211.3050949606188,47.809833597365106,0.9394649553859666,38.74350350365692,108.22447871531783,0.2473807255302475,3.729284058656267,5.519488279979808,100.0
0.014285058848716312,0.07801299553750415,2,166.93551481912203,46.72971214578379,0.9195779531583204,20.199767506757617,64.20600466016116,0.37058127041120215,3.3700719605672695,4.088736752783761,100.0
0.0702436463438813,0.14407372910309205,9,459.584431345428,100.78533655618585,0.5032894611882491,71.39904791245431,207.74370751999376,0.6793048242235373,3.2319101449958225,4.6820061256616645,4.804421768893368
0.025659292916430546,0.08104891474315273,4,284.7848817260823,94.59861044750295,0.7491489549293713,49.12293969062408,156.9105536973151,0.35754822002729125,2.9694328501455938,3.8192511616172165,67.9785196841492
0.01940687821263234,0.069646187852316,0,223.27236212410114,76.84604730428907,0.8853939221500746,26.800142362998457,60.53053380782607,0.3605053304831816,3.161350317093529,4.582779161021755,100.0
0.05912406248687406,0.13029164950810865,8,411.6580660295622,100.08150883537009,0.4247387196914414,72.96971047347793,233.30021139123482,0.6191184608328543,1.6033316127947297,2.057986974799451,0.0
0.023006438419303273,0.08991902548046332,4,285.65771849606585,72.58365508769597,0.8137313045868076,44.99256875443814,95.47326339043585,0.40351341767048843,3.694948332358371,4.529991067097587,67.0364941020068
0.07315138376064488,0.14063915631752252,10,531.1920095607112,144.4345568553452,0.4250381208446245,97.1695981846862,331.63172670424353,0.7708769517782261,3.325763853343534,4.240267243229745,0.0
0.049626419378580644,0.12878048720568028,5,378.58694832154055,146.25656008658842,0.6609704436907209,60.148535624267204,145.66567301419505,0.5517484248731261,3.1526923531048476,4.03943892176509,16.11483105073984
0.025075106693370038,0.09837845170839786,3,245.7753140812494,63.47013879854474,0.8462008276478508,37.949371481105786,79.83449554661308,0.3825984396157183,3.887566105746776,4.892107195845238,66.70539007277374
0.0276933623055357,0.09199370920272049,3,325.0061809886687,87.99990755412529,0.7026008694763874,36.999650860395626,116.40990254649071,0.33854663719418254,2.312363084420247,3.292394870128222,63.000931253905215
0.01683827839899791,0.07225308120975318,1,198.30879867002605,76.06764583259229,0.9062312944131419,32.50879779920148,108.48084153895014,0.3500446261314757,4.1087687507455755,4.97402522325748,100.0
0.01688518321160269,0.07314212595951212,0,229.11159353812906,79.1198915800275,0.873054817740896,23.042461403149336,57.79867537384351,0.37302790238973027,3.805578476879186,4.926793558076991,100.0
0.02509634123117359,0.08326260992982727,2,252.45124325388895,83.25425525731717,0.717061380431763,51.868683679372175,161.34867899689283,0.4767476811113913,3.104303559442884,3.989809579194558,72.54785809457107
0.012078808598076736,0.0521257319440033,2,164.8632944945272,52.03336578410479,0.9294915918480684,36.46674778650256,79.30590583793872,0.2179095226209238,2.602539889225307,3.7268805045705626,100.0
0.030094571372638608,0.1193548959712191,5,387.0510178061438,89.9063945205339,0.5769161146262988,63.870506398033804,183.90841285861666,0.5197535391566358,3.241800665357064,4.640295478137162,22.392584731498516
0.0334906539441112,0.11665277264687147,6,320.96487661888256,70.06197301244366,0.6607760980451295,59.7626755391761,125.78132841397725,0.507469899456992,1.5988016913718806,1.981865682072961,26.209589992459893
0.026201175409110853,0.09050539036219382,2,311.911024152048,92.68556227641574,0.7945862906471868,48.46729058573189,105.5731926373796,0.4986496931331219,4.431597740406895,5.851973931510243,69.63403806444238
0.02163244164348866,0.08704640148706633,2,241.8412858970115,81.27700261849553,0.8229558224736073,56.97550847370357,178.87641925952076,0.33708926756399055,3.076144053693004,4.011396241216217,78.76606521128092
0.03824310801055803,0.11876423132194616,4,325.9182750650184,88.66037044605008,0.5616728554809945,51.44335865638418,136.18050809154258,0.5318021140144127,2.8701948446377243,3.467532701426947,39.06320113646836
0.07823168127996848,0.14124109122459017,7,407.3021722011074,119.16963376658694,0.4338871986331716,91.99476966291408,213.82901256112132,0.7474330173983894,3.3320108264747024,4.247938561711024,0.0
0.049121177463380926,0.11108746279259597,7,312.4415246208888,71.48816348415683,0.6182579227747913,52.859092988450655,163.40492261860246,0.40753514587786577,3.081026653081332,4.113973647782917,31.05340342413653
0.02456510646363878,0.08669287918522264,4,310.1061107083445,67.89512848344603,0.748073513440451,52.962395390690574,167.79742184198693,0.4943340633492104,3.272224669577522,4.0055553340043035,67.64475740803996
0.023746187843260606,0.08889243139163583,2,229.65162486888335,62.549327951283,0.823006338587349,39.36717772899275,99.1804531757692,0.3432381999804519,4.0829644341010445,6.026887219435974,79.64543185775142
0.02433994417301563,0.09400359076447617,4,266.9810404133318,102.78879806344828,0.7887453755570472,39.608789749622396,109.68698039317671,0.40577022298049564,3.060490158047074,3.9500064961604964,65.47699535630107
0.049296071732982255,0.10624849699806944,5,378.43989159127307,85.89795416603293,0.6661899657793232,74.76992046439291,180.0116509271975,0.4234856127053448,2.6905039525434407,3.866840086734613,17.971319084086915
0.06848981832643578,0.13972150530395783,8,595.265150599606,212.58001608693746,0.4434637965570897,98.11960304535722,293.7241870454127,0.7974639510746389,3.4966546838572565,4.343333037932439,0.8080513396463562
0.021005914687044637,0.08573082619354437,3,224.87282061361248,73.62305860833386,0.8096000971494756,38.94670317559833,109.04538013964361,0.32071522708125394,2.60579020788362,3.620692044122409,71.49245818222614
0.021275190350756718,0.08295268792998942,2,255.01217311759203,58.368480327073556,0.8130755186071535,39.70808935636626,109.77956552643195,0.3731224008082025,3.6368111050761116,5.054163346524599,66.48047613143092
0.02541193547351385,0.09877661608488018,3,257.0835908937357,99.4803003271405,0.7345282760279398,44.10841702114446,101.80475311820338,0.38938093919363864,2.9448967338894585,3.9167215312268815,61.849246169223086
0.02552357533427488,0.09284244499884978,2,302.98575443634314,80.37805578023737,0.7907387610954475,35.67878166836085,90.05398082714441,0.42893506909457857,3.9255104545011292,5.786058085281366,68.54188530476934
0.029220351729088278,0.09650848332418549,4,291.5240192489156,78.8914979419958,0.735357833120053,49.75386503343745,111.89553935964818,0.36074107945713335,3.149687245405331,3.953150983349761,63.563979030388694
0.013568347515275903,0.05974961982799527,2,175.50023795027423,45.42151487847054,0.9341908863482421,36.46025793675409,82.75329907458628,0.2179420067324748,2.6291299635147425,3.1721366267186477,98.47020832637773
0.023843393428982843,0.09948194505368003,2,329.31020463437,128.33035404428625,0.8215640117709958,59.01819589305752,125.67538767165141,0.4340611915944431,3.791544400600766,5.3438495448817696,67.75352022583779
0.06682568750114877,0.13043678674646322,9,534.8176807187023,118.32842064713495,0.5492182301035226,93.82552661402168,236.85959557385243,0.7467729399915584,2.057234765822078,2.723175211237577,0.0
0.021456168172604588,0.08982306454304652,4,252.48896405874436,85.94338656481926,0.8175200661638181,38.29413855550782,83.067112422096,0.3335671188105342,2.8214379797421847,3.7309343661726837,60.960947828060064
0.07650124402608682,0.14983387470206772,7,495.1308426251686,165.60859391837008,0.4365129212398872,70.12775390520484,185.38769151575025,0.6595445198001488,2.789923448805309,3.5970109896568996,0.0
0.0441075584959179,0.10426392436813031,6,306.8935443716248,117.81002337364346,0.6570040155466161,58.091872377702266,154.19183183739952,0.4259922098384164,1.7279071875865077,2.4424949665899165,26.604276218918717
0.0299167914237541,0.08815928125474565,4,274.2360734943381,79.13966123077904,0.7344539116580117,43.08066436925044,131.19917760926845,0.4646535923911316,1.6911783941005545,2.263341839671578,66.84365070862462
0.02952871898434605,0.08353295334480632,2,303.7437305562672,67.20056353281923,0.7085768630638427,52.07520808128249,144.23735221584505,0.46685127350938066,3.2272029857833706,3.9363031456716917,66.17271775782636
0.036790026574010856,0.12014617881787526,5,464.53581417751775,96.56927341904372,0.6653706910219416,62.1651598766946,145.31710398555734,0.6693143687434806,2.9678274829856,4.025996911591163,13.311866772462485
0.02417064558453448,0.08714506486698204,4,255.97840603880255,64.5897680552533,0.7414513705156596,37.59352718033465,95.00513639165443,0.41504760506313915,1.8975398396674694,2.4025114812139274,62.00541515363021
0.020050883731318185,0.08061151910137027,2,280.1999550391268,72.99634863507899,0.833663360011919,35.64336978068546,101.88753037593432,0.4159529625792452,3.4517527380912454,4.404304338590409,74.38112162833649
0.026410458839531015,0.09159884547291444,4,209.98133677885372,45.69095472783821,0.756264473678945,48.810983887311394,131.2910503853763,0.38896702868673444,4.169773822087587,5.189485814573567,74.56683482878552
0.041878729798749674,0.10135750949315313,7,427.91335657851874,95.24089252949982,0.5831495254789115,65.56663205146945,208.21808620478038,0.4720927194500875,3.4749763497412833,5.175637908137544,19.907821130604002
0.024888584117739185,0.09601310340602906,2,248.6153447467811,95.63625342241593,0.8135239617766789,31.864558124232286,109.61658441448317,0.3874989111728383,2.8569613766697546,3.505773033259176,78.39962166507925
0.015387092166836085,0.0572805420046379,1,214.59141779854127,67.76766779642998,0.885435317256024,30.4133307277663,90.99949087549918,0.21289536361345426,4.15763634710504,5.47035203784889,100.0
0.07907319110383249,0.14404820058597362,9,515.7392143147091,158.55059598878321,0.45326083386435745,90.07980115124822,218.34766690669275,0.7639438164010455,2.450688068886765,3.1697215587929093,0.0
0.026427837678841316,0.08376609744073661,3,300.8085072938199,100.4517148892767,0.812943261953018,50.3863223957963,171.921969343564,0.44505861837606137,2.889230242153359,3.8362526362337515,69.00600443204462
0.028702739788705425,0.08182420323686478,2,223.39889846083406,46.64916491302093,0.7928538022565542,39.66540257136164,124.75263141087375,0.42601092285966674,3.4612383961901916,5.080947490980491,73.8480184475981
0.07388712376485103,0.13902724168420308,7,455.97345974257763,92.7094597502117,0.48182426271160816,92.77667312022719,271.37664955682203,0.7685134286357592,1.5948783785898313,2.297098682066539,1.7821343930255729
0.01340703598993697,0.07657466698696208,2,204.4775404652293,42.5934923804875,0.8987734030117681,38.13179946869899,95.9467745172506,0.31298354931611877,3.31293713039946,4.919469836982317,98.71527711966381
0.011787059152265845,0.06812351265597061,1,162.6461767167308,43.03723956792286,0.8888903493614323,38.068927801065556,131.87831257471527,0.25305402565818996,2.6167031474096656,3.8157957620076672,97.75928013876872
0.013584817206964256,0.05959668028320982,0,238.36510045778934,88.2740576849459,0.9323178531710629,37.790957031993926,87.32911740975587,0.23644854232170126,3.29471900601453,4.709149647362169,98.48483829275035
0.034774228092955085,0.1290588460323509,5,492.22366114964257,164.71944752108757,0.5656724983704321,66.00785420119752,160.62758627866148,0.6053930935070981,3.3370163464876352,4.934926007397545,13.284060548789686
0.03973953834537574,0.1126012934437503,7,302.5368431724331,63.13887919716765,0.6804246142360718,78.90418108288534,162.12396513568237,0.5107751094522202,1.9956511043998457,2.6655960086878956,25.015545286197472
0.05971089943867044,0.13141181015397477,9,478.73305758138173,148.5444988889928,0.4235744694557792,91.50388448942651,228.10382847025994,0.742651492497528,2.9336020353163157,3.848657301346244,0.0
0.019142661726172593,0.06598777437671755,2,249.46445771739894,82.65333636703613,0.9357639901207268,21.46306358000884,63.80945899214903,0.37639533213423415,3.476309703858134,5.005082799030481,100.0
0.02735770970152631,0.08214365313322276,4,265.42810380556006,64.33766108436352,0.8317527813024732,55.41146573387703,176.24655942118972,0.4386120203472692,4.030779985240945,5.390245121130081,69.61037259844373
0.04922068390532205,0.10339307381443284,4,425.8645052506258,93.39910001714748,0.6684141757319253,78.25263614555101,263.30223307427053,0.42146044597868565,1.963899176717637,2.546301225031888,27.09247979087644
0.03600628036115786,0.11605520042251338,7,404.4504518137681,109.00503908752168,0.5746313296022726,50.39136842128495,121.23953164738391,0.4362753121221801,2.8106106302757947,3.5279687516637273,28.342320629162632
0.017071585451730625,0.06251991757579534,1,215.05786742083487,46.3306925827914,0.8751400538043718,25.93024443219886,69.46370625410256,0.21361050725765135,4.26943807881262,5.210108386141769,96.84589965247025
0.04142828256859622,0.12100803978963363,7,372.0259444943072,87.58157397144208,0.6013966773265024,57.733720537049365,178.7368712765081,0.4025692458655919,3.0805092777246394,4.474723298017688,29.22854904880163
0.025181906242883887,0.08880162887979931,2,235.3828758241114,51.06171480535553,0.8276779706246256,42.75391447768377,134.76053073563412,0.49180942082074813,4.2615907090814495,6.0149374475682995,72.6723531734503
0.041055846696425743,0.11868590851738474,5,432.6126051061268,141.6718704557094,0.5745403120443718,78.15355637362799,162.95348372193257,0.4933259701674058,2.040464956140378,2.9335004933057256,17.409591362637677
0.025280956225678056,0.09138739987447578,3,326.2679868327459,122.42941578274723,0.7534427279856099,47.98984115078277,99.67733021062647,0.4487961719946405,2.8353778608088485,3.5018046183441918,65.98823357914384
0.05895219841023513,0.13387807368144522,8,485.2911785740864,131.51819492356952,0.4851008347696461,85.69645755822474,257.5649512566197,0.6569650083226898,2.498190765853482,3.742004371413729,4.313018789839496
0.03611363495941748,0.12309646866493933,4,476.35268805975613,142.37889446022123,0.5546211409658014,67.72456220270611,210.59678695462725,0.5729324606047784,2.1491420134330212,2.8265734564900886,30.86152719282452
0.022840698922023336,0.08604306149225578,2,217.03911071050626,65.83603735320511,0.820612955625531,42.029882285596315,88.60002314473456,0.4545258520726222,3.6931540722191123,4.7780981282625,79.49597258882613
0.017442881402901005,0.06659867837563056,2,223.99498822303946,74.94733970834814,0.9062768635349908,35.319725768447995,103.83740763312883,0.26158338318803825,4.035315365981793,5.051808946134869,97.84067364667658
0.032737336673857684,0.12379997553933912,5,356.36300289330126,112.12155778568824,0.6675186869724958,54.658913238009426,161.25520970977692,0.6326616582858099,3.3490381980265056,4.0956309906714905,25.09115922529124
0.03383847669549894,0.12268368696617178,5,404.1568968903354,156.32710898067225,0.6636476331608683,69.85775733735682,219.2867344566911,0.48362989479857676,2.6931949932286,3.7538277602779444,15.124322356369207
0.05821943548087456,0.1309948920713491,8,531.418658731347,198.03268614577885,0.44200025800944703,91.02260688215713,207.60760682261062,0.727729649377002,3.332020822521509,4.179276935947209,0.0
0.02420382322326539,0.0913705213898821,4,299.5469904281648,87.4943724789238,0.735532201900305,43.29467543149481,141.92910320322866,0.40931002517595555,2.4760635482854165,3.573191112580779,63.37360825490007
0.02942050185424189,0.08714912202299466,3,293.4507910964791,83.39150156381741,0.7086107271803191,36.1458070727809,74.11465897032028,0.30401706648373533,1.9617769103283857,2.7766419353343124,63.898125983775465
0.020583100235088674,0.09312245213569273,4,204.14299503945358,78.09662076846014,0.7319936666813912,45.82374608282851,119.36697395995968,0.46286207984025474,2.9028841487408985,4.013755220591621,70.44317743118023
0.04982677507285764,0.12294669724106118,6,337.7382339906211,75.15820757071155,0.6624865844590163,68.8195677432847,156.13646409115245,0.4560370109892168,1.7062465230645985,2.51359156276502,21.481683789988335
0.03503756677641162,0.10690000521097805,6,381.467172739927,90.96807911737503,0.6379237652824563,51.319249969777296,140.65942770392473,0.6561270473912564,2.188678714040243,2.834854060254382,25.242222805294876
0.028158603026332475,0.09311470430578397,2,269.1416792990112,86.32246662135782,0.7716991794024466,50.0368342495073,102.5962131455793,0.41370139848299003,2.665461300161612,3.287247311363608,73.95919589285761
0.020675707936138647,0.0987905018346699,3,241.44740630284477,89.3959287806285,0.7414794990359294,50.81576715688449,113.52997362444341,0.41396260501861537,2.6329035091767343,3.1916344993209402,65.9696118024307
0.01004645943109407,0.07186234275188033,1,172.85224399199518,68.35101259575488,0.8523030901079685,25.712105855265303,81.67930687460893,0.3971784961932958,3.680344604971233,4.612157807668688,100.0
0.02363151121999656,0.08087114771906949,4,209.8196985114354,42.63153171482105,0.8368931843841084,35.78935235628713,117.69811533356501,0.42690389674324036,3.8061486937299174,4.805680304121934,69.98240201108212
0.028538816532827978,0.09670550885492989,2,309.41696914864,120.45574353783964,0.8028250726312548,37.24740524052255,86.22050419926367,0.366320777109286,3.5138692631879476,5.029731658958674,65.73796928734251
0.026069766081622328,0.082574804405449,4,308.12169596000143,101.91889599325542,0.8265286892710685,55.497515880231646,123.24084549784878,0.486555545594712,2.5636913309225715,3.5649244385468375,60.29471179783853
0.022004582124930692,0.09990130451433445,2,290.5676219519937,108.29550712027036,0.7140756997803113,59.37460701409239,202.73095548299946,0.3101115197622035,1.813841605963077,2.4483000659171212,68.96525905427444
0.018226195127012842,0.06918599599730481,1,184.3487586098091,53.84647211077852,0.9009529574855517,34.28713885283823,77.46875224562328,0.3034134346411179,4.406338519874455,5.790079496813522,100.0
0.015784424600082655,0.05198202375119191,1,211.07855348396862,74.73170395173074,0.915344105714936,20.254476815876487,43.697553046022776,0.2147897971243723,3.0370340221731675,3.8565075742527237,97.84996306317744
0.02124994166259095,0.08046860121690116,2,254.91167542387106,92.5309774569694,0.7585742688726923,51.475225572422424,112.17056235127549,0.35570857330205974,3.7667886554034222,4.810410393325011,65.97442558476602
0.05027067228955999,0.1434568614186488,8,444.7062474305576,143.54609153344802,0.4912308886162873,76.01502414734723,181.2737120600566,0.7646865081133002,3.4540528774195454,4.76053358725676,3.554915312904545
0.010597055388050135,0.07934376494106739,2,172.90958857573105,37.31291933818198,0.8896472010454223,32.528619735046554,82.50800738430047,0.31709675146492033,4.327460122264073,5.474048669594485,95.51216599492605
0.035951791193752136,0.1283416036409082,7,327.04985563162484,119.70123163489268,0.6346228680575013,77.64901018156176,218.1379540665632,0.490615380670185,2.2804676593861815,3.340445548570563,25.886249202674403
0.023232026691040616,0.09051421511560645,2,225.62542909995102,49.85840952914506,0.7391466793097792,45.6394843624194,91.67490629643576,0.3179644263084177,2.7398341635610093,3.614348432707945,78.56471516630108
0.029613741749030986,0.08694203451091743,2,204.5035775895452,67.71987807293883,0.7340356758993115,54.659145423581535,174.57165352965208,0.4734010254820157,1.6017859143727629,1.9611714886404956,75.17651789857096
0.01932533725413838,0.06052024955037106,0,195.07106407279835,47.273015657620356,0.8794736069159714,36.660989091009085,114.02530164614971,0.2394062031562567,2.5057307902516754,3.6253085998824797,100.0
0.03722230248150097,0.12803519853768267,7,357.93579895514597,100.25375213745274,0.6216397217702572,55.283821421651886,153.37857050793397,0.6142746359755743,2.5958903909161046,3.1178003068475455,26.5509662630583
0.018354269150422632,0.06882168739848715,2,218.86946727911138,58.95387550148372,0.8770794406922385,33.397958314597815,99.9056176970635,0.39806089365856345,2.6561047063526884,3.9038610741366777,95.29382440193415
0.02193074725700569,0.08607113429384747,4,338.8768229406286,98.8813293406372,0.7360816654097684,40.57126376793816,92.56295375973595,0.3334759768230009,2.6427083802298306,3.6178883879238595,65.10576095693587
0.021964021425498595,0.09110636927921864,4,341.1973396753641,102.61573434117844,0.7707411988986643,46.171822505843124,152.81362460989925,0.39403311103741606,2.5245229785673504,3.4632451029213356,63.125240832838855
0.022325422517841764,0.0891629618636653,3,337.3486090351716,96.36857766448304,0.7144985842915854,41.22211141592716,125.39312217003635,0.35941805406860544,1.8770648484436372,2.3428054158764233,65.15132956997378
0.05909463896063683,0.14669364992670475,8,559.5172989526004,205.36973712198127,0.46369872411321583,97.5733486491504,217.27410279225907,0.649706070730813,3.0030548615941894,3.9022030058213235,2.1425924055048826
0.07230760144256376,0.13068049414470298,9,531.1010712191857,130.46836476644583,0.5121644225022516,78.64855639141811,196.6649590523645,0.6305502259026785,1.6033530885382363,2.363179401181182,0.7270156049255239
0.05936702212058766,0.13769725499698518,9,469.01242977189105,171.7572595743258,0.5290285472822623,93.86869323019333,321.8782924403518,0.7326875624834319,2.044943093327752,2.614558359924613,0.0
0.02882901702726495,0.08787811347034889,3,339.19343830970166,132.20929873773636,0.8232794302824901,47.263120247857316,95.98317740681527,0.3826541942906992,2.8943973979422353,4.245498120294219,66.33894022229867
0.033196964057147706,0.12794474012388232,7,482.2352157777282,168.60542093526524,0.6600600159275367,58.52061301477959,162.61946922646936,0.5232995552726647,3.3027933357016117,4.75821051125285,24.70188250759786
0.05715718010624849,0.13096352914710582,10,445.88414566528576,92.8073775388871,0.4914177027305804,92.07895224714099,319.27948034634846,0.7315972316689793,2.1162348081524245,2.9412151803040394,3.115812308100349
0.026938892501702595,0.08390660243546029,2,235.07296348106644,88.97555041672076,0.7329442041917918,59.703151611898015,180.67730531772446,0.4825625404513362,2.8172696471315555,3.950887581208776,74.60033633628774
0.028533120426400292,0.09291132461767572,2,205.69310311640973,75.42891901384455,0.7049226499365763,39.34604585564303,109.02043163657832,0.35462449584553,3.2899350146761943,4.79119771719667,79.94215145237413
0.03035990699424255,0.11940157473586663,5,349.71621841721395,117.96079818640567,0.6559533737107308,57.74156579125497,201.74885017192005,0.4808031588692665,3.2518445725225975,4.339564155730433,27.98390048516368
0.028478299754361412,0.08601337620573954,4,225.6503339860171,55.42755520197705,0.7903769450842839,35.270344126106416,95.87996617973425,0.4394768717107632,4.4603246099183576,5.361568560390101,68.56433854433783
0.019233749050630678,0.06320527896288045,1,177.66625528832154,41.44631448524584,0.9084206068494186,24.014954619321912,75.1493934732293,0.3233579516380195,2.7699698065092355,3.7002280896014113,100.0
0.038965774307311754,0.1252363807680966,7,423.5299283027509,101.85537964789927,0.59958961500401,64.08206242544509,167.25778965910354,0.6197296535115201,3.425934211795049,4.558154081191237,13.673009712193611
0.020069050090080823,0.08535305614642254,2,269.351768753563,66.41927464417716,0.7244308358457157,45.33149177402641,154.09259444944018,0.4417512198964455,2.5000119193047996,3.646506951861947,66.25426081126001
0.014648764789489021,0.0643426736888282,1,241.31458679168105,87.34221609877653,0.8917710004971252,20.371195316147176,69.97306964319003,0.2696723758488578,3.4947716138362885,4.555600275195495,97.69537995361335
0.017979952417329345,0.059559132751474834,2,233.92475296390467,89.28430612849499,0.8713651505189227,24.11571251065275,66.98439261307595,0.2147530712081727,3.763315219376185,4.919649363186403,100.0
0.025304268758541394,0.0801657829772793,4,204.26838124015904,47.85999421906266,0.8322304771783274,32.657550732565234,104.05506344221048,0.3812701538047375,3.368511883439039,4.125026475438927,66.65048403069416
0.02975596258481218,0.08625853854316011,4,247.8632583905169,82.10411460842583,0.7351559659302263,52.364468388257976,154.07585833664956,0.48051384012524334,3.3404564941960198,4.265298344661243,68.05158916931238
0.07684011134081481,0.135381687203507,9,489.10811919101195,112.72323207211878,0.40788327257657137,80.0939814642786,182.4144417159328,0.6503410681234185,2.3081852110602434,3.0341408747172807,2.6450252506905803
0.050905754258144136,0.13853223520474747,7,422.82138947952456,108.73446982999015,0.4061584907460949,75.83060158437888,210.9176928451954,0.6202531515234081,3.206873911956722,3.901542112580604,0.0
0.027594592970002992,0.09340261947884447,3,278.2803989297368,96.89765258402934,0.7603300955471154,52.2235307727763,136.39489610388088,0.43143381751209786,4.163864326432717,5.206856621126485,62.04938756758751
0.023655003300339424,0.08601746266457302,4,315.85466698810427,75.21776352119683,0.7319497738118163,31.864015189458108,88.10507110524637,0.34554328976125304,2.261137493020869,3.061102212662137,60.532013977522155
0.03428784391393138,0.10871045346964765,4,313.4206463482117,79.59754011745754,0.5587362318170962,75.06453793507077,194.77346484113792,0.5258263154591512,1.5311425454679177,2.0161794447893353,33.70946930054976
0.018419768136565134,0.06799937923720167,1,178.76152104942602,66.63201816399516,0.9462694849074319,27.608326843811916,86.05968805371157,0.29406528367896695,3.892301887834877,5.670688690790525,97.14300131894588
0.06943160224012132,0.13447513041760967,8,428.44788023712255,145.60588238666486,0.4805757878344914,77.7963831596497,176.99712006972265,0.771438687279949,2.4969930518221726,3.675909620381084,0.0
0.02956913960981281,0.09368011388091443,3,266.45275809897237,80.6484289669983,0.7200636732126602,55.0052227202115,189.12442661768284,0.46420841386214207,1.9776961353222275,2.4214833426361704,69.82259239471715
0.025809645312135622,0.08575767709030911,2,342.5569598055017,83.88593895843091,0.7753851357701618,50.85854405939335,130.2175267613221,0.4231868876659566,3.133401796302514,3.8209625862123735,68.68653712001095
0.013976358784203039,0.05054608647066297,0,192.85645766220142,62.08124210186656,0.8830301358020953,27.04240026731642,89.11932630478476,0.3626648441617628,3.396666476688369,4.1095954454612365,100.0
0.046833335482718993,0.11422573141493154,5,425.9332094975153,160.39563180804984,0.6751500421161056,65.73688315981583,138.11558476231377,0.5402874363809441,2.165485191364536,3.1448815248034783,17.341238636141288
0.042374409023025514,0.12025139606628786,5,499.29983451597803,164.31272720513766,0.6301393657993539,67.87848874089453,204.88631514378613,0.5730357823049769,2.2547769501418404,3.2778227360645533,20.914247066137683
0.03439564767746784,0.11797548982895134,4,369.71658421044174,113.70074482150987,0.5633140104059813,63.00672234611803,168.3135121522416,0.4728913596460558,1.7998022435231646,2.442506932836263,28.275351570304277
0.03985120691199955,0.11628900940804324,4,383.6387376349883,116.3392842342651,0.6624932511188161,63.13099944816487,165.12707491712825,0.4978266278561844,2.53366977123011,3.2503565612810204,32.441177598168885
0.021682520300586112,0.09119806187572181,3,260.44122867354025,63.17201877099394,0.7097204111445329,33.81924344142232,71.86216231260977,0.4949651738895425,3.2490321982457155,4.4768288600239,68.98965410655813
0.06009789342299768,0.13405075324098947,9,453.47095087275255,159.17458143148178,0.5462803899405808,70.24808509807536,223.3735870000719,0.6304911765359642,1.5788142321217962,2.1309845424392515,3.663290178595049
0.024245636475545305,0.08696475768390904,2,246.37773068368415,55.936550304914086,0.7473089920363538,51.24294607127271,140.66360295244792,0.3765872912213143,3.0503014565536875,4.3535737989824135,77.76198988675968
0.02029353258977744,0.09271811581257895,3,225.66189512638283,66.01839175940093,0.7154974043514987,48.37338205408532,143.69628524406343,0.32309473192696275,3.3594143598526913,4.998408934143639,71.67971583607523
0.048058512291254726,0.1097085399747837,5,458.3343639017808,171.16518413158929,0.6644611709234647,66.83478240405078,225.29189299787106,0.4269984949927553,2.3980559603037266,3.3234996759013713,16.86910866218204
0.021514800333277382,0.09325588162968391,2,251.99347643319823,65.60938373762909,0.7344578968325642,37.28418722641177,103.32026780942684,0.38088072426677305,3.3139357581867324,4.7961012518929635,69.76987555576028
0.025868762409543826,0.09124111568976223,2,338.89278972425257,117.06581055551422,0.7377930622626977,43.054491798269396,114.21564917423278,0.38305931035616975,2.780956539787755,3.4460281503215993,71.99630557992818
0.07880998420586285,0.14608137613273114,7,442.8166706316712,94.71686245806214,0.5360779956516909,70.98064168990251,207.03070879194937,0.636737082531624,3.077892531306089,3.8829643927222586,0.0
0.02932083328048045,0.08204807942158703,4,316.4683753341434,67.27591056831703,0.8080218967207089,48.31142141829512,102.46586430146412,0.41946664733744454,3.5480229981612097,4.427692578308132,66.00248497436377
0.027173930247831418,0.0964751271671414,2,338.1891287662902,69.4147133399181,0.7283549505386714,30.67499363427386,79.8430750992403,0.35115804854807414,2.9555871751561495,4.152149514390093,74.34974909606561
0.012476372789825621,0.06750567968393223,0,191.72056538853354,51.462484171085805,0.880110423316115,22.069325689056004,76.56628724014665,0.2244023931208771,2.68870665673525,3.8993470608496983,100.0
0.05402755001290583,0.1422526665139795,8,561.8178160280074,136.52089404976806,0.4398388874465675,71.35700015359767,173.83806394301976,0.7943146874301013,2.799489229791617,3.785258790791427,0.0
0.010111901127422189,0.05256406927022511,0,214.575957537885,71.60329603087985,0.8879007281997714,30.22274404863285,67.03334102396614,0.3823896353933182,3.5510592550601183,4.927480096593397,96.65471159692572
0.027034770480695063,0.0801028084122505,3,292.52519259523723,62.54199565682216,0.7386227351164879,46.652513770169854,115.31144216742562,0.41861582000920067,2.944818552888809,4.362375996101832,65.66109919643841
0.029116660801123104,0.09427381648567286,4,247.4358856855787,77.89143335002512,0.7510271231431064,52.05802774114303,177.3312221902623,0.4483348774020748,2.8611086604179157,3.6224909457964274,69.48725865101248
0.02867160122252792,0.09190193743407853,2,273.4226034470191,88.90574549613913,0.7934526506218649,32.134733325185024,70.15787523854112,0.31904769549540996,3.2049246979616113,3.946583586413172,71.84726053073832
0.02146065600815055,0.09517188441372715,2,243.8120562847926,83.3149376776129,0.7521433705677706,31.899099289411588,69.1515343759495,0.3924585210924713,3.7137250269706863,5.504600152174104,75.8017893901164
0.013716271280658976,0.06832518776807012,2,198.69412860959508,76.08960377017526,0.9295350378743623,28.066747200179684,86.06011340529676,0.24736172640281878,3.619193413528432,4.73500374531456,100.0
0.016319955173905415,0.05112619848036173,2,165.1069776834436,46.95769721016554,0.8999880732557002,30.546522898305515,90.22934995807378,0.3502448926170013,3.9115050372932334,5.660885753062834,100.0
0.02217540703444912,0.09050271368323785,3,201.15507985091523,68.51135383785292,0.8022570608925,50.801658865675364,132.75781081319658,0.454306063821453,3.929563345216792,4.8063114445015716,73.61143834048674
0.022858545233677106,0.08568316310792638,2,301.4548441809508,65.33413012787972,0.8322610204642381,59.350523879873926,130.27078377780455,0.33755892436288076,3.469195588056171,4.298373170024592,69.6969564188481
0.010847023550619578,0.061318927096524846,2,150.36277328727994,34.21729944689483,0.8547111558462562,36.49843800150865,107.32123493978422,0.37231132127036787,4.236323807206859,5.877527282415588,97.23184666878569
0.021759429664209275,0.08814466510459439,3,259.39833818843334,77.43359927426962,0.8220514090670136,59.93419478772999,120.43967112813002,0.38060357280152884,2.6351594530882805,3.3811806794629886,67.47075688177407
0.07198328338310771,0.13570777445364718,7,522.3543786869453,195.0560002204755,0.48669949115327454,87.18252511318285,252.99181124475294,0.6694262135131307,2.2952716829189046,2.7693521646378954,2.0087876758720546
0.024896364586734134,0.08123364149921823,2,221.61753360041848,70.50737387911663,0.7540795750058691,39.56826262040544,122.0135324772166,0.48548906531745384,4.107982365043772,5.3611073163248815,75.74225460067765
0.02689155133954049,0.09969810656083437,3,241.09049346030469,79.26226668144041,0.7232235530411708,37.84514015466686,117.2059755342728,0.38389424114823334,2.691673943110528,3.5702890913096206,68.47943758916107
0.03345111211293306,0.12017048154675541,4,474.22581378432193,114.00187887083506,0.6556010264059331,56.26038909807851,136.38278586101117,0.555128944773971,2.3913579959642686,3.282297000377971,28.169893844285276
0.025221278982924353,0.09108375366468323,3,307.98540998032286,115.16854070528768,0.8063599632018064,42.10368399960007,85.56272198629304,0.3120143056466636,2.8149760627469735,3.708033859598967,61.60555619651811
0.05714267504239347,0.13040052144891334,10,521.9392679021084,167.71507273894937,0.45368007775658503,89.05424271534274,223.24953218013508,0.7135035067916322,2.174593926553022,3.129705728542436,0.0
0.014806295418010894,0.05065623779077111,0,237.19529855692784,94.17771275313382,0.9271192425589461,32.69497869903135,89.38991188989846,0.3892617069624418,2.7048853856384625,3.541449647393112,97.6842520416516
0.021960994347947568,0.08412216768216917,3,322.67361830582223,69.38916645911179,0.7288667015941847,38.64641251745116,129.99213617279835,0.3182331555528127,3.2863579863764794,3.9466271796064287,65.82419055256952
0.07610736356340164,0.14260287001675778,7,402.85085917146955,104.08495766310662,0.5484135319128735,83.22050724384845,287.38536027886886,0.6345063410865551,1.7350076631785758,2.358920801520747,0.0
0.036192016034266986,0.10824129299946647,4,311.12956654759404,94.23362529787353,0.6705148028191626,68.56791158156047,195.90665949397086,0.5823992545194022,3.4521214200972743,4.852741210728317,34.57226462568739
0.02995538652183982,0.08521748660047422,3,293.7104114554701,89.4052938136335,0.7171144489188149,32.18407986773453,67.48828538551358,0.3099257939939052,2.395444179209642,3.1954697615789573,66.18168307137286
0.047297664388102026,0.12406836855539861,7,351.3446989144787,79.46138173440913,0.6434380581775849,71.5773459603368,185.8508028405791,0.47855458817504987,2.9533262779201,3.676503318529883,20.99637343777477
0.021231888575985312,0.08817109863820587,4,326.3373466155242,98.1249505512364,0.7191234589205519,41.57667302064775,136.26760925480505,0.305368377176165,3.431708761212457,4.44953377574035,62.79751199993716
0.011235624454668258,0.06970594177308503,2,249.89277272340098,83.67183056616268,0.9216852591064254,36.39852295583306,103.13965943625448,0.23803334507733256,4.042256780436405,5.509999418000545,100.0
0.026096167120540636,0.0896102100891453,4,265.23769483359723,82.06515545770309,0.7727631111049228,52.482449926802616,169.42748303924253,0.4095313909224024,4.185362319745949,5.0841459196777,65.74725166066717
0.07179584845023469,0.13628870468643736,9,538.3427166886614,185.8919425116809,0.5075535145813169,76.15435296192072,188.95663901669212,0.7044340375343937,1.9354455726223507,2.617245205849484,0.0
0.05595390535027855,0.1490901754846656,7,519.1805520128797,137.83983118093755,0.431380844550631,87.49212097598092,288.39405853738197,0.7682021837272748,3.33132971633583,4.306563977218726,0.0
0.06133148661873049,0.13233899831992754,7,569.2298720367725,124.24295868855774,0.5006769931113285,76.71794164419386,239.5284851161848,0.7054360421052073,1.561195871725716,2.211715243620209,0.5667728399045335
0.02233236098409281,0.0848056357185534,2,343.5404458302021,69.04850572201508,0.7355894757632804,41.96257734873919,100.46178892733366,0.45208801416601596,3.1381714948641672,3.99166990593439,69.49463367469745
0.019601791690726067,0.05739788409349426,1,178.29104252120203,62.28122640046756,0.9194078316993538,24.189799576943148,66.13505806099376,0.2262543611591985,2.5700196832790665,3.6272654775515956,99.61340832241143
0.010199571905208855,0.060160453551848535,0,176.43163231451874,69.25985882345677,0.8873893016340116,31.113185341598577,74.11882966582074,0.2489500861538641,2.6552125723020286,3.820012918315035,100.0
0.019445419454937517,0.05150492467056128,2,211.26255069333504,75.66633365772425,0.9269650496104247,22.929556672067637,58.42211998348812,0.3816726670861719,3.1826474563600335,4.625952676291736,95.58759525685832
0.02781791585625131,0.08432313306383933,2,221.033064362688,49.72424576149189,0.8497466351174655,52.494271544389015,131.06838760764512,0.49232348031180184,4.480250427376427,6.469351196542475,72.02977057675342
0.022971864889521673,0.0934779268432065,2,338.4329889067765,86.82624531060091,0.7861526869618541,59.86026560924621,120.13155698400404,0.3240400574359203,3.3925630640709286,4.171246404920619,68.7410982011832
0.025445638142218827,0.0953285761657815,2,294.3091713490652,110.339967461233,0.7605763777438812,54.31267164953333,142.36263696853442,0.3764130260069967,3.8022336224446054,5.686711605490984,72.89387613543201
0.025899947174573824,0.08918383276299362,3,230.24282644079855,85.7936888224037,0.7823948057234233,53.588647261294064,115.74902069908684,0.4228494092364262,3.6211353460639515,4.81034923110651,67.52724175342031
0.026513142608521324,0.08986208801433059,2,272.3701379690924,70.5210650257384,0.7799908767694932,38.18784523775894,106.13289195816215,0.31279624033555903,4.055615902193801,5.059521638390171,69.55582644142498
0.019726444698218916,0.07473347531840789,0,193.91440747316187,66.84115037427685,0.8544398702275127,26.10553066749628,88.67979617063062,0.38189351384614223,2.6792966468335573,3.9359274556736157,95.31676587580809
0.02237788244044449,0.09929205345232145,3,219.40255606649086,49.877882396819864,0.7220314495829226,37.19213432905451,90.43816922340277,0.441477099545601,3.1713241627283613,3.9674641642110844,67.36023664042726
0.048722139374076275,0.10999561062443874,4,371.770658146017,133.38117197220336,0.6225843669021723,52.49437836173468,138.5651210039805,0.635693969419151,1.714983814786484,2.217743630331225,31.006649869992984
0.04989258555349505,0.10102327334690335,7,329.57291550476134,81.40279287760289,0.6552860531485127,55.4867450193569,178.58528305919955,0.6178345391787452,3.2907180265297056,4.562511946735464,32.469406796242055
0.02678028726339084,0.08279290004661467,4,269.35422794980747,107.20958704712181,0.7692139003844517,40.045239796198565,86.52450000079125,0.332052120013951,4.478872950184497,5.912226943474795,67.65611308072961
0.02850284272294635,0.08777010460908367,4,285.1523394607056,70.56917572656191,0.7101208736113411,32.65999335131085,101.51789064115229,0.4493773159261997,2.055896237944241,2.722577342073364,63.71739627485324
0.024702110708716148,0.09046400970187163,4,265.4213300709434,96.59307412401395,0.7538991485050542,57.67569017163357,116.24684633410116,0.40760939730493206,3.370359120401667,4.72825934039314,62.0368492329855
0.029356473422894,0.0914191396588674,3,339.99709276621667,110.62309489397776,0.7343629209137956,34.64755702329903,99.53110150121043,0.44143579707284153,2.0504304493338577,2.7050433226455226,60.109609182315495
0.03558823966806187,0.10935940609081844,7,348.27400345478605,122.5185467519114,0.6686251029499124,73.81119813854528,190.78402967809663,0.6011374003092504,2.116263015875246,2.7359579613156444,18.857199970996696
0.04476339388371634,0.12485998721049728,6,492.21151331930565,104.16574151430757,0.6005797416531504,74.1599896851836,170.35079139186453,0.42629554715125734,1.8120345165409348,2.6968825419768305,21.59502761428233
0.03255121669234927,0.12454107546071896,4,364.4098627028712,95.46871925357502,0.6617596034439841,71.48625767982416,173.17209147552387,0.48431713629476847,2.933165374028266,4.3806707487486065,31.31162472993195
0.022553480539745797,0.09899328528806352,2,331.29521153197174,78.43969714442947,0.7227818880785057,57.108040973250375,190.31279570675275,0.3279823757539968,2.542435974030889,3.7820598739191484,72.43035702964058
0.011702773822121424,0.06480442659051067,2,224.4974407676731,86.61938506013422,0.9201634659649413,30.89163466339239,80.67042109183286,0.2293451843232427,3.625326519649753,5.333220940497288,98.59748543032754
0.018302787234206707,0.07111980599884818,2,197.9369722621593,54.09382342558971,0.8507962283112914,25.830917687297376,52.72342525963347,0.33053286791612396,3.7611473508468203,5.370775047512807,100.0
0.02087473071972692,0.0951716373620935,4,329.64399708110983,108.23719266366894,0.7399293011276818,39.32134189309782,115.2744988230985,0.3084301419006879,1.8964984588733962,2.3523002906341177,63.615342897168276
0.04832587755328903,0.12338145727641246,7,461.96979172876536,170.15684257833294,0.637462140287765,65.66210990163322,178.7468434832632,0.5066776409540352,2.5068970355974063,3.6961182157781254,13.745983995665487
0.049766597744558695,0.10923153942346794,7,441.15621936917654,150.71764721099086,0.6385621589305416,70.93697465621757,228.17994701835255,0.42923503346771513,3.4197559283241272,4.895278388595313,20.293538446831437
0.02165923955392568,0.09665167214173634,2,318.6682265623887,97.80472701006444,0.8099952417798431,51.16014305255536,164.4088635439129,0.32946997714069226,2.9360141441429306,4.257665344404588,66.59491775257338
0.023299690524463464,0.09148540376963407,2,327.89065862046857,70.32788187789158,0.7997620242678715,52.40329221408169,150.77495910869771,0.43319738338716013,3.2620667381050468,4.161887336525508,70.73426968645424
0.02551803884520071,0.08161902416792705,4,259.6076607291427,56.53672161980073,0.8227568591265271,52.35753711904727,142.241867429683,0.3207839542171667,4.322845717671083,6.263983368279839,67.92079687088473
0.03415743255626079,0.10737538283833388,5,336.60470131114334,128.3085583759594,0.5565416381626735,78.55203835914948,260.7811975218679,0.5264233508516449,1.7111519242524251,2.2708411624702407,19.48725135037577
0.036609322112625284,0.10145260870975036,5,365.09240808152464,97.62874552113486,0.6074808993727404,74.2483505652335,223.69741212421664,0.6954960272429503,3.356621399396216,4.85499522176781,21.931683679420587
0.026548141728479243,0.09732558349874754,3,328.3508980156161,110.29324123823326,0.7312331344113194,56.28516633201952,183.61281788965732,0.48362707690319395,2.09393509998087,2.6766474370612166,67.56566634441155
0.017713752704955447,0.060929216910381806,0,174.9553819571293,47.11977498537283,0.8913864082006533,29.15976201078464,94.13751877042722,0.3897478366659775,2.5093944186550314,3.2946332811175103,95.04193262192598
0.06282250267598634,0.13682963961077357,8,551.6363659547808,154.47869501802026,0.4049524369235904,96.57779822509852,221.03977000525003,0.6994767779454695,2.428947795630868,3.191363974261864,0.0
0.04560304003691524,0.12192696809234509,4,376.08828695296444,130.9273863564895,0.5503453644169334,79.56987591059364,173.06775330580723,0.685826851023847,2.483777653452421,3.4175329270258694,24.521992172418813
0.013849435143323431,0.0598169284794372,2,197.89209277772684,58.59026910388939,0.8889980548000183,20.464262398180587,44.571897097031346,0.20046918168250671,2.7132003115688486,3.4051075093906444,95.31779438948392
0.025902579998451407,0.0913345457801582,3,271.52213425395905,94.86790583828899,0.7756492203669787,44.0728767048555,141.9335746596581,0.415848252984949,2.602875828191653,3.2870659108416795,67.35775601441466
0.012267346580257184,0.06580679718971208,0,174.51796017860215,64.4393569616134,0.9328471285928543,32.095789974662,74.5510810235273,0.2878029801360761,3.2310231954283255,4.816594750633523,99.95583309140936
0.06501352780546,0.13650351747075573,9,538.7315950589398,215.3168657335279,0.512191917800818,90.36930627805846,301.50303962271516,0.6663943322845016,2.630659765280015,3.9139519587551286,4.9343961060870525
0.015875783554746285,0.06133449593245308,1,227.37241437956538,73.82498462305611,0.891509016861986,37.119531918136644,122.68889009133825,0.3981798873756567,2.575263696807421,3.700302369487212,96.40253402748667
0.038812517530181216,0.10529247096011979,4,315.83858832756,69.23140714234808,0.6522694347945357,70.2674294066828,189.32246178273678,0.6092467404324721,2.9738769257093187,3.75775810133197,29.93666636462839
0.024192274184519198,0.0977534395951904,4,309.8164180873181,119.25292076825943,0.8349596722916585,37.01637803958245,129.07024596428136,0.32395984125914784,2.9343237602135908,3.8359583986419157,66.87632026800772
0.03485020761652876,0.11215800277471624,7,431.3556782477032,122.29322462612666,0.5750443435882959,66.02407123422586,155.8165860481206,0.6368195984165467,1.6466549548651401,2.0392254914280175,19.441441448777557
0.04157661114893124,0.11157635282784333,6,369.1170623439242,124.24917414326796,0.6118905909345109,70.76633283381648,230.23273508189467,0.4561711899999507,3.3504350036528088,4.2201196177135305,20.563527657196172
0.017136904906226224,0.05802374840369383,0,189.92819684191235,54.256029726631255,0.8783028949500107,36.953986611869475,121.50414153797358,0.2752764034120411,3.9860171328877154,5.091349676034675,100.0
0.024381905560146307,0.0963649760920111,3,273.58073804350397,98.23640810158996,0.7138031602412478,38.13305070707239,130.89934379147402,0.4361484688708548,3.2530746902816468,4.12642105130322,64.03040005236265
0.07560049696057049,0.13406556754362672,7,572.1159598653057,120.89643681258384,0.5349304100749518,97.15380418320873,279.34642412388797,0.693105166744512,1.766033545937215,2.29320552985035,0.0
0.01907070825117019,0.06621473336468264,0,212.38467510968823,72.1369884802836,0.8977213569934335,34.395980346292816,96.65704295385122,0.2616779150717972,4.415318051399905,5.412164916973963,100.0
0.028435099540275736,0.08867800773846678,3,330.61234944152557,87.04159254426146,0.835927480646893,33.657400873541285,86.14452084937578,0.47975839298061584,3.8226660112134496,4.911280751717295,69.80385372393003
0.02729967233257138,0.09528709880544854,2,214.20816623685138,76.56296679798511,0.847366155918849,48.44257142703544,111.92681273276469,0.445999676843647,3.4022657484955263,4.164784601705104,78.78546351349186
0.048297100300462796,0.11071831681437849,6,488.62385103086103,164.4845495161675,0.5641749308801769,73.07954742850586,232.72340236940565,0.5416453159718103,3.1830625379704984,4.257104670979332,21.480028356578263
0.01959628597595868,0.07984489662603282,0,213.12016475127052,42.82850479595616,0.9119993794244547,20.967192139353614,70.20349645809931,0.22027899494489075,2.907401753359265,4.05456856785371,100.0
0.020425680829178016,0.09156274827332404,2,239.3312020716348,78.96507372143753,0.8003230238315677,47.5902710798948,99.5765819604014,0.4100989486934993,2.8009929537108067,4.118754536882672,79.0397804285099
0.02529085897929854,0.0985557055101814,4,213.21770363414242,79.71641907279975,0.7139219612497846,48.288386116117074,152.27303312939446,0.441207752680897,1.8777819629523638,2.542471187212129,65.19866001954657
0.0576271452347898,0.14295404325063304,8,509.9243444065239,169.98356451106292,0.48506213065109155,87.35016798194806,255.764887170136,0.7002565241733638,2.7997416070087033,4.128052137017288,4.5298518529510465
0.02601256155403984,0.08975813672982218,4,310.1570022974936,118.0254520663238,0.735984406173715,44.33965944939711,127.72180726615494,0.38651765515723696,1.9503389794318529,2.8501074846072916,65.65553508111675
0.015500717963678213,0.052468494245657187,2,170.36260009618465,50.12273907051859,0.9040264223476264,23.83226914726465,76.4387886315521,0.2050116662234861,3.7152838072512777,5.547085061494181,100.0
0.07705830458337974,0.13523944092584908,8,465.6686070178099,117.86449938444122,0.48749903150327145,71.73954031455163,217.89174330011815,0.6323716542133874,2.074360324728909,2.639352296819853,0.0
0.028667259634144925,0.08390652530442218,4,207.55536854902152,51.76184745151763,0.7814709630118114,34.75702599653099,98.9139857034708,0.3224850556427763,2.59772958782935,3.755725124657178,66.59504250292997
0.04510299248260523,0.1063393245492103,5,354.80998051025443,123.57077210680895,0.6491042670273053,53.270429847626374,116.43782527753095,0.6814188061317553,2.1070230415874835,3.092174504356245,18.803946820605113
0.0372998286909187,0.11856854777457569,5,317.08897863196387,106.64705628462728,0.6863165025237958,61.74947465378733,151.41356495419788,0.4763584068910563,2.8176546031943825,4.210000867881672,22.794128248717332
0.01948245341300505,0.07404285617232012,0,189.79368452556028,40.77300487374956,0.9354949014580183,25.135070297416767,80.96645881839244,0.2940634898250856,3.224814692051993,4.464633199702369,100.0
0.05895079251625342,0.1375043342340747,8,558.7597038203386,212.73515920992236,0.48254654598635377,70.74912703700356,152.7187572970449,0.7414826883336427,2.419156564579295,2.9261154206932485,2.989207431796155
0.04185957852309513,0.11509679482807601,5,338.3375098188899,99.18490131884445,0.5548109043180767,52.08277884313579,158.68636149860123,0.5290799924516895,3.34723524054682,4.404850257938462,29.570190143311414
0.020903189749193148,0.09246484856056698,4,324.1284344634173,83.4746668704914,0.8408794885312193,39.337407081710936,109.7785166704355,0.4489854003341434,4.343768904232223,5.977720876661905,68.46440888236803
0.05484595042654946,0.13947041466600618,7,483.76553438237954,177.79129972906145,0.4666360884956255,71.05684056183497,214.5619789284387,0.6446474875157046,1.9045154251932799,2.5240276151437295,0.0
0.01155385424737163,0.05552069357309608,2,152.65713376052213,33.1007962844995,0.8753999509340318,29.006330825988666,101.19696479423828,0.3883717388798198,3.9506523930050776,4.961380798320509,100.0
0.028913887778926076,0.09785598172836561,4,285.8729301185619,58.08597540152301,0.8086996157741843,51.540083478125304,147.0561369514656,0.3339968056703968,2.8055557272519676,3.6416984248153352,68.26457965240759
0.024973056708904207,0.095112054823256,3,262.4458971386347,76.90144215005955,0.7784532311631684,50.28546983753363,104.66420431853696,0.36733737626558866,3.1909554112962324,3.9025516430227483,63.59376097744222
0.025400031907154317,0.08964876619925083,2,293.89141540505307,94.86218849115744,0.7698961083963941,37.97419713397857,131.18024325777586,0.44885364123151117,3.934259710587077,5.170649367182123,72.6357213565218
0.026937307885436253,0.08149846262394778,2,291.64483526140395,100.22822125595494,0.7716491497035793,40.06398723474925,134.63509253352555,0.3994110606832491,4.345720467409734,6.515508215925876,71.45809392787413
0.013123553715329783,0.060914870217766225,0,226.2345436020511,48.09820427349142,0.8707242124807139,36.838119571075495,114.2886950305982,0.30786617939671224,3.172764905225672,4.504821666385951,95.77373499758161
0.012172425593596438,0.05275051069599299,2,178.61740396800465,59.46069040000439,0.8656176502959538,28.570511307332144,66.3865289799386,0.27203515958386054,3.7361425737773417,5.416354728078641,97.66037631494986
0.0372679660725812,0.10689487703374984,4,419.1473087561121,112.18118391511749,0.6172695974550998,78.78446851112655,260.2427208052942,0.6814356317024068,2.3947798414520567,3.1069389959126914,26.739216185722576
0.060467661815707945,0.14853090432231766,8,444.1280139291789,159.4174133194052,0.4412510639052543,70.43756284918784,164.31546130473475,0.6612076236424111,2.4820830378835748,3.294955308834017,0.0
0.020462433394264776,0.09787585689558609,3,348.3469716654346,75.59071390495238,0.7032866326741454,47.1143961781999,94.45117576489231,0.36515994597702645,1.8269846939917982,2.515587404104049,69.55049771092455
0.07736274653684795,0.1353436141004581,8,551.7441714315719,148.7980284320117,0.5058220128342299,96.96532129519385,227.33767910085146,0.7575727950348445,1.648007031464606,2.204501990931457,2.597725195083651
0.05718188655951592,0.13448910496229866,10,512.8596735279675,181.91880324369802,0.5135982231512418,88.88427666753384,188.7798136812469,0.7616035221452249,2.621255541912818,3.907981102487642,4.485023657719619
0.05774867001251466,0.1420450828837282,7,574.9930905603959,170.79657645028368,0.4206017095095367,79.83984030386065,263.30935893610166,0.7295225249687638,1.710453767927532,2.0892141070438917,0.0
0.024042047421916447,0.09934649162737126,2,286.11121557965174,76.5848794623497,0.8116728658950634,50.14203010220242,103.77899559729673,0.4906338043326038,3.6852530974555635,5.19756579235584,65.21781928274856
0.0493133991464246,0.10610450846862919,7,460.0009617102404,139.76694884879558,0.5904350743739843,79.58267320251765,271.00480374633327,0.5999092455201586,3.2885799320992777,4.775765258363685,18.76341854541845
0.04230302906250513,0.10307000736905761,5,365.451377477381,95.96042561133376,0.554818772112279,69.67807398656578,154.836143334733,0.4684088389750718,1.6189789533092491,2.2138787395970327,23.645490727697016
0.020156494599618765,0.09777667762562792,2,334.0760246443748,109.57186544966576,0.8056947634677711,34.80796927602345,90.45453699256343,0.41158860153510735,4.140935223113322,5.949679605371721,73.9475259643967
0.01768511186840032,0.07020073439367873,0,212.8626449024859,49.659511044326806,0.8572333023310553,32.272831046094296,104.09170373491934,0.39310713813055875,2.8504549848250766,3.5237831247895492,99.15750214242341
0.07050640085900539,0.1499147627988585,8,420.2325431231595,133.59180712662484,0.44265644876769433,99.7123101734137,318.91922402413957,0.6064521725871018,2.658163641151971,3.496588709257692,0.0
0.012739883138093192,0.07476313381340832,0,222.2574506979768,48.034310168986764,0.914158949694402,29.73404826366205,94.33859555038508,0.3423036365995928,3.879269493342904,5.1142809592085,100.0
0.02740734554388454,0.09686878137680616,2,348.07225318012127,77.07588944145719,0.7630481345685725,57.74226330171043,131.4952952224227,0.4328339559496039,3.4985722656339666,4.467627497295268,71.43381652280301
0.06808505904809989,0.14696840261872246,10,487.4127186137199,118.32080153788512,0.49485333397735687,93.62897158811124,246.21066627892867,0.6747825171434267,2.4633598672888715,3.245296521978433,0.0
0.054381914211531754,0.1379360344728043,10,436.5917251580417,114.40016623327715,0.53859002755264,90.31219377153509,268.21516154410835,0.7241729807725772,3.1414823299328756,4.3932866012931076,0.935035278782812
0.02053268837294419,0.08128044991147024,3,228.7867755538491,68.38869166219511,0.7067358007684641,52.402592609331755,124.58428974121522,0.3879474787044521,2.0536272623436034,2.6785430079020167,70.10199569125935
0.02817334707239747,0.09107661417396902,2,341.3385134461198,71.41539140989921,0.8265502481513216,59.13064981842819,128.1508845297896,0.3280820363811338,3.859158373867646,5.399784111549353,70.8381522149306
0.049530518165074325,0.11420303335375621,5,363.14242983894366,84.88568176875623,0.681554082535532,66.49194406247278,171.10768678110003,0.4357878616757903,3.028335604852116,4.2190946159326375,15.856724630616284
0.02544239105708932,0.09789560090439704,4,225.79348370124575,77.95670591467832,0.8187912890455371,50.43703046893749,155.3683401528111,0.4335955828645645,3.4908779762802387,4.636059532075141,70.01905840561598
0.014622773918660893,0.0552381128541472,0,219.31039059703863,71.41249476997302,0.9343621462801839,21.2025501654681,55.33373088287843,0.3120351111152725,3.398088551638889,4.330525513873594,100.0
0.04823673574990186,0.1117081814943536,5,486.7139163864948,149.08562885243012,0.6945500006213154,53.19332899041262,124.20422906588253,0.4819287406906392,2.9910684107760557,3.8673721413291884,24.572700926959467
0.021592789476156837,0.08809385511287993,3,337.008228769318,99.4264493868425,0.7557157051604877,49.67841886022634,130.46490814761623,0.3058914062332349,3.3951538534048327,4.671135652112534,65.5439023863237
0.04011572759137882,0.10297022181405013,6,358.3995609210778,105.14105471198718,0.6323356154230347,73.26264798423857,239.84659436098661,0.626082603168435,2.5916510667184873,3.6931525244322008,18.702161753586687
0.060916985894185344,0.13879027919548012,9,551.0923844936991,142.6582533580344,0.4339560050324973,96.79901006203409,205.1342582127507,0.6825764260764429,2.3731463598616154,3.3966665816584585,4.149776947272086
0.031257612595346304,0.10622123786594154,7,391.3431580603359,114.37216185877033,0.600637254641416,65.65149864019327,218.06701548226388,0.6230784188697895,2.8391213529253587,3.522112580763737,21.219639540250494
0.0437919944585288,0.11873971625116943,5,322.47953828114714,95.51625743596388,0.5746566011223464,63.99479932237407,175.11822087297085,0.518842375295519,2.8759434633235044,3.736084745613227,20.007910293569417
0.02555412188264281,0.08135423253559171,3,300.9729804486739,88.50303591042577,0.7902251272346685,30.682538327117612,70.73386209394474,0.3212848524572468,4.15415813250893,5.819604837965341,68.68103104800062
0.021993431347304214,0.08206429536098363,3,254.7231639860192,59.34562655427629,0.750179035349057,55.139557054072924,149.21511131700294,0.3645329434970079,3.899345736359596,5.608976827663754,66.99644102151414
0.018739225318205554,0.051388439418367717,1,173.80931266283102,65.95460251526168,0.8602593436500053,37.93775160612537,120.02435148423562,0.29462948927655946,4.45220030192853,5.932224613931773,95.21577078207149
0.024265003316566735,0.0923572629471971,3,272.3581814715704,82.20184927032766,0.7645600150999144,38.31960712878898,132.86114687813568,0.3939223125743055,3.1078782912212444,4.113577365406734,64.5552182848718
0.07098135511784096,0.13539693268859998,7,564.0788117235251,200.90142316435302,0.4593673201066988,82.11624247067716,175.41130458864063,0.7458101284309119,2.2774023964334775,3.061441560100517,0.0
0.028086832208117505,0.09790245228392366,4,275.5306357709622,85.66396433690254,0.8393183337570868,59.68126769929738,124.76624418822577,0.38752786045630616,3.336119504445163,4.06850444766932,69.08433243299828
0.0755435180011354,0.13256087719892898,10,563.410817139736,166.47516968195134,0.4178759785054832,96.28670435709867,307.93551010486146,0.6943873130989701,1.565170889588675,2.2830368371678484,1.3149660303934763
0.028521215603811764,0.09006003954293224,3,276.3040470503808,110.23728445426352,0.8143255467187037,55.29616979649114,161.21544962561555,0.35167971223302835,2.8314195004184706,3.8871654961100317,62.21042039983691
0.02212364121158073,0.08500625584911574,2,318.0572248098942,120.93902545216164,0.7195133363643605,39.45941068817313,87.84455427207592,0.4282901053939337,3.214243077198418,4.468360319644109,69.04678267077679
0.027129831655380555,0.09975663572468438,2,288.5442322382927,101.4265930073082,0.7054748193463461,49.095328792462055,120.78904244790878,0.4021533297452744,2.134596222294466,2.609910235189001,74.5776059719691
0.05187129436990784,0.1384040142599011,9,495.37006078838465,118.78761166274143,0.4205495251682262,77.75611211800997,182.3470764105304,0.7585141199041568,2.3098963610249745,3.1155378774293454,3.540515309536687
0.024492472394954088,0.0884742412184116,2,302.0863071626364,110.84176055779882,0.7712182393630794,50.254952835513414,107.91463579155379,0.465913691980281,3.588198015388093,4.907198792010485,73.53262870455164
0.05888818675806375,0.1340911600166812,7,432.49379285419434,126.47037542470427,0.5276109451437563,92.9802344937146,234.01889214665553,0.6834858811667961,2.682543022445513,4.0161044760075955,0.0
0.0277801811391219,0.08712043512702147,2,308.60688991441634,70.8009899368507,0.849185275957849,31.789875335598914,75.47553976719213,0.45623115020263627,3.8206822141306964,4.784978223856107,68.57135471782726
0.07572561107207451,0.14019263620254704,9,593.1375105691544,134.59329796811605,0.5477272675773031,92.94658174486955,252.74461366662067,0.7678016435366117,3.1572916731479665,4.093956455723717,0.6159783026900101
0.026872290173138313,0.08953844401366168,3,235.92830369193967,94.11716462191266,0.8379260633947602,31.95458039145047,88.70446558338632,0.32777628838260753,3.311821170738915,4.02298542542732,71.17056319239408
0.019599757799045,0.05203546065410451,2,239.6552194545596,80.64740048588236,0.9082166256542236,30.788604473950848,67.96968915498955,0.38910689935484755,4.254786886365035,6.261760588646442,95.94460293582216
0.021680528770315417,0.09212327860877029,2,274.6151074342309,76.77169493490419,0.8002682408122213,41.102532135396025,143.83475598649827,0.3224002244112982,2.5393863118600803,3.4679889071438827,72.32642681379299
0.020295960229118015,0.09366368371719867,3,287.69085509806473,59.282016498204165,0.8160761394158055,48.1780122834887,113.98615308211245,0.48862419631892856,3.4315336653297845,4.588533017412984,63.38976987397329
0.059571561699202254,0.14565548555082156,10,510.05343675343806,132.565251032648,0.5353807537885548,74.21819120447005,214.7215230182368,0.6979895441972308,2.00810707463817,2.5051150542466725,1.0860424075051567
0.0213807842816266,0.09710245074226359,4,298.0306953724289,97.04938531787762,0.7338557911634903,46.328468726062205,139.79234603660095,0.4786540080598734,2.221818886718485,3.270860750335441,65.02653474652455
0.03509065314383189,0.10986346424261385,7,391.96305979824393,131.99924493893775,0.6641936884420305,66.2313444005427,211.47040329558843,0.6923814512243218,1.5075007673736511,2.2437933558325063,15.7233003913579
0.0417061739679018,0.11718590521718307,7,358.0142557377896,114.58148236834279,0.6210002557719684,51.96684749800997,168.58673211792072,0.5494386351340016,3.3411068367375947,4.895431483610423,24.346194502980687
0.031703301662544224,0.11996975544030113,5,427.87277703831114,158.856140695132,0.5969446080914355,50.43982002236135,163.16348773841293,0.4883644599287122,2.136890324694906,3.0493641521541295,20.76940759444704
0.013354720043619784,0.06827628268677406,0,162.05045650560336,46.10709205207153,0.8946368750724969,23.532987598517373,64.30721416096371,0.25397026455591004,3.9238413415897533,5.799715756616805,100.0
0.06399248118012564,0.13363423649909048,7,518.0302249607294,156.29581010931702,0.5245037181326848,88.03112851240373,285.31630982472507,0.6198201556424667,1.9595229912523162,2.536345084024261,0.0
0.07271119186555165,0.14092404273444012,10,507.6618255492919,189.33316300988503,0.522361304175395,70.0326073108169,223.0397903364707,0.7542305490682595,2.185355940333981,3.00519686030167,3.182191779914454
0.016702652606451453,0.06852927663372936,0,175.65096450037825,69.77118141930764,0.9040597750154851,22.214947244155287,47.62814322217738,0.3191550194389507,2.842171536940584,3.4733573882062925,100.0
0.01592069218131969,0.07992990622775825,1,175.3752045814436,58.6731648233962,0.8949681871133077,26.402262781335175,78.13028130495731,0.25907536316643354,3.287040427627989,4.757819063113807,96.39463863721465
0.026115068477693248,0.09396809041480993,4,233.45986008580644,84.97698406761496,0.7045922290836673,33.71563054367471,103.6109776852935,0.42362976511396927,2.190210379615655,3.218942868244852,71.1773369532292
0.028709756655916147,0.08868631640923394,2,303.58649840079505,104.25867760517426,0.814242465201563,53.16363874814465,169.09529184270556,0.4754526615425471,4.348527282442383,6.073175137267501,70.4885570372655
0.023230014604043357,0.0904208329021312,4,264.899570214741,75.14879460882071,0.8033321806340776,52.91085263380985,144.982433828849,0.3578919255023719,2.581092797295791,3.651039397990074,66.08497401574763
0.014658024659930801,0.051673226292916125,2,167.0544265383663,66.1487855498798,0.9275442573177115,37.82395594379834,76.01605555697441,0.3208539200779255,3.7772326129052702,5.220716443564478,98.12107602156729
0.025549618326662703,0.09357107112302675,3,341.83596250382146,122.06837352035112,0.8019341375042188,41.832752815771755,124.55156595523202,0.3789278010097056,4.422653766778945,6.42740412990214,66.03186366639198
0.027017207693401477,0.08871745891668906,4,205.610754119954,43.383568119309786,0.7490026661558307,33.896435305354025,106.63966411755108,0.3260787477972022,2.768007591776593,3.3556450432406955,71.91588926995118
0.04124479831607231,0.11390555003097705,5,384.7784625961188,110.02054961286105,0.655389601475899,74.5866375672555,192.78893222867296,0.6426163423745812,3.4243880607172956,4.684781314672663,15.74814078471953
0.03549726055129991,0.11192818713188006,4,346.56401178055955,101.40838883294902,0.6407528945944585,65.199478167847,131.78473316632613,0.42011474483619954,2.0872692338723784,2.793142434361713,32.95952164413933
0.016961951269416464,0.06331027736970088,1,208.96112405805485,42.271537230613895,0.937180332514248,24.763440975569363,53.30023479933339,0.24817880114354443,3.721184914385855,4.504970072060828,97.43228718708869
0.028178325671342798,0.09677873733026307,4,250.7325385768504,55.60750846723539,0.745986431833347,57.277921702049376,194.58160553491865,0.44331723268970935,2.396315216529444,3.1233690436459405,62.21454191270602
0.04774374217558351,0.12881615083500159,5,334.77849662210417,80.47854518415987,0.6736708238762906,72.18885244935129,219.85317722777324,0.6023756918400495,2.371925718727106,2.917937440509638,26.388932406013065
0.022372073569618713,0.0865486474004208,2,333.89667443029043,103.0042664278476,0.8068337524725867,31.895138929186672,98.84582609753383,0.3270661263518166,2.995540077781512,3.686142573602026,70.48169500570384
0.042918318438499,0.12063108415924147,4,426.1662351634236,142.18647477071528,0.5923293875470454,64.15283802313698,189.3994818078266,0.653420518251321,2.1464727066165263,2.8369886230421613,24.05798333226215
0.07445271526859987,0.13782487267751065,9,503.7131799125688,172.61116457945772,0.42216502266490996,74.45863790987678,173.23710216115956,0.6627099960406623,1.558073980701992,2.3319459908959135,0.0
0.012701209783401576,0.06680565211094036,2,213.52775156680818,56.02321939110054,0.8720221717090334,39.562112623444555,101.48853932294587,0.25880753250356464,3.685368113579047,4.602302928696694,100.0
0.031130176509493013,0.12642395029470568,7,496.24021596353435,134.0094166696371,0.6715578879944726,55.195345759981414,146.8709178876393,0.6902279856239999,1.7490650276875057,2.3582512548192756,22.68864769947305
0.021460787458864955,0.0816433426636809,3,334.0748929882618,74.81820542413703,0.8173551590193314,54.30316820811923,145.4622545318883,0.4106653477576927,3.3229728481305054,4.970537248394504,63.820965373372566
0.049091276637552216,0.12975706673047133,7,359.0706473480432,141.60777701958742,0.5979597852325115,67.14354098753823,183.05377555356355,0.45634156593811914,2.891159121940985,4.114170371719922,24.412060007398203
0.024870121196277798,0.0905304973154067,2,272.34149012693103,105.81581254922743,0.8268427902753557,52.647972022366815,164.48889008687382,0.3929264204371123,3.4567639579946183,4.981847077014235,71.6376314828604
0.06293630446891518,0.1300608680374661,8,527.2404030103676,113.26050031890935,0.46687970342866625,81.37569855721168,241.72703075207912,0.6213730659286064,3.1198606611796738,3.8272041426403995,3.944414416817091
0.02566703371686292,0.08624556334296199,3,224.86973788344687,88.27218690921764,0.7002162593781227,37.761160284348776,128.46410394391205,0.34936096927634264,2.286426013920656,3.067401833376627,68.93794533664604
0.041726023268514274,0.11025300024116609,7,348.47097998367275,77.98404211552594,0.623009266903088,64.83458261448563,224.1821357823617,0.47106873593761217,2.2489424318485,3.151442116958885,23.862097747733273
0.050844919068972184,0.13828798203638562,9,539.4177263107592,146.62528459602612,0.42789493839142606,80.19866794084867,169.83385943111588,0.6585846158821388,1.6876945374726948,2.344778124299365,0.5248440648404606
0.02170225034252189,0.09566309376878604,4,344.9443210989011,126.22657003335296,0.7433202151410386,46.048809707909584,112.11710012778288,0.4105305396910216,2.1887256742628622,2.921006942784963,66.14798337494086
0.019250403098056958,0.06030708743878855,0,160.40789841957377,59.20862603001099,0.917375542075456,24.33349606901313,74.9897804241197,0.2349871363081101,2.518859400303095,3.6864898818715894,100.0
0.029792332097660097,0.09930935940974121,2,267.33875560951674,103.86526287031528,0.8107895036295132,57.23441522987959,173.12055031869863,0.39837856387196807,3.5076261200277865,4.57564127508182,71.37813809060657
0.02981404307696329,0.09004659267279752,4,282.71423414999487,85.19164508356427,0.748736623251292,38.04682080128489,124.20691000650004,0.3555335055612054,3.160698932591005,3.8361743970163618,60.37493062416147
0.04374477936251426,0.1170803440837905,4,466.857179493004,168.48835920514824,0.6939796962864261,70.86798825936587,165.03021782026434,0.5787023041404167,2.1269624589232095,2.6336181629642432,32.58660641656643
0.03370213921187066,0.12296940006828742,4,486.12865056880645,134.51441803028416,0.6827647701180037,71.73614091083199,173.49630710052253,0.5878990725048203,2.7093561810585856,3.6816462315094145,25.965417808212205
0.04020866051614557,0.12262976963085159,7,464.59015920302824,133.92107261310187,0.6597627748988555,57.377044246722306,172.65705702156626,0.6095981391417317,2.408398720146696,3.3134040300177476,18.432162935604595
0.04340114895046839,0.122565540577814,7,390.5285030182662,129.26461436134267,0.632338264824596,60.57857445336128,210.24428528395646,0.697086931321212,2.948053283346566,4.150971538493594,18.409615551222426
0.029015599194893552,0.08484356963437857,2,340.88906774246374,131.97468169950974,0.7882618446456733,58.8069496474723,154.19152253723067,0.38554991831420854,3.9598907674987522,5.710620818024717,73.43701838371611
0.03342620530168848,0.1275649881854027,4,494.94484554339545,160.6186522038781,0.6791437386172373,56.249043053749176,153.76534881452594,0.5661831074021125,2.573803506390208,3.703125840487589,30.70460523118696
0.05634410961459539,0.1416316439409622,10,482.67532948561643,154.78738446148398,0.5255144260185584,76.32051383206186,224.47315439373858,0.6484293430653226,1.6425260611703096,2.4102099336195164,2.6019637149208377
0.07047396259161959,0.1313824129232327,9,578.5314501391791,222.65805623355698,0.4404181758358287,74.122797330075,200.56985142657538,0.6351953766237762,2.6075057507673742,3.737098101745946,0.0
0.04186886176291341,0.12736449437066444,7,459.2061559094478,143.7193483651662,0.6738784141933409,53.82913884966531,127.8980256276065,0.6208751332147844,2.604325407731725,3.791442140346761,21.6924825545703
0.01510828364659361,0.053453583271988035,0,217.8961897832783,68.19894646288688,0.8675224907196737,38.943534321815164,86.6261568801639,0.3823635722985958,3.183991345415448,4.465090191542274,98.53494138762065
0.04290899540936935,0.12754780429058352,4,385.8574069214624,104.43287578885568,0.5557671472155186,73.0351578655931,152.42203681884155,0.47494348483841514,1.775279884852518,2.2538956614663586,27.36930297676547
0.0280296323530331,0.09027825257598297,2,332.72854991462094,131.21950880435784,0.7724648106552408,45.11675082270189,111.16693147521748,0.4207562458055605,2.749644011854749,3.714786434802934,66.23345084032547
0.01368773239779691,0.06665283908309749,1,240.71014617912735,83.04315447073664,0.8672065897113462,25.774264662388294,76.60384100614569,0.37328958627355946,3.6266032661900143,5.0810420268972925,100.0
0.02157273196965007,0.09994060417218409,4,214.022826484668,53.20244474490894,0.8357941495001323,37.094978488557935,126.75528050516016,0.3141429191769595,3.4292014202753016,4.458228930368995,69.80580856382102
0.03744504995472201,0.12373631884967773,4,346.5216057272756,128.88706366738214,0.5932175659694088,54.79234258515485,138.35178937395023,0.42672796677087693,2.7492175571439894,3.4455377247281893,44.338269613854315
0.02183238361202602,0.0833898469759684,2,283.94928002614574,112.33449687615641,0.715641560909756,41.19680167282283,96.73879190887232,0.422882863276518,3.4838479778416667,5.012247644242797,66.00275767148985
0.04479592791719679,0.11001195071014236,4,399.17645582703466,143.41176451756465,0.5773941301851063,53.03590351412188,141.47896991391298,0.4811070191165009,2.7928868210215443,3.761428816188512,39.21476304027401
0.05111006251652004,0.14223710113373497,8,570.2988978385246,165.05786721281322,0.5245143284310565,97.12729007845813,256.6376402560329,0.7988045007964549,2.209197033610929,2.897608235561263,1.656226249465148
0.025541431342252383,0.09765200922974189,4,214.9114912949776,71.1698700933326,0.7409620832747351,37.20091848582328,129.76820623071632,0.3536417012175994,1.6948771655234605,2.118340778328709,69.58592189418978
0.022324026390314458,0.0949377766094385,3,334.08430502491217,91.34816228850964,0.7115795845373203,34.41980716439377,73.8034453575644,0.43946547298078864,1.6695941467964286,2.025820353376684,63.560300492667785
0.04695307390897527,0.1079716114866185,6,429.87788390272783,120.35871088080823,0.6899791819463634,52.52146084937019,116.34274907760864,0.5495336015884967,2.4332924742286437,3.1914830200195383,19.39721589684378
0.014457424037794793,0.07451984528925502,2,247.9970757825019,83.77143131043366,0.8921216772569173,38.799049969913916,109.62074439857005,0.2621684492817907,4.045692011076582,5.082727608400123,100.0
0.025006158712030536,0.08154144190031479,4,330.0767266591684,69.12484097155462,0.7129564644137419,56.01306771436762,181.570623992682,0.49160233927286323,2.1302883356567532,3.148653675749362,65.87811663064933
0.024653555562548012,0.08447722580318866,2,335.0110219598518,80.56927667510413,0.7666796727161543,41.67600363984672,93.72030519717899,0.30498362076674707,3.319956279822976,4.610002314349643,67.12918905264836
0.03624391865161469,0.11527647051962099,6,302.40288519665825,96.84099449999103,0.5520350416491212,60.78566073266538,172.43682639095883,0.569044729280751,2.3670612993457616,3.478238692374489,26.188610821475866
0.046180256611189144,0.11108601776727628,4,416.5734630017492,163.4483672246143,0.5923408134097189,72.11151974700418,174.03567753537158,0.6315270196369772,1.5839905662893343,1.9178148196737483,32.124692339755356
0.012103494754987941,0.06231487465765846,0,173.2624723047364,48.590207266071076,0.8612172690623136,35.14017192491719,110.7860311662024,0.3596266742245849,3.468748185278476,4.789631116322786,99.20161327743917
0.03901500756127529,0.1197703472770578,5,408.7144890568637,145.78412206746052,0.5856026245314616,61.279791486489614,155.37795118187339,0.5418595705698463,2.9548977324118604,4.193639685128481,18.20324687090561
0.010426589903258598,0.05664256580263514,1,224.44931154847595,71.46305753887637,0.9030499820985171,36.94816146741477,94.90993579589427,0.20535215433413023,3.54043882854162,4.257419635106732,100.0
0.029323989556908143,0.09912135279358329,3,307.6188256564087,61.9052468822772,0.8321891039712467,44.0447866161133,149.40604072122193,0.32144664234702974,2.6978368391432586,3.370400305072544,69.49992371532875
0.018227512321048335,0.050511183027178,2,232.78187683953053,87.88222897755384,0.8882509661688417,34.11940897676328,72.04864708506696,0.23752058220115171,3.927993990969297,4.7210867094860465,100.0
0.01540961441694682,0.06772854889822334,1,194.12867821244552,65.02181065795511,0.853878986707127,33.66947396523906,71.92750325003365,0.3821111548128426,4.323960754211582,5.412983969796299,100.0
0.01820601011680302,0.07183382840144648,0,216.75280621652902,52.203914546365475,0.9018607886095389,33.33832935046165,72.43509484301556,0.23684846488002573,3.060357360862635,4.349667759210436,97.63673385893063
0.022461900660029337,0.08677389804902803,4,240.31972678274994,65.164357264833,0.8334149090995121,33.88994581656815,108.89360160520779,0.3756254374952646,3.1286371841246337,4.411336812623946,72.4777591211075
0.04483578873283681,0.12347927422809046,5,395.0556682859591,125.10025041388602,0.5833808763856916,71.69729437378686,210.9517349900573,0.5421005076444078,2.7068058959861645,3.648141963218071,18.05135050665714
0.026312399237739103,0.09364298758171444,4,244.86473250168254,85.5210734822189,0.7714559728792004,41.704781243592905,96.00091059820545,0.32914101317847044,3.9662568886174046,5.366250328760291,70.04056245191296
0.02230614655368597,0.08101609931003187,2,243.83832481324293,88.35490573530667,0.7995366436070774,58.65691354177261,181.47746871796642,0.48266715737970134,2.6638421143416045,3.7214710121936108,71.32389514103168
0.0227790428306758,0.08002236646852706,4,274.1025857451863,109.55511102308355,0.7309454504718513,53.28448560476598,126.93537018257508,0.4224149268467092,2.0345223365481733,2.984201557361122,65.04060869074752
0.07160363447671253,0.14660582806371877,8,420.2774323111002,145.45385084557813,0.4006542618280713,83.07817451292208,193.6096511278838,0.6265473648879598,2.2069569823321658,3.277660239182884,3.634649461307853
0.021639573441477093,0.09658723486600847,2,269.2399043926813,70.47429849640729,0.7015182487063382,34.76739982551309,69.95974817873459,0.4321070689792009,2.319828778105075,2.824992753923044,74.05608454742158
0.050833583566240174,0.14406027364113458,8,501.1325985272717,140.87973130141464,0.44750551174937636,97.89966289925714,332.445298515514,0.691767411011803,3.0813066492561827,4.118454059274477,0.0
0.029378599885634883,0.09086736047408336,3,335.6450010333604,121.70181429662289,0.7281824462233509,59.815814885294564,189.8845479470663,0.35712625629088174,1.9109816129871497,2.7974786218693675,65.77737147258397
0.02846722505039908,0.09208305304000126,2,213.98380544782023,75.27846663684062,0.7488845241317665,51.45225696480811,134.18275947063495,0.4112133173967311,1.6447216489892398,2.047525584445928,78.7687592702147
0.032287333962869307,0.1185252270881928,7,394.2911160760715,121.51624219382765,0.6357956035700452,71.99443947474109,184.9306220218504,0.6766135108008455,2.1453371178911604,3.0458832499081647,13.559361235600404
0.02676137567621012,0.08054655925428242,3,309.64911126367383,100.84678156489468,0.7628824360392383,38.620151887157846,82.45399864423628,0.4247329974599918,4.070105800666793,5.2828768877288885,69.70774645341548
0.02362845242193617,0.08654892547688245,2,263.2659630463164,53.58542332881806,0.7976314584992227,54.049609361379325,175.3666506425414,0.41008063125827754,2.8150285869671294,3.9325984997808914,70.05333548311597
0.02082292451400344,0.08885367508862525,3,234.06710154214127,62.239354620034945,0.8243878474162855,45.03926680821115,142.3086046159993,0.43594724388625694,4.31237796319069,5.938486963798435,72.890240496535
0.04589847040079196,0.11857905048646128,6,365.90033814819645,144.54851814434596,0.6950870756904841,63.72066668447408,192.5539610494392,0.6750867522867772,1.6082597616695076,1.995243912320824,17.003694507372774
0.029658200043740687,0.08738394540715695,4,237.32343777960403,88.21360818684889,0.7697668548120673,50.37488306378747,119.15142644757141,0.4642184500931352,2.6001467964875777,3.151502052942986,69.34848220247554
0.010642841466728533,0.06500215968314968,1,182.12892452851287,60.97309338877515,0.8572281086752293,36.32373138568021,118.23592748501306,0.3816151259003492,2.9393902904104072,4.278169390637013,100.0
0.04596055612475942,0.12571057581932113,4,494.12443459422207,101.90049993689136,0.5862973132383787,69.23503734239671,144.98131401872436,0.5575009326979935,2.670666590251945,3.2717196310688013,26.495798779615065
0.02179240317175881,0.08512276443643395,3,320.30378341645087,99.60955145511828,0.7361499641778664,58.397975913385714,168.8622888728654,0.38644363434184315,2.460922937626174,3.6909535778859834,65.54396478803262
0.022737204777806493,0.09532888657939856,4,214.99339362359854,76.03863370620623,0.8351049360474561,31.16654224502876,66.19453912893172,0.3371473167582471,2.605575994989501,3.533267855720766,72.43968076914044
0.02646947247125219,0.09510439888923268,3,298.9684145043203,81.07800490593206,0.8159804307721015,50.67556321909215,150.90279607456714,0.34799586742406424,2.5164933356560732,3.3751122504599005,64.52756488454737
0.06189903973062441,0.145840389971352,9,453.8242395635348,103.22840262487797,0.46841181323518,78.03999220502683,186.10042644613492,0.7014392966499637,1.570100553785351,2.1750211283480616,0.19691182009248243
0.04648632856678337,0.1178560016410057,5,414.494163708686,135.85267019991912,0.6048827191847959,74.64273430545086,235.01383371934276,0.6041393701102421,1.7147430807015163,2.2872367830852958,20.321476934894605
0.025517447302378975,0.0946212777013338,2,318.69141582166964,81.90447202563301,0.8352381689842809,50.44956484390441,161.59568608002826,0.38538095575807974,2.8162377548797473,3.3915151461069986,74.85797239658532
0.042959102866252215,0.1240591296274193,7,378.0416310962247,84.78756719570512,0.6249977330411751,65.60254353992896,184.2233302991851,0.5364713499120736,1.8135301227817022,2.2438868835473027,14.421025054372949
0.025403057531567474,0.0883304409335687,2,326.10766409658635,109.48224030053053,0.7111452026025299,57.93809840978015,127.84685120801794,0.3714435052203898,2.0866706876922545,2.6047127835203856,68.13596281733113
0.07891939285328775,0.1380470024270609,8,423.8519184954289,140.10195693683673,0.47466528282707177,97.21385196017135,318.1056891204161,0.7119980243177348,2.0579206560200918,2.899608895819024,0.0
0.02039805569395973,0.08423192713885819,3,258.3536040277525,81.52707414095961,0.7379584174304071,40.7138085112146,123.09099856983393,0.31472024396097176,2.9822366231131094,4.224552550514427,68.94522750956622
0.04512008758554051,0.10921397724263875,7,344.1822294262643,125.70091132596248,0.5771123066769225,58.80128399599922,173.11356401508837,0.5165074708673941,3.2762754285333626,4.81908780068244,26.467028032814486
0.02895544355538435,0.08550383525746559,4,253.72463290420075,50.892593864478066,0.7910774719188667,44.52984414548561,94.97717530648542,0.4852182611376538,4.398640582830017,6.00514328242277,69.99707493095042
0.028237988773735727,0.09019336540716882,3,287.4599684782448,71.13311224312218,0.7093885722789084,52.80716998112751,142.44633536077185,0.4336903137200012,2.7409005186488073,3.744778717211705,64.9014153525676
0.022463501048917128,0.08890283020903654,3,318.77204546662966,67.28834276759724,0.8182723843610492,30.8560417464941,73.81292900747323,0.36127432808024895,4.211783321604359,6.061726453802585,68.7703483965688
0.010398469331311227,0.07993320911086692,1,201.34584072294695,58.19995969009114,0.9005879098095747,23.23756451850343,55.98265059927344,0.3582676886127835,2.7733715661143634,4.019643513346326,99.27049144725179
0.02646695190624008,0.09099613041646816,2,272.9514090693358,98.32974524375679,0.7106280259279714,31.971578199949903,68.82763309328391,0.4445997041024276,3.1239907512376073,3.8382266296658423,69.03187559696397
0.021195840698656532,0.09267133601080332,3,216.63425389731304,71.70323595114851,0.8117035448352351,31.439943631375336,104.92565469701397,0.37173447814307736,2.738447958243867,3.706320824004985,66.3436825853867
0.020045902120323845,0.09572577020917773,3,264.14630769038513,64.45929200002395,0.8330180282793553,57.09326808885976,136.54962435109684,0.39853655000459315,4.375808857768308,6.012848288395281,64.7735644749963
0.020536211276347686,0.08418059496189809,4,333.8644228517591,88.04348662165849,0.7151886662246729,52.0741166692007,159.24728128769243,0.45225512297028697,1.8162241250347737,2.5435512321934453,69.52226673557954
0.0252896761690567,0.09200970159465792,2,305.20833855815096,87.94506644408109,0.8332316939819987,43.17903722275988,129.04674516611206,0.3972797101030127,3.860374271509876,5.545750266985285,66.85754590445127
0.023267042075601936,0.09374565680170435,4,228.32210047008144,60.04093285410996,0.7590237692705601,43.8116300770864,148.50663125060532,0.4195187840897343,3.452671607550577,4.843706052880706,74.09113417823087
0.026443680895552303,0.09319237325383115,2,292.01417965592736,96.28991682582777,0.7107947446692789,39.21649822023305,122.2779069737582,0.48016989747758776,2.1232843123341296,2.600734131437626,67.84349421337689
0.0522037707819776,0.14259225087149444,9,567.0265284094156,203.1385832227214,0.524690947588109,92.99490690000547,264.5775858866864,0.7443209825136737,3.347018251827418,4.201764318733642,0.0
0.07577624568952528,0.14716008078290663,8,583.1339305213306,123.24127001685866,0.5406468286611987,90.80042411274584,246.32620810006932,0.6449708942865794,1.5672168755019462,2.3028230071963374,0.0
0.02992068182137332,0.09086474875261107,4,310.61668492082117,73.28694334026684,0.7438732822923056,33.156553609597424,101.58436083200341,0.3969945363349044,1.7944842564501358,2.3360685765851397,67.38683358846006
0.021134733598425152,0.0939286899316563,3,269.1768742930036,91.71348634545296,0.8489206919933413,45.514957255683036,123.09812872396054,0.3789285199144435,3.6367336810373567,4.9143101709730965,68.28574984453734
0.02867702008132443,0.08448386440970321,2,310.21685603386277,124.05028773342808,0.7864315007666579,53.317856469241086,176.29579337810688,0.40100458830300545,4.376410087974414,6.012175196749083,67.71892159597095
0.03695112811623623,0.11166920145145645,4,486.10226344870915,118.55987536880349,0.6874330764115799,53.63262395589014,159.85765635794343,0.423731590058286,2.506221293633012,3.3524064321346465,35.2941662157212
0.024808003716063603,0.08974544511490491,3,238.39874842015598,50.208473973228934,0.795100628844868,44.861888340061974,122.72378943832922,0.4171229951666579,3.334192399601569,4.590020748841394,72.96855077300327
0.033661364215519685,0.1281515380622575,4,394.54683052139285,137.0049679948465,0.6676881508952373,67.90435745592085,219.14338158103703,0.4492815276182217,1.8242479978555908,2.571255529380595,28.32375835731897
0.023544391115047476,0.09581199534603724,2,232.3633921720505,73.56949512119166,0.726351782746198,44.68989463798276,103.2647835710631,0.30888995887457876,2.30952474329821,3.2831930267698692,77.58647625021338
0.027070832013348464,0.08970544793462001,3,274.77634812715434,66.41424240084636,0.7167804062562785,45.803627040676645,112.14866231421296,0.39735200104333324,2.698163224740036,3.2840354600609287,67.15814565333999
0.02259063780641295,0.09454696187780609,2,329.48743475984554,75.52442767431855,0.7607481015892215,53.692328285387575,113.10968803019134,0.41228191276287685,4.297730453954095,5.889170100113558,71.80493866004753
0.06880126819705082,0.14280643318551697,10,500.64072535788546,191.45681792136958,0.4578507965177894,84.71197600033273,258.1636487149317,0.6440269029379466,2.9018316563324653,4.11891993689042,1.7973254075401868
0.07594497384393697,0.14447682784226465,8,552.996911874658,150.02380423631328,0.47401357314980264,88.48584356501689,198.5680149933501,0.7407547620696013,2.4115343023793954,3.030543423481575,0.0
0.029385291175978587,0.08235369306043089,3,210.89044028041545,49.09271562184025,0.7771791980271409,53.717605058702084,183.48640380992114,0.35098769153030085,3.5895886457474746,4.564990071025231,68.81877342329844
0.02991580049142742,0.09870024000223024,3,331.4426781776409,71.53042242374202,0.7843474023244277,36.45947037127922,117.4387707168662,0.3595913779161427,2.535672757296587,3.431169046567903,64.54837794352493
0.021926187290589743,0.09942217226571955,2,245.2291233736758,66.38771017261877,0.7432697430434093,38.184159896616414,122.65503029245173,0.39431611373507297,1.6479715515989424,2.409293354026272,77.80714956356216
0.0595255862243008,0.13318693548234148,8,420.82690954425675,148.83473313466806,0.4600140285484737,80.49596440939425,266.81361626238964,0.6298164859763152,2.397142682951725,3.30869259789126,1.696988836002088
0.02141684030768179,0.08579056095869066,3,347.3043549473864,135.2770100700853,0.7566504978454734,47.93850602441305,143.16946378143712,0.3324389246427764,3.330642201587284,4.935763719333994,69.49099509340888
0.06819587411786847,0.13420610913694217,10,579.0792590897909,193.93552520091237,0.512219242204384,97.47466375447034,242.54766312518734,0.6769166931005353,3.3535585877318175,4.4083421560053155,0.0
0.06466038537264987,0.1392442065529184,7,491.0548454049334,115.94711914370524,0.4468650580992877,97.33024428441641,236.98385649240564,0.6511195401728557,2.592887787398866,3.641184332895873,0.0
0.07086196275143353,0.13380312770901212,10,560.6410471254555,204.46627695552058,0.5268914691066423,89.94949110415124,219.84064976627923,0.7019468941473207,2.0903237638777687,2.6431409347155346,0.0
0.04934626317328354,0.11091225258316507,4,464.312672805158,109.26152280111583,0.6691128894943613,75.90727265738177,171.6111864034285,0.5724123408442714,1.6341732965549227,2.223241541361667,29.30026043620154
0.028968585216914054,0.09295039377680696,4,243.23400151961425,70.0954287068269,0.7398476053970379,36.49574589091421,90.34372365268975,0.47783962670891045,2.573496643228495,3.537331335449013,74.00794979784955
0.029059114086251347,0.08479256090048269,3,202.6735967394561,75.56532633427923,0.7819870825621605,41.28843377267053,118.82915082907446,0.3208927038568051,3.643264882946679,4.976608579125766,71.4544825361298
0.0734872863501523,0.13360489807452547,10,521.0318418784916,194.46760949501208,0.5055583948999743,98.36942420638714,294.4037285344246,0.6416154199632642,1.7125042504755161,2.5522106127329875,4.12371309872388
0.02341486410386326,0.08504408688581186,2,203.65970229085448,79.66668100317416,0.7034717661296559,46.55488403459757,126.83139803456397,0.47244934617808115,2.339581427796145,3.348667392254699,71.26590230058481
0.01806183813278248,0.0799402402242787,1,223.73350766375546,65.36736458375506,0.8869105851916989,38.919248998817274,92.39924659147567,0.29777521719393846,3.2038107543960597,4.7099300558666215,100.0
0.0297053618911026,0.08579519681602026,2,245.76641254483417,75.71983681555893,0.7644735642076196,58.12067944584298,179.92549302939423,0.3679159078059659,4.437686480655941,5.352497008228728,77.93332406300708
0.055943719165842995,0.1469064680123138,10,459.1351681996411,160.63080451789293,0.49486771637251437,83.49885262451036,202.04079762451397,0.7294872033740991,2.5383313933071054,3.3397461711602663,0.0
0.07411590654495193,0.14109491378027558,7,585.5804180953836,211.13167342619042,0.5319875191527009,95.95493870060012,290.679140873066,0.7901261268667646,3.468032330256824,4.80068244920896,0.0
0.040027438055019966,0.12039848925320894,4,469.69203844142595,122.80934885557392,0.5836192088998805,57.66568032444161,129.85583870088453,0.5840780150027858,2.4061339848828727,3.389026636402661,35.60255454205924
0.02579300543604341,0.08986485750127533,4,306.8380550219505,73.02319621066813,0.8037349758581575,57.767432749799426,199.05202378556748,0.3589968257931785,2.8578412522010352,3.648535436187276,68.78888728239205
0.03779944832888246,0.11830626471530423,6,422.93577739872467,112.6087528159363,0.6445926960264338,55.44196417637657,135.174157531602,0.5512200965013501,2.358454183572089,3.042434664779907,23.555692725404693
0.017646230891823555,0.06600681979321375,0,151.1651057826584,54.880738711280735,0.8622910632193741,26.246940124852337,64.60967240048247,0.3434950307833389,3.074754181552187,4.356840538575287,100.0
0.02880140195275074,0.0833612426060009,3,277.030763704562,70.7138178522401,0.7211734190274413,50.52530387508169,148.22725630515106,0.4702336220308826,2.1701497732919552,2.9575075917155593,68.29646556917632
0.015470732221164414,0.07234873742715031,0,214.3705282427681,68.3814716234837,0.9010682759512415,37.89454269379589,110.29298482715562,0.2712098169692639,3.3645913373825262,4.996653216718272,100.0
0.050583820686502294,0.13957595490459934,10,474.59047298337384,131.8931665628717,0.5242988123724722,70.55321344127209,173.36887870135868,0.762442853718699,2.555310259423359,3.817002390526258,3.694057082905645
0.025156969043225317,0.09601605554954394,2,347.04447246946694,136.67163511415845,0.775304096198573,49.76565761448009,165.19223148922492,0.37078176755413234,2.7419762274407864,3.59517412584022,65.1690261582094
0.02780055211989235,0.08740905087288835,3,347.9006468583053,79.13697649524988,0.8110105977039743,35.44582264853302,115.34941946985761,0.4141220768521742,2.7868502568256392,4.066862654165284,63.65370817968972
0.04820125320133065,0.1256498567353352,6,344.7942873842608,103.6656861903217,0.6815726636916554,55.39624078423553,127.20226320570553,0.659133463716706,2.2176427373992293,2.8526995898998515,26.91240129388931
0.02521935600245274,0.08793476445174604,3,282.2532981111915,71.25153924129515,0.7707197614066961,38.1300871839768,118.56135379516735,0.3772981081316909,4.310075951596288,5.342286948499328,68.25332258279005
0.019105257175533578,0.06541873445403044,0,195.661245492936,76.03868552971299,0.8918520238835106,28.893555292872378,71.56076877613243,0.3180095555326945,2.869549949412228,3.947571718494162,100.0
0.011881419617884054,0.06875962051653632,0,220.04922135816346,85.84862993815618,0.8659926318030176,26.252086004013005,76.99412984574516,0.22163266458059572,3.9146308718154588,4.92845924387427,100.0
0.0687530714006783,0.13115264628980347,8,587.3366223106024,214.38209296453888,0.42742485805386143,99.99618353298689,268.35525574581436,0.6764879428119068,3.3519030484833743,4.41479686827868,0.16641325923568706
0.02636445351183923,0.09480945618609782,2,240.37900675212668,87.21295900100564,0.7294055695949248,38.31835916069779,103.75255852742818,0.49179146847934263,1.7783665200032899,2.3032167527165606,73.99534119031928
0.01522049602922271,0.07061013646823715,2,204.366784351644,81.72897259023462,0.861290930155659,35.32553153067058,89.92234759750855,0.24888588913687162,3.159106337032423,4.696120289512478,100.0
0.07530472197913937,0.1399641520724246,8,438.8822272148015,130.68196912553114,0.44765311982273215,80.18042534498886,226.85926310171226,0.7394377640313344,2.5199003482361295,3.546603892418036,1.2451015955951061
0.05864514628845068,0.1394411747407936,8,416.3186928318477,123.80675516096674,0.5001556066529216,86.57649968087877,268.3728238359336,0.69014220936455,3.09702627548303,4.353294275535245,0.44067070926009366
0.024571650206018113,0.09982474230425023,4,329.18027841232384,130.29516319035992,0.7404677257057037,46.78524828085994,111.2870022400903,0.3320040025713117,1.5566895658850473,2.185541775859789,62.71826493460004
0.06361540159865992,0.14840151029166546,7,466.3418538208872,119.72165202225518,0.4098807511047836,88.08082501306237,214.91324371545787,0.6090440294551603,2.6554343733018815,3.5436083184899005,4.1082943947144805
0.026522358001501427,0.08475630263419175,3,271.05473861579424,78.8177536734013,0.7535582370473515,59.55891043473948,183.0441846405196,0.4346092156058643,3.094944450840006,3.916376407635042,61.535630278242074
0.05603955248611835,0.14752330245890866,8,462.8554649831468,164.22699022650056,0.5090145765428126,88.87833738446594,235.450043397618,0.717211127322702,2.311655502421969,2.859229665568994,0.0
0.022735719108310282,0.09403161403234885,2,282.08473264371236,101.51679230403536,0.7332679105960702,43.083213623061944,124.20196118902099,0.3002544010899961,2.616121975937809,3.668159469281208,65.44512920570835
0.020841282118798654,0.08486576009936413,2,218.78460738424732,65.41980035353899,0.8492661901476982,59.614108006405836,205.83705126816108,0.3190533052922376,4.340994670311829,5.956940005132962,72.3944228125538
0.05143244644624991,0.1475782058606529,8,580.2026434836979,147.37393437903765,0.4128871307037427,78.19482741131122,167.02968232565556,0.7761328763720998,1.6780441430591753,2.4682314053705365,0.0
0.03094388834914158,0.10765860827541,4,454.52782775808157,158.18650763392205,0.5529063497103963,76.44076383034798,251.12742736136425,0.43283464300860486,1.8644381303979083,2.421202237794534,27.441390899520286
0.0660739047335211,0.13129223752167313,8,475.17640443668796,141.23041164050986,0.5039047318158393,95.55670495637678,287.6261695122271,0.7761660727270334,3.148470127118875,4.459571133126595,0.0
0.03660508852157301,0.12848634463660105,7,396.7477052125562,118.51154195961391,0.690167646090238,61.82917631812908,125.49644607976491,0.6082226906056448,2.3505651318663356,3.268132760585349,19.232137780913693
0.02783857198632812,0.09090481025666726,4,296.28393746539797,63.324602462361206,0.8031654899059546,31.013520131698233,75.68845993572779,0.31002687469664353,4.1330468673587735,5.751365573978483,65.42975085365681
0.02940820124369233,0.09767932747258072,4,324.37203622896965,119.27456589223137,0.79925844173071,32.10119131576793,106.99235766894158,0.40843359939636664,3.100874667495125,4.641691237484312,62.40568249236818
0.04088569256278286,0.11805704680312336,4,382.49278272780316,104.58939081333463,0.5735568538950687,74.99746628247075,186.69890890802338,0.6234412316247214,1.7057810677678529,2.068334263811027,26.12346191705638
0.011534615829613612,0.07941223982298493,1,219.66241580631907,64.63938421055482,0.8701514438036805,39.69683013988969,89.75219376510523,0.24410244061081998,4.119010594612529,5.316718896011671,97.32560305658181
0.022619364633839067,0.09323312602310158,3,338.8540632382272,74.87429655919365,0.8330288016712432,45.499973423153136,134.69966932863397,0.47965216209807593,3.924523746872942,5.367357479123845,69.32857384040689
0.031685216382451864,0.10858468875520767,7,341.51572265107967,85.93120418702786,0.605229193579926,77.18286519955291,202.27791648822938,0.40176432786108274,2.0157953991573967,2.9171279296781734,23.512220417235604
0.017833650807051064,0.059188862419975334,2,162.89799955202434,48.13106500687775,0.8648536368469698,38.83257034526533,123.06318200556576,0.2295492321720013,4.455344177722228,6.228705336304593,98.78750222726745
0.037932795585399075,0.12411024012591462,5,476.53098624661266,190.1237905367426,0.570497911416893,58.24268452478046,162.60488672286323,0.5031639951762513,2.973954324476951,4.0921393532842,20.359637505483796
0.04792822932950692,0.10098090648432535,6,435.51270728273533,143.96247678326876,0.582540464018413,63.58888483230227,189.70355191454036,0.5176229269111774,3.1584649040442807,4.4935781023801304,18.536933011695247
0.036323774820900115,0.11596729918140794,5,455.10131321881113,103.8787940530327,0.5633054325737521,69.3118546704076,199.0261495328471,0.5231257413395467,2.0778659483534057,2.8433965780488943,15.426503090071947
0.02286509884130203,0.09690250814609516,3,201.0013565107215,69.0586080416927,0.847154657078263,59.33997720361366,131.76825541187387,0.4706456278269607,3.0148812092061155,4.38147091208933,71.77644872065437
0.019679125377494593,0.05668394433822719,2,162.22938191866965,55.93095803079097,0.8593794610475458,28.2995577108446,61.56751328498587,0.39798795065835824,3.0142380742279693,4.120301800678971,100.0
0.034137666785644956,0.1040341602051023,7,485.48218809072665,164.57693339551543,0.67775945591743,52.39703198958712,124.81537034749769,0.5485196130002641,1.888978777097177,2.474455243102874,26.991936636107127
0.01960805273473055,0.0629048949391433,0,210.08762804744913,75.89371501432892,0.9233018739762586,20.596590353501178,52.49057526279669,0.35048725025734795,3.5646814085655967,4.46998222497655,99.86559522452733
0.022395326746792642,0.09139235704032952,2,322.16478223626797,66.02814895852296,0.8361828777797096,36.8711924550176,106.27564125820771,0.36774182160001323,4.368112695913835,5.675083763576804,73.12920517260059
0.014336484303933557,0.06967921497195013,1,179.5575384663442,53.78952489173943,0.8637764250569068,20.449491336733903,60.67080358578266,0.3865162489648871,2.6182549766985552,3.587599678839065,98.00969868340616
0.07330515904138159,0.13005456665422746,8,483.4989685063661,113.93663372723114,0.4518401839239276,93.25745310982087,283.95924305524636,0.6587222694551848,1.9232543922666687,2.3321818894600885,1.1348849200959532
0.02607805603172869,0.08581387013025693,4,296.63554999327863,82.92080294357795,0.8015071811276101,35.84776154966993,108.19861078118568,0.39012648746292206,4.201986394498871,5.840862928940823,66.19208879177486
0.021849512664652064,0.08048823954555219,2,203.32617243165504,71.67173260163968,0.7249672814861177,51.14149461716986,150.49768216385948,0.4276416709578357,1.6495944964269775,2.022449318999457,76.29282553970356
0.027305977330824655,0.08787828223425652,2,288.47059586882324,63.68185176204316,0.8210219048421571,50.324274550085924,173.28783179326817,0.3971797773393932,3.9916704325928656,5.928489619152805,69.10566306383836
0.07887798336997875,0.1433514437031182,10,410.30251438632587,106.55481570270344,0.4755220864782154,79.75983952592671,204.46920546657586,0.6309698627395584,1.5492763027272423,1.989304120602509,0.8190827404874301
0.03778664109106359,0.12649301691705483,4,314.44767672281876,118.25838679551454,0.5837480459801659,60.03719043147383,137.04702238873827,0.4311113434964429,3.220024637774415,4.762445936464902,32.958185865294524
0.023538482972372897,0.09662675337170937,4,302.25050965237125,115.34857314255142,0.7950653069212374,58.75868805265606,172.54804543787807,0.37698350501581274,3.9859805093292966,4.862314263244119,68.87729246682593
0.02245770440463546,0.09227084648745679,4,302.8722136227079,61.36171667765397,0.8444670888410795,55.46746830186904,120.95083433260169,0.38015747037210695,3.907492642259822,5.22871550320327,63.931130462646
0.061817636391499994,0.13169008155537373,8,524.0757991913493,167.46752112875285,0.512133754103945,81.65700300788451,222.69868320274114,0.6545058778826988,1.9568522958101906,2.867672549669135,0.0
0.015046718957084697,0.07897251402717205,2,237.4600062274292,88.98101170573446,0.9324949925407515,29.355954447218203,90.42928147372167,0.3479927258393733,4.397058057061226,6.147855108306893,100.0
0.03307099344292142,0.11708878990108755,5,422.2358936261837,106.49904360059676,0.6191777331431496,69.30404069260263,151.25170130828872,0.4417247700711263,1.738506197223453,2.1227021129145776,19.74517066872426
0.026282933283761408,0.08538493941384348,2,206.56110062492607,53.95382741085084,0.7004770479707931,39.96370428642897,119.02294450584705,0.3507727711324595,2.9738884941410566,3.771949338061823,71.0028895306192
0.015192496568467963,0.05747878807039992,2,217.60591872934128,81.91346431313362,0.8888714079318447,35.012249708398876,83.37126444376543,0.3272446402696552,3.4709784105894714,4.644626674149939,97.17469007355244
0.0181596301569882,0.06838239025319928,0,172.68518585520255,39.596898261677445,0.9409752306701623,39.95084913272432,109.33806216842225,0.29654112474293787,3.3823421592208036,4.361312229659043,99.9617908436568
0.04215482049209771,0.12815805318993037,4,388.4936575322239,142.3539401522165,0.6039393606706956,74.2765552081205,148.81875482012885,0.5023708614011778,3.1175344164630143,4.607039449706109,32.545329926095754
0.021262238169315308,0.08903763060933971,3,271.14591378531173,100.43487157782369,0.7324777519682272,36.67233449292334,84.8695468352125,0.36961293335383244,2.3622011863425207,3.142228512943346,67.25722146259618
0.04931380321783378,0.11442756320014792,4,486.4075196829598,158.0175871940645,0.5920450640946309,72.55690371227152,205.39552648413473,0.6077828304207228,2.249296114386077,3.369852560575845,31.77650281104104
0.02616323210970941,0.0973529422194765,2,296.325211679653,105.96813063387211,0.8056369706190706,55.62881139673133,170.11643826751114,0.47021964626396723,4.336660246132327,5.426898827103721,70.45360521779206
0.027321301507755854,0.09981171774152875,4,308.985604506703,83.96308412416532,0.700868870080968,35.91136373236501,75.16711873198231,0.4442128394771052,3.175052472170628,4.0396261996266905,67.18787422896393
0.029670243869709238,0.08879996637762548,2,319.57724964898404,91.70397759770968,0.8483427306976064,55.07608334336942,189.18307476139415,0.3257515915233818,3.574658978521964,4.594672046853715,69.53427915192623
0.010835890885103774,0.078202547453347,0,216.80087461988262,65.79776269568416,0.9041201411149757,21.087625082549447,58.466192070570415,0.3084411850327361,2.9950477504293747,3.6382509230299847,100.0
0.05754573044273092,0.14306992461534887,10,531.5400563557757,141.29694451092143,0.4351433374826176,86.03128178022456,270.0376902616727,0.6046409398283429,2.770012769709954,4.021895296772674,0.0
0.0489516102973506,0.12362400057227553,4,365.84433504846015,116.8865250721934,0.6620675046818973,57.01537002238779,168.41501524726297,0.5466571086884706,1.7713022954170814,2.650099992269017,28.543898896124247
0.028688276603274495,0.08963835472327515,3,285.8715540803216,63.263856300499846,0.7344007800330621,46.31284890444742,140.03753612620017,0.402564545645375,2.4433459908035555,3.246993059065608,60.52142968186404
0.020979050208808987,0.08841941559863177,2,217.7295046909517,54.170125901957284,0.7516334700609694,56.07696388157492,135.5522401195078,0.4929450425113408,2.59448493145426,3.5055442200522635,75.03864665519889
0.010489909306728978,0.06509270516802909,2,211.71457312131133,62.04017312744145,0.8724800954894283,39.1268562818757,130.28152505015507,0.30787701960772446,3.6863315211343295,5.278093769083293,95.02281022783363
0.029264574769200403,0.08943953306658135,2,269.17613547063064,105.43582805139056,0.7803914826301862,50.08050122707632,175.15555077168807,0.3681678760584271,2.683021393129911,3.7139274533928144,73.71323154760792
0.04065536302769223,0.10603882880849325,5,409.5825724109613,96.964995404647,0.6479591483883909,65.82559525690235,197.02732439435053,0.4331307064214762,2.4878774063506137,3.5497543238610856,18.5876840963488
0.028360198557304744,0.09074511365297722,2,219.72951750485055,50.019394747450306,0.7148333903375366,51.1624223249461,153.70672057372394,0.3527084571068912,1.6836793967695118,2.4736510073968447,75.74483364259736
0.030397296451707717,0.12220072231547612,6,336.88491404247395,81.22260644840836,0.6057982334355833,79.67010495939542,264.1773664633107,0.4783688616270456,2.6764273310993327,3.353830821802592,21.52639194981673
0.019171780520088423,0.0790376635081032,2,169.98694967118854,61.268058751071926,0.8927619511669622,24.577430919662515,67.08718078179271,0.26436464959564787,4.413809555934652,6.419443909389693,100.0
0.01682114724964557,0.058111358640042424,0,197.8334406413919,67.66697133670185,0.9106805114728667,27.980107762353125,67.72312216856146,0.3803225429982545,4.017271917032813,5.830727315205361,100.0
0.021315916708780237,0.08095275310409546,3,289.6805906836965,101.23199929168729,0.8283274486173916,51.71366684498007,153.8826420993854,0.3582851667591881,3.3322493160181694,4.965592783556701,66.36972145827451
0.07986815650351513,0.13982871745301875,7,545.874522652853,169.95552975661352,0.45103414257898766,70.0107358914537,234.25200108432136,0.6485340892595705,2.9782105607681015,3.9549392883764822,1.933222645267475
0.040605546449005506,0.10311223661131642,6,333.69188260006274,108.03042668944448,0.6298199420823366,64.69930521243585,153.6721866825003,0.637248017473892,2.7372386497809797,3.9428240996699393,27.47328741284385
0.02472700643234317,0.09439358508267535,2,310.075177583831,111.78358925446824,0.7189064435218724,36.539381930335736,119.32430448654986,0.30283980397504756,1.5995752895465238,2.1854873650252227,74.93456249903016
0.02833753408839282,0.08718437552281802,2,310.8242645816918,99.53368650707874,0.8482362220531057,49.87483537636758,111.99446059352468,0.4410619007894981,3.529123507851735,4.283425890313744,65.64473924263694
0.028604911264238097,0.09256184119187154,2,260.27379163831364,54.61169701137683,0.8046328893670475,57.74875740575848,136.68936048151934,0.46840580242644214,3.9736246874049,5.007939865368621,65.71456810515308
0.056703706253754704,0.145595068833044,10,556.1660688907857,135.845920116207,0.47220297272310385,87.03840776577184,177.7474171021147,0.6680614391904722,2.688193447804248,4.012055194902797,2.58464949644593
0.022854528479369453,0.08013069894751383,2,331.8598259505664,89.00516030770044,0.7748785534098427,45.52528384010585,118.37225650363878,0.45963325745166095,4.37023195884359,6.322706224178843,74.36652908160218
0.022458459248292116,0.09471524752409224,3,203.1393476745009,44.605685044424234,0.7231898275315941,40.04759773692978,127.21309359167297,0.4241123493240291,2.4229026099467323,3.2986201471569627,72.38454404996934
0.04825602959039853,0.11021146145970619,5,353.41579571615233,87.99089582231875,0.6267244268386332,70.02679413193972,213.5185265757728,0.6495843988742801,2.2876287035066496,3.163907906090822,13.813443341217813
0.048183881866998395,0.11136111402755201,7,431.33394512997006,110.77814475960749,0.6192543756674362,71.71680029425731,199.45448500832853,0.4766372579160393,3.0012954360961146,4.083470807741118,16.969528731510398
0.01034959980049511,0.05706354139168636,2,202.63672060558397,42.139202328300314,0.9250332663747344,36.00268561788352,115.90687305125681,0.32234910027985086,3.342914130195942,4.203299626115415,100.0
0.029365331756211033,0.08415511299242716,4,215.90707346536828,51.5863235371037,0.8411452692623943,53.59094796025026,174.7945686094293,0.3568823931796325,3.222835383704115,4.527399611226733,69.04498942443769
0.07288163972344752,0.1388585356924286,10,542.1640396040374,115.4525599055774,0.547456411652923,90.94143516864509,234.55142397438215,0.7895096849611708,1.6824958679221824,2.2297909444647055,0.0
0.02711457316807958,0.09654385460006937,2,200.0023387019254,56.38118594266929,0.8478643110065409,54.81047473748703,114.93909781250409,0.34865976933769127,2.7537580890547946,3.3588703491714305,74.04040885315051
0.029654112855032985,0.08208730184192008,4,253.2465269671926,83.42136971894477,0.752729770346148,35.762034939309395,104.05276136934796,0.460667480663959,4.3785837624153565,5.878628809124519,65.25842781940156
0.03931969324276634,0.10427224409797042,4,316.98365498244556,95.43042151141235,0.6436657549201783,65.62505259504005,136.8010964763291,0.5756781585675317,2.946961971093388,4.001494715078716,30.16204766610082
0.0295528555542802,0.09926856805113635,2,340.61414123733465,87.03694720657958,0.7987993825716423,50.91785223506058,104.81372862129588,0.3180382818649132,4.253134536038775,5.248662731579189,74.65681051977106
0.05565205364002274,0.13261162326271791,7,572.5807839436143,120.40096001725011,0.4861600317524061,79.65927986020513,267.1733291153801,0.7469187664018622,3.4046009871135388,4.440620073696359,2.9757612906891895
0.06522473330244358,0.1320320240760999,8,587.3002921387839,214.38071941315312,0.42970366899914597,70.63015346729921,243.23530119768924,0.6216643636112644,3.1420224425371215,4.047406350984642,1.3208289000720175
0.038649378527250436,0.10483916759787115,7,477.32169275883626,168.6186124298982,0.6013475627120312,56.443331556445926,185.30982350275616,0.5661679565659438,3.0892382429760183,3.7785231169130613,19.770883340277106
0.013573149423932174,0.05015016824129879,0,234.26294888201656,87.99379728733581,0.874364906607538,28.727710544207433,66.65416224922896,0.3476091834113798,4.010801172815606,5.465489688691831,95.87450624210317
0.046408261209197096,0.12058906148044014,5,418.6413562048012,122.23942094722359,0.5948852507401776,52.29347937102723,161.9988472137562,0.6601182296166604,2.0798977337752413,2.533331110337097,26.784137673941295
0.030914491071992126,0.12572534538326027,7,319.62908778890795,70.27140150730568,0.6163025541284095,72.88036186513142,156.9464441569084,0.6715268538911003,2.8081138321562653,3.4923438400137883,27.484281275438395
0.023383786679459017,0.09490279024723862,4,205.94775884547627,59.64404743680367,0.7686014153594714,59.91808846627647,174.12971021713687,0.35404984193206135,3.194962268285812,4.60960914266407,73.24021763407707
0.04255456305504576,0.11449155388714817,4,421.0093453276632,145.24286125158335,0.5549159395026004,61.126730853224664,175.40035849263305,0.5762449138766313,2.4835184022914834,3.1851776082127685,32.560201612524764
0.02066229038731474,0.09767861225111228,3,284.1266169487676,64.63471254872965,0.7935595517488836,35.21723630040489,75.67049690340053,0.4789131443733227,2.6442422637415346,3.2657961702967544,65.50644023418718
0.04635460913161759,0.11667350022831963,4,376.4573614475996,100.49449706800188,0.5924751564224187,79.87478364807893,263.91728549488283,0.6965415623454482,2.5755160286032988,3.3910259876095354,26.01270062111492
0.07520111198970036,0.13387015004860836,7,576.3637671041756,204.7689712908841,0.4413140018990745,85.69125277162935,203.94163567154968,0.7464168049993946,3.4922074237184164,4.343770684509858,0.0
0.04523113024163742,0.12116705740816643,5,393.0246450071098,144.67333386078388,0.5568072073580114,71.8010382875806,234.43406914349245,0.6391342561514693,2.0371052749821317,2.79778322863766,13.173136484070621
0.024361782988488633,0.08333736108297453,4,287.41433940167576,112.02137784132944,0.7091867807667003,39.05736812478198,103.9558804697959,0.4941824712405945,1.668057447752381,2.3009424667814895,60.45637623347336
0.024077661529765416,0.08202583706809703,4,243.54172446193903,73.71233606418797,0.7385907774702304,34.75666678965411,98.01975316881142,0.49019098165300456,3.26203125927006,4.3250989175319114,66.17664624737486
0.06105985314846922,0.1370016372308694,10,420.74882266694925,104.24020407767563,0.45544329405459366,74.64171728663744,201.5686627033907,0.6371431096585829,2.9436148810946063,4.1803852698799675,0.0
0.022433047769209975,0.09144398869002814,3,276.8284047273498,90.45706594422634,0.7249488259986829,52.93538781792777,130.86485019141713,0.4858874994114285,3.2376640520752322,4.15960138524285,67.9407630483422
0.03278207902839624,0.12145335009964404,4,484.26833225977606,146.03806043843633,0.5591312957031638,68.97357155804069,188.90737341927033,0.5505922954580423,3.381626375657993,4.244033395956378,28.100740192424666
0.011312539290945082,0.05648124274240478,2,231.79553540826336,66.13267930145075,0.8738420989003729,35.47411063747878,116.1402670666152,0.24340634258649368,2.6035429274515547,3.1969775287635316,97.14290412785246
0.07287716402027464,0.14326922277732076,9,589.9524225115292,161.7342463735954,0.41367171353268956,91.8083640521694,210.038710853601,0.660271178042125,1.892015551211609,2.4760054277839267,0.0
0.010537270568021999,0.05147514939714873,1,154.41073455938968,45.55938308455446,0.937335486301497,38.93758011023905,114.77805627466553,0.37768963942058525,3.6355207662195097,4.958138036877611,100.0
0.04849069188359065,0.10470723123326614,5,492.02932381272035,145.2188780765326,0.6730373414226688,77.59647126837673,159.82307614408887,0.554288715801989,2.284313256636861,2.76283605822198,17.435474502415424
0.027358737481509684,0.0934876089296467,3,312.0296618279561,107.1643184600697,0.7646411396886131,32.238004081309185,104.68147463284772,0.37549152215389053,3.2842369432393848,4.098480824785156,63.85244398647111
0.06038803070253881,0.14627547180467454,10,591.2905630025077,204.67232712546567,0.44922235588340637,71.89837377143537,249.31821455813665,0.6426254687954833,2.9024008502632626,3.843382884342707,0.0
0.03486977585486192,0.1275928265912839,4,337.21594338620446,109.35599186802948,0.5543040535035101,66.69131330810829,188.9282024705023,0.45654649033378164,2.593359172543453,3.4557981584812754,31.572265634661456
0.054325110907761494,0.1415996387668357,9,432.58201745409553,161.5500458416394,0.47342969361419635,84.63929179189341,265.4935595183354,0.795057156687355,3.0037173172324505,3.8441344971096107,2.2904374887126644
0.02319243799968405,0.09616481621764135,3,292.6208462984096,105.2268700631235,0.84314689024496,53.39014290485721,182.9094098917249,0.4134619104935175,3.879218978311228,5.176317031894864,69.13646444124026
0.01027822276569541,0.07063555227161562,2,227.09152970188248,48.16389928930894,0.9096156201308365,37.50973610487174,86.73620615417016,0.3712186397689792,2.5916683542022203,3.4870557269021467,100.0
0.07360855522467472,0.13856215127823512,8,496.04657805615267,138.22112533698623,0.44997035139247227,73.45016957655612,185.81003210738746,0.7355908042337843,2.3534318880244056,3.1146743398152856,1.2744735913781935
0.024227680077099068,0.0896258879025157,3,210.58974859444172,45.87338925532228,0.7468428743410381,56.64664733738097,170.91867524219808,0.46319669730122337,2.649100118527035,3.524041569012595,73.28993986253101
0.03642935045534377,0.11439132487289554,6,377.6903017655841,107.97751656659827,0.657020867100904,65.14824751157231,158.28403558743526,0.48840536237476184,1.948538429760102,2.6193504939523855,22.54581676086891
0.011741421190225716,0.0635426354641107,1,215.2605001296424,78.9485593176417,0.940215482373234,33.869047024227854,116.09925142599832,0.36401573806677384,4.089648152841745,5.702092522717665,100.0
0.016994926620468368,0.05491622790302749,0,202.79816078074117,48.331296125844375,0.8719477318604432,27.371527170884075,84.80351533752159,0.3627179700725475,4.444631838819334,5.546512358615388,100.0
0.028760301001940138,0.08101206139380678,4,222.35031723988465,53.54222137062964,0.713372296194165,30.929049392509153,90.40226367586577,0.3429774596802087,3.293763811215839,4.251789129195544,71.3557703729354
0.04687147739135737,0.12054692136119184,5,316.62856425727347,73.58746065050796,0.6476217332584744,63.70259005844725,185.72461175997222,0.4183877205882751,1.828536929671243,2.350108528341826,26.014364218607618
0.025363076125925324,0.09280158098516587,4,236.80498970080978,89.12068559526928,0.8390304847238459,30.969282986455905,78.12088827076236,0.4264219893086495,3.034938398269561,3.8512928532754565,72.66559775963198
0.027152326306164584,0.09830712297934949,2,314.109900400283,69.78461789315774,0.7515381498301682,37.06938902275237,82.41683563036858,0.41479954705968586,2.7941241299723156,3.655184979423754,71.1122666585991
0.045720088285012825,0.10627090475725058,7,492.57390488550504,148.6030199879482,0.5894888277842624,58.2369924412883,138.43418310802127,0.4949480274295711,2.2522214505832565,3.2226403487948123,28.291447617674137
0.0599220289657104,0.14270782354780276,8,420.2915984957154,98.15643276408963,0.49696702472307636,99.36966583008213,240.93118751371034,0.6765497508099517,2.705107893563242,3.5119057281873043,0.0
0.022695392733185306,0.09603605038709069,3,299.6586013113808,86.58865509053538,0.7692299324912271,58.96335685505711,161.51319194914146,0.3083154535425244,2.7690868896361867,4.102034323480064,66.76102907841783
0.04759943962734054,0.11723915591257142,5,398.89552577788714,118.47924523743131,0.6790058840007864,55.99877558077522,140.62009706037608,0.5279294386862508,1.63492468280254,2.331645472430265,23.72593932400003
0.02318837791240056,0.0916689094520696,3,346.6069683643809,124.75437834804738,0.7255887474146835,38.566179684136564,126.9802908498263,0.4173701016275429,3.2117560654332373,4.472016612673424,66.04167188255771
0.023623855886597645,0.08423059453875952,3,229.61080697300318,48.54405499252013,0.7502675608443723,46.298144872529036,94.40239440071635,0.42822748658490106,2.8316173268778915,4.235527642654315,74.25818679016511
0.015315158821028735,0.05777674516923673,1,221.02797917611412,62.08530109377849,0.8830169056454413,22.197874009503728,62.28504163638705,0.2105699221239914,2.719123499775938,3.984070143824887,100.0
0.05366942234070039,0.13983273014353464,9,487.5024623829408,137.14863444175933,0.4353971761827505,89.85890024615861,313.19683762580485,0.7565964200263725,2.6868217492189914,3.9757627622397473,2.601557349735033
0.04759219064209936,0.11892930393343047,7,424.4834531147572,152.5656011763658,0.6568109969686268,75.67594511257809,255.71181634933947,0.401243716707394,3.4493451812254756,5.116458290565881,22.37415685387419
0.024469464314164257,0.09911487572941179,2,295.4929282001095,76.56973878929601,0.7758027748711942,38.286389377929616,127.22560856502317,0.440001120168982,4.02140359912698,5.088630830838697,72.58509530943337
0.019969735063656343,0.057306820695068574,1,171.02599165773927,43.597378467723594,0.9082391242435806,22.72894049871073,51.94475510252936,0.22041978780751276,2.798492197075558,3.3643990136519974,97.23514931578488
0.025704473743799437,0.08129157061558988,4,275.2664381935026,97.47988714554764,0.7880710888829663,31.462083467823316,91.25594241308423,0.45794539258248157,2.602878827408543,3.4145333316223563,64.41606061271072
0.01942247519335077,0.07030436428901037,2,159.46213859756148,63.203184017327786,0.938167460651518,22.84402457510054,64.31610958403493,0.35145487024175914,2.842367966363958,3.930136393404806,98.10481074622598
0.034276958553541424,0.10646583206972089,6,484.0397273479119,188.85787365426728,0.5953008065383485,71.45350933207109,161.99954528367388,0.4316007676694392,2.0826966254990755,2.5494895490855085,15.013423840500671
0.02307996086710816,0.09893768834227692,4,270.2629794859622,97.10716300561374,0.8396671565587526,36.63760767099973,102.06162448707249,0.4121363529985043,3.334308072425793,4.94657168906683,60.2649063166621
0.02517475287730378,0.08671896379182333,3,228.48428140225894,73.89535405106106,0.7691670294744782,35.21306988032114,105.51018291038095,0.3299843092707974,2.5420411308286397,3.6560177078105056,73.72026316966206
0.02207400346275129,0.08531888765615994,3,265.6832074884129,80.42031661636335,0.7386347557879638,45.7566813585584,100.36265612503858,0.314369201907919,2.348286126483527,3.2258086594442412,65.43106772731365
0.027064342766994206,0.08160473904220926,2,265.0570025617152,64.30291564044887,0.7198412225016081,34.07335597032539,68.25865866865213,0.3191836691115228,2.790232457779949,4.029768914442603,73.63570158854493
0.02683863013933098,0.09378441114860248,2,313.3517684376708,120.73065359735506,0.7387425182532527,46.57383393425939,118.47438826009872,0.3991530559168031,2.5406971630084847,3.1269538132428236,65.82791300932041
