speech_rate,articulation_rate,pause_count,pause_density,speaking_time_ratio,average_pause_duration,pause_duration_std,duration_seconds,pause_pattern_regularity,rhythm_score
5.253870142492061,4.499493219142228,6,1.5260413239588608,0.6612673728402582,323.98095581407176,87.38331235871577,6.186395184235965,0.47894844149936583,58.889890611828434
3.538050997710072,4.919874074378569,5,0.8102080773144069,0.7021898260441272,319.9190609635782,50.49112871792711,4.490161481152168,0.7083904458872136,90.59782001533793
4.621142887031952,4.415911634816124,8,2.066349995184297,0.6155955335640885,326.0666948337434,54.47940149568273,5.807695494738995,0.571467909786121,58.42466374907079
2.5595279201860395,4.435953703352394,2,0.5745149648049966,0.8645312219102064,184.98565376645882,10.420025847323746,3.1740280256201396,0.8860146213277454,99.74020786901723
5.191637695150526,5.278262225913745,8,1.6978223464600783,0.5721276165793886,340.25186198814174,106.69097743726635,3.024983198707013,0.4326258515164323,40.15330662919676
3.7092663329698747,3.6898396342863826,6,1.2105525807515565,0.7615033525129336,226.65208642647082,41.65869922185991,3.6377470608814573,0.5091642822916269,89.45387137223086
2.439850083457172,5.3553948976925545,5,1.5007175278639442,0.6804378507391418,159.39314939322088,31.574220355631965,3.488481643843209,0.5328919015315016,71.47883468713778
2.4637425628940917,5.692356727448001,7,1.6337410280343239,0.551520299988717,448.33010933555533,138.2515919099188,5.566525741197687,0.4487015035559751,49.62488687719844
2.586942766708268,4.879694679199944,3,0.914280541364104,0.853677926617848,198.5227581410566,1.822659232990573,3.078608443934022,0.9747978506761348,98.7093474749141
1.0120846647993338,6.778733670838566,10,2.9995211865369797,0.3569659157524936,522.3292704942219,216.2182522582137,6.789534807527925,0.1843604624506243,0.0
5.270759308320698,4.144893632620072,6,1.8079895913443045,0.666818085576232,365.31804991542094,95.69803622206365,3.510936089160432,0.3411975013196371,47.95825845552233
3.0814817970010213,3.005957392015291,3,0.6624413183074352,0.8117439144213933,206.2893356451104,4.881046139134099,2.1901977528237673,0.9453208364272673,100.0
4.777926445261947,2.7665118071125834,5,1.005378486438941,0.6857835188585427,262.74863393657114,52.12675235932256,5.6229592706105835,0.5609624021635533,70.69702637402949
2.5313855971850767,4.437540367771372,6,1.4643937159932232,0.7123464456754567,268.071222679937,59.17429106039417,7.546973475832172,0.6229861983144263,84.97087495060204
5.526544658645558,6.437242968964954,9,3.472559320503512,0.4827472221773755,473.0070786535858,226.01157284173195,7.138065983072535,0.10232726599527348,0.0
3.5300854613958865,5.893914615295138,3,1.2224434357053806,0.7718888567556965,250.3943758660409,39.90441448655666,5.547208557132486,0.652602606121968,89.41050842155316
2.6705018891470464,3.5944774100444516,2,1.8886585663298223,0.6686315810618018,314.38682626802887,73.0246406362301,7.500294030467691,0.5119497035394365,85.73515755383676
2.609339009612116,4.018405815142007,4,1.2081945984959832,0.8756999046011575,224.93719656402618,6.055932751907666,6.785105807265145,0.9522791482055406,99.31017384769062
6.383894667857253,2.261706080255724,8,3.5938045085995465,0.3752667368534353,532.8578110990204,118.16170445451432,4.014769496499144,0.29561955867892914,0.0
4.9609936115031275,5.294268577902778,6,1.9328204796623145,0.690849150730282,430.87191834972054,74.87532699597948,3.7691386733830035,0.481315933268129,58.334705811935095
2.907734036444709,4.335072084865153,3,1.076913487273232,0.8557487297996159,190.31449740925294,4.586474821946751,2.898905496896962,0.9351013905237392,100.0
2.741642926774593,3.869507209895085,4,0.7143219205287067,0.8534269756902896,210.0214881835887,10.196071172270342,6.505489959459872,0.8944591031558795,99.75257245683048
3.9005895759764333,3.1715633181292584,1,0.9982036486563215,0.7464371020166413,203.10928365920913,23.930650622583823,4.326743032717178,0.6718995125706233,90.17475611226268
5.4673985233481215,4.278067472920211,7,2.1737118606087282,0.5639577372415673,348.5879364460399,92.89449763816002,5.441215965485324,0.49819299855380667,39.853488306823465
4.7256223322042565,3.1251806645199487,1,0.6546666420693589,0.7118953398463513,332.1232400212713,70.18678756706827,6.2846646275044025,0.5361356936447005,80.04520047598247
6.333074503843597,5.189627501081666,10,2.664770225389714,0.4045838635860489,483.12474607025786,159.4046544807236,3.4993453296235515,0.37587075375595985,2.913704268540772
5.668482160644113,3.6332574144458,8,3.0102016404212097,0.3542722491641382,527.9887145025451,145.29893929841853,3.940105726973912,0.374504762688398,4.7616791290556035
2.5056881994347013,2.8545828272369382,3,0.6075887829206551,0.83364274357983,214.76503664311173,18.5205306490246,4.136311335891085,0.7404981789429144,100.0
3.841405229804112,4.023941287843025,4,0.8636455967345246,0.8903955170974224,215.75783265254313,16.6330980883828,3.269828570341387,0.7599392068013181,99.18062625898074
4.404321579369463,2.840662817446213,2,1.5294579138474074,0.8077374171189845,192.04446217752556,21.08997880516437,2.739822220260358,0.6903097115460517,80.20082871278227
4.43263396788845,5.37153541069267,2,0.8700667943894526,0.7395381102506479,303.2973417897283,78.21691089554277,4.355709796452512,0.5617616985918472,81.47212453991887
4.607239332834473,5.76683407633284,2,1.070491274856893,0.6590186082480511,299.17018548350796,39.15734920462664,4.019487347065683,0.7619578849830826,88.61101921986028
4.8890628923320065,4.043461468737981,1,0.41841184899013323,0.8108034506985035,305.9464809348714,54.90353099925419,4.850076979475255,0.6105816142237174,80.01907189433948
1.1325885714870108,3.6712587578659885,8,3.016607208090533,0.45276293126927775,474.72497898068536,131.41227524740836,4.8677612732451365,0.2820021903042307,0.8887180461631672
3.397265319557928,3.818273281588617,3,1.401416850189345,0.8947343586188534,188.14412734715395,11.217225639723132,6.544741106529998,0.869173457357238,99.50131502942315
3.7565333491537913,4.6510496203360665,4,1.093202996956355,0.6699531117716538,199.1948616891419,46.19231759081462,5.297280042551581,0.5480107371590954,93.00176138170508
4.9495646639689355,3.2339946423989514,5,2.934527751271797,0.5279042735638335,323.11513498985113,57.940450172155145,5.8635406792329166,0.4385014771318986,57.917545479309254
2.5582039981064293,3.5745164497340447,4,1.0738075083734837,0.8680444704122341,215.52196625082394,15.72954801140059,7.506086947593193,0.8718135449969947,100.0
3.561982052480234,3.649580309992465,2,0.8419474474832214,0.8800177159536778,237.1944923142977,28.52205954760432,4.93156537455199,0.780886838272707,100.0
3.0893796438711405,2.5872525060364313,3,1.3727838869831368,0.7645040715779683,173.87928271460873,18.58482127016304,5.379220233655814,0.7392544951102454,97.1659624614649
3.4304249689089437,4.312902115669863,4,0.5713480010807982,0.8625917653806864,184.8919318153271,16.30938279901409,3.931621374033012,0.7140390564042627,96.1742514013594
3.114385136674448,4.812178243343277,2,1.3321797353190616,0.8289727943678517,268.3762971568871,0.5126235145970389,7.3685213303175505,0.9966560753370108,99.27461036241284
3.1460372696423815,3.5983150315625787,3,1.416086550883224,0.8496297256500824,243.4636112779577,5.250456681952044,3.7441883796467277,0.9369503717498006,97.27196966212756
3.5570283373607974,3.587049898829998,3,0.4959445911016662,0.7725209041315938,162.51873341052706,13.666654886414232,6.5351142287408415,0.7381138199390005,99.34175113845043
4.453194101659221,4.242574220210449,4,1.3670141905271247,0.8126556201687462,289.40331868377507,43.849993150144975,2.2291870387788038,0.5567649942382136,84.36807551869056
3.141047044778321,4.84852971607066,6,0.42830136457605106,0.6990074973863443,279.37370499626957,51.237708321045126,5.340189730702817,0.6423175675414905,81.88214363630209
2.0593732868033716,4.502044909439561,7,2.859781800979553,0.6012530814201639,427.7517756699917,108.73628303456466,6.704481949029707,0.3819447882772027,48.90033220565396
2.5834734314902867,3.7546002088596477,4,0.8719783502409606,0.8322840978146757,262.7635283001463,10.114748492301834,3.4174932219230154,0.9298907087856995,100.0
5.9583808399757565,4.849696201887585,8,3.492797860745676,0.40980342911893747,520.8174038634776,152.2849996784638,4.456446138523808,0.1639921346502331,0.0
2.96518375882306,4.045584343991964,1,1.702330780293023,0.7265172621403637,306.21586789693123,41.75372238542639,6.6416156213995,0.6062008985458858,86.15315816243529
3.7117850529000047,5.630861233864899,6,0.7233096754620753,0.8030511056817845,261.27298247957015,39.639033008825116,4.7060840863820035,0.6726901030028684,87.60536830277654
1.8268290652568087,3.7138746276315273,8,2.7554417397612676,0.6368756466766167,397.9769601945726,106.00735277614996,7.1235241647930305,0.36218628592421753,37.07862792776815
3.314797683054599,4.007895115612859,2,1.2753806900892468,0.8554498795370695,260.24288274591447,7.493053221301866,3.35970954737534,0.9366539033546416,95.0605857277552
4.639644543820442,5.341292372043518,6,2.473577527573852,0.609724688628724,302.6346064336282,92.6810913009729,3.2114121538869824,0.48069505851780575,53.24013163045333
3.9857471487520137,4.811753599613285,4,1.3746906325400263,0.8216452681334515,230.93092270122037,12.426471678944289,3.6817364308768354,0.8394927047409487,100.0
1.3004478603668754,3.690247880870228,9,3.4029902058292354,0.5122492852045489,492.57967081381423,191.15648793010234,6.961615320869047,0.2935561486538828,3.4348473463988807
2.3167519079930146,2.7975064762498474,2,1.370758323871837,0.7780629764036563,205.34934234776114,25.62682369238989,5.832926856304114,0.5864321401646388,77.3443546963053
2.9132613444954742,4.343861015894228,4,0.6730968529975491,0.7582047220845681,280.3868821560455,40.65522903049053,6.742705191346482,0.6065462546738374,89.07758442186908
5.62882303070996,4.121153043814938,10,3.186547020239013,0.469915961457648,460.8427394773943,224.93315863295877,7.408491511513905,0.046653432182230996,4.281630150002994
4.868977946330962,5.447594672302413,6,1.5591457796244383,0.7690194307138907,246.5216896186124,33.23222133773951,4.4047416132264425,0.7506238893220126,76.16049746675883
2.7117125570272447,2.5930911883713383,3,0.8003615358235948,0.6957337213459353,320.2217290895441,50.14534750156411,4.894026866340551,0.5545150131169526,90.52642075044241
2.580483273824796,2.9877559864094128,1,1.3002645012882912,0.6665523824549391,224.7706046083799,25.070321495529562,6.8855535162428225,0.757119114533603,94.10074648771106
2.551444474187913,2.7906680366821455,5,1.4481454981450204,0.707469136185827,246.39911148219923,32.95933225434884,4.189704976642649,0.6738214958855796,83.31762337825602
3.252409104404408,3.7701714727404907,4,1.298215323116778,0.8819229866724027,194.38291824768,2.418626175601651,6.546463433958387,0.9606566453211578,99.79739860038286
2.706465310672609,3.86484011570088,2,1.299460688359884,0.8236519002088764,218.36077996598297,22.784194280232967,4.258027368311151,0.8260359753277676,100.0
4.100049986829443,3.571058183833002,5,1.1224287685494971,0.7274474364337956,285.04056939396406,63.73617722974288,3.320530689635798,0.6257886317824815,74.4330009645614
2.6571600791559824,2.952285467189721,6,1.2468568079556495,0.7716604440872924,201.6030868500329,46.92095261426561,4.610974197335429,0.506738800727999,83.78204831521145
4.35930151761663,4.40747983031981,6,1.6716636292127849,0.7277086976310363,222.45347751371983,48.24489747829455,4.376218434023417,0.6102530530774187,74.56825333905718
4.439239235901758,4.493629828654972,1,1.2582466590212738,0.814857424653012,235.8647650806535,53.683104939085936,6.18962741963778,0.5892554587318162,88.61741868122652
2.508455615384692,4.486905259710952,2,0.640443240277051,0.8166798259615744,197.45444395990796,4.9773120663818595,7.988261547279564,0.9504013198473473,95.7769730365535
3.968433487387154,3.486424729215874,6,1.138893272495122,0.6914731151607745,260.2523920880609,38.99705926280274,4.797102991852447,0.5914279175402551,84.11725758191525
5.51627588198651,2.2934472915180963,9,2.60898293884115,0.4293132240114678,434.57908540219404,200.8760579252581,7.824326378123511,0.06647815590074134,0.0
1.3543580583251493,6.919297786414931,9,3.1195646150305043,0.44989543076638583,576.252376874272,264.38480901830474,3.9086637340984316,0.09979342824433908,1.0581394301516789
4.575255577595811,6.325781864938303,8,1.5929579015532678,0.5509614128628886,388.7554517320341,98.86555651834581,5.738534643671075,0.560971926755296,52.813928275684646
3.30191843867221,4.213501575740647,2,1.3376095103590444,0.80050897267716,279.73379016133873,12.085295001458606,6.306134731439806,0.9275367075380897,100.0
2.5656224086496824,2.8278298931240657,1,1.7196430843316162,0.8038493083901802,297.774633200906,52.47927733756071,6.461365561675771,0.6048411274964564,87.95297706533174
2.285373220342792,5.806002302771501,6,1.5934110457064588,0.6836237869659882,363.65050131150934,97.19185221780675,6.492797174591468,0.44520192079519283,56.65217363071986
1.4087983474168795,2.395758869702619,10,2.788374891593804,0.47238570050562195,459.4969254163016,167.77992494581397,2.412055794424683,0.34606846597792185,3.6400497960425984
1.5958206246042828,5.609368581128602,6,2.3793181911924823,0.6811352381770042,378.7777858227591,118.17598274400122,2.3160390729630125,0.4475023268325651,41.11620605563286
1.900788396014748,2.105186331044422,5,2.3816488822092468,0.5925078936644241,354.8008375516322,100.97904890411503,4.591265971501821,0.5179119945239878,35.05019482098649
2.1700025435140704,2.176697934530183,8,1.6617378565958785,0.5553776610908876,365.46986980270367,115.63913134207435,7.79376111790056,0.38385358034169786,46.59332679245293
1.7763689379974905,6.212850418575611,5,1.9560437473906216,0.5629109138112518,445.56657092882386,121.70514724384992,6.174875662422863,0.5277493667260661,43.27613850347871
4.190221695930012,5.28202218941235,3,1.6714080063822578,0.7624853793569715,187.4823671652713,26.936634191368267,2.001199844548488,0.7467720260140145,76.7214900409265
1.7887764904091543,2.5923699289096476,5,1.7894627368086677,0.5612071179098073,426.94464764003567,71.79342176106279,7.027251615121796,0.5302408906922452,46.81257041390784
5.151588170186813,4.983653565961885,6,2.401619531961072,0.6011383527920885,394.1517461749793,61.34591126923766,6.803553088256047,0.5496195877664573,42.82798275818825
3.0743126146511597,4.74349036652635,2,0.957247280919098,0.8545278397135218,248.69681136227095,6.410405973776703,2.5703420284621874,0.9477158003224598,100.0
4.789016556842698,2.2613164850021708,8,1.9158864649702196,0.5387538028794131,420.9841899341535,68.02481940081486,3.332692918895058,0.47704797544549027,47.75143379173051
3.511476753945412,3.935413560096728,3,1.4285643670997945,0.748316223738396,319.2708452084449,39.95889010653502,7.384183905092741,0.7575288890401208,93.91027733136785
5.064884073829042,2.7486382160168974,5,2.988109975890531,0.5751680177104777,394.04082770642106,142.09813667379095,4.739515412120018,0.3794662809192747,38.66938341514786
6.091957556338109,5.4144084718693355,8,3.8904441560665615,0.5184039682498196,579.9050226525347,218.66589973470775,4.6295963181596935,0.1784239957119329,3.6160548556566843
2.5936111670541746,4.46965249156976,2,1.1820672907381629,0.8565164354643382,254.76552598711038,19.1610139281247,3.720605519590305,0.8173403110706783,100.0
2.579981655203627,2.852961621203839,4,0.4411529771480272,0.6905640337468443,183.50634083767892,35.558342041504474,6.0234258678906345,0.5654645794369473,87.9702846738401
4.604473311324867,3.1078074770285125,6,2.7855962842284185,0.5695614573565785,391.52909258553467,116.83383568721668,7.0627109269718025,0.35726004567657876,49.3801611576162
3.8716470996977197,4.081705967970381,6,1.5243087419859527,0.7471072694673218,345.1786910657293,28.487951906525804,4.532694779008297,0.7559899667713267,82.67518662811347
2.3423639695674945,3.387974500158313,2,0.6918085398765165,0.7434707070146305,227.08157582557288,57.436764763610654,6.835317727157206,0.5690408293685173,82.86705673911175
3.215876014119189,4.955323932253844,3,1.4801929863311432,0.8169947729869986,264.08882503699346,8.898234562683186,7.786607208177611,0.9389070516840979,96.22121488714717
6.2736016506174686,5.615847319428913,9,3.1612479218752187,0.40513636726062935,510.7741002866333,203.14171884568572,4.920539805168592,0.27867281387118054,1.9517962303364944
4.76713833299087,5.937031619234935,6,2.468262083676864,0.5297805874061128,410.19391632717424,76.15500030553135,4.54538467433447,0.4146929837699007,45.13042648998411
3.871626847155466,4.256929960343222,3,0.8728905532344076,0.8153544950455762,231.29301691405044,5.308540329906781,4.145948886851228,0.9614898776878824,100.0
4.609977590292321,5.142430614633251,4,1.9258165798029026,0.8049438913860953,239.7836096087243,28.11344022839739,6.72610513244439,0.761394385580778,88.72953709559378
5.32506244786717,4.97157314495405,6,2.1766816682419394,0.6186318375038401,319.4543079915008,51.43250332162194,3.804501884445805,0.5719743217758105,48.51892948633984
3.267662398642356,3.999891664927217,2,1.2770335291674961,0.8386483925921204,205.07985850414045,26.776767400873535,6.50799883617179,0.7390719249581473,99.96487621247866
4.423843645751819,3.1811085075983203,5,1.3357279048447748,0.732341312576871,224.164534485813,39.174248434299244,5.451622238096366,0.5790794731150459,79.3167028688874
3.197545453435366,3.2535989517859516,1,0.45937494904896214,0.6861355188465751,235.30090701780588,44.83186828664224,3.133404454858831,0.5882263835283276,87.67993379725459
4.390285464217015,3.3441234461789384,4,1.0172294647550966,0.6973880823011713,336.37915532121724,41.81229323968301,4.77119903401408,0.6529860488174383,82.69924435467672
2.17013745001491,3.8926858803003475,5,1.7277833809286958,0.7778295275562475,251.77084821653148,28.846815605392365,5.167118081408947,0.705194664986675,70.01017913530524
2.4420481481824883,3.863645248921639,8,2.9325541820350742,0.5139036208136251,365.83851760234745,78.23996377732627,7.174552687247215,0.510036334524412,50.02239128622838
3.12951621350477,3.159938641578461,2,1.2248901686017795,0.8151200890502128,222.80992547555053,19.174680548642822,5.4748381322619855,0.8059681308015116,100.0
3.981566460123245,3.811217917856731,2,1.1912368730033343,0.8835697082245757,205.72082251691506,15.655311556956537,5.932229551654683,0.8657019741966634,99.1451096695701
4.195645660203115,3.2005713565618192,1,1.870836776226688,0.7379336683247412,291.49450618800427,35.30857534802968,4.650459172676156,0.6425611968838909,72.73898078835836
1.169819744617483,3.342491459382464,9,3.4789309837685876,0.5435088961815762,507.694233202743,162.4707093283685,5.565176550722197,0.06204760572491366,1.7287985342611267
2.8015262289844785,3.715774183815406,4,0.6083777041635976,0.8225497294625458,202.93598623734275,19.514525057925322,7.826929500931513,0.788595328762221,100.0
5.901312673449745,6.4284762028293345,10,3.3327774359312343,0.5373361705322368,510.7782125307979,236.78840547331868,3.1653220533403124,0.21531516416810403,1.3169550991569845
4.902348796952777,3.141403735335413,6,1.8164951078350546,0.6756906505207817,365.90540817822455,75.05276421993463,3.6123583625320776,0.3634091382082444,64.86326148812913
3.2332022778542444,3.1721097733289554,2,1.1032672417117901,0.818731116357954,241.95350942958632,3.9893746553224063,7.653202160059045,0.9703679730336204,99.45929797927903
1.9177827447672926,3.8967415620457997,6,1.9702036735799826,0.6586385443495633,370.8233778491222,58.96116230076661,7.139832472834567,0.524354608684878,58.80146237814277
2.8900810750078043,4.6477102146626565,4,0.685914556531056,0.8658176899615223,255.6345994938346,6.26273018371386,2.1565492037946794,0.9551432550634591,100.0
2.7096964820786935,4.422949958102947,4,0.9520193764941149,0.8673295616515693,202.91008275579003,6.1081064406754395,2.2474820597487177,0.9465810419241306,100.0
2.859801265887999,5.295792657365001,2,1.56010323323611,0.7478129668577375,270.0228241153867,44.12037200546248,6.420750389175293,0.6179198538271063,85.08902728473102
4.948894957480043,5.630140287708088,6,1.5938990772336195,0.557835722076064,354.1631262770928,98.02931664835248,5.863124296969882,0.5288767695778385,57.79658177726906
6.301519294327393,5.588515254102975,10,2.736046048625086,0.4162010795082994,414.57667797100646,88.73950604307527,5.343463552649517,0.3811235601995395,2.583465965637103
4.603271390279766,3.48812624744911,6,1.0488689478527748,0.6777371850307969,312.30024353887393,55.635597823544764,7.776914477390636,0.6638850417575616,79.19332811322525
3.025465459942727,4.181563032076297,4,0.6442794012125601,0.6869232392959134,205.33143429580628,24.884139740023453,5.817384721662698,0.710979123419852,97.7872457169739
2.222259149899197,3.243246365909257,5,1.3244590584153992,0.8031170361028642,186.30458897464877,13.431710742305444,3.640251482853281,0.788061270757327,82.7902768391314
3.3047117603199965,3.4325415794153096,4,0.9601868268600212,0.7097551251954124,290.1548245012554,60.83622408634521,5.337309421561331,0.600801994305799,90.86519209908579
1.6604144941987453,4.5440908332248275,6,2.0345612276021217,0.6092247538636069,329.2289107439217,67.93849888935738,6.544476831279031,0.3706646227068368,48.4925575744772
5.38043907879595,2.6316184508913087,5,1.5607342113021616,0.6758111429082444,301.95487312179904,99.18470834546339,6.5974173034749155,0.35422115970670276,52.71149548432296
3.3403788772331824,5.761194252752762,5,1.980878843390598,0.742055373987369,231.2956294533044,41.20071293719116,2.175855261535367,0.6475354473147864,76.53653370029157
2.398949924782802,2.758441787748592,1,1.381111630393129,0.745404950832922,213.05094177511285,22.894179634588234,4.184325302270746,0.7918393398465784,80.92730186463965
2.0595484684733103,4.529641057588482,3,1.0027473046129438,0.6765856249974884,329.60221571896,71.7396069056556,3.093911995550918,0.6064168217227973,81.5994482655677
1.730342334206746,5.473337293919739,8,1.8485525158352853,0.5200449860720748,401.926865739204,150.91612079394505,7.9805396476267925,0.3100391140763663,36.96348223826538
2.5428553127352793,3.544234942488885,6,0.8432584428086639,0.668110193562521,171.76096135388926,18.986036365346337,2.7574017399429893,0.7992678787490103,90.70373005624931
2.2537817484935574,3.8972940923389143,8,2.740172964692664,0.6206802781465659,424.07493432634107,122.13165351882418,7.029540701901445,0.38637646035480766,48.987037342617555
4.872930918815249,3.898823593683313,4,0.9478117796802534,0.8485204120319333,294.0907622130102,35.206281663797014,4.412020995460989,0.6394242008456126,85.20095182020125
2.9075110791291414,2.7135233691288483,1,1.683890332917675,0.7736887177118177,305.399145906236,40.804052500125124,7.099274479733001,0.7376114930088329,94.7993523720342
2.929409859581937,3.0321107473373603,2,0.7944840165012773,0.8718020088619077,228.79089824668708,15.091213180446797,5.342605563701801,0.879514740772602,100.0
3.339820867322469,4.192824247546987,3,0.5186271103024785,0.8371844445466359,214.22417497449453,2.7881029030522004,3.301379240366251,0.9763158536018073,100.0
4.164959482586649,4.776178473420158,6,1.1987087804647756,0.8007959240572062,349.3293716735591,84.86044331949432,4.636118033585058,0.585313385541657,77.20094295050644
3.773164645910102,2.58413269099418,5,0.7012592416504012,0.77194243311227,209.3341755180442,58.363320485484934,5.2843862278682465,0.5135256107602872,88.38172810675684
5.375563294713212,5.38100149436802,7,2.516437885759442,0.5310489663658964,378.4758140245619,64.25381762344091,6.158165868609478,0.4518144318170243,37.23492976575925
1.9724656269754575,6.229606785160873,6,1.6329778808925315,0.5413402964070443,406.12952918948656,122.82723491340812,5.945696384988226,0.4087755319091222,35.74294091378202
4.575478176558471,3.1690296701468337,1,1.966193503444047,0.8464849499862235,184.45190248058015,50.32670124004862,4.810456496689291,0.5013280706934322,84.67798209109942
1.698006771283725,2.2329014918333447,7,2.711445690689576,0.632648869105062,300.88093158717135,85.1196572444605,7.268530906010459,0.40061146405072573,32.62296926483829
0.9961413413105471,6.986724682123238,10,3.5308085215291873,0.38035319830221587,546.1622408515885,195.67691508875345,6.1956411823767645,0.09452040394827842,2.0059453387563453
4.528608976705785,5.019975363966177,8,2.5279627296165392,0.585715938789446,307.17804444191705,64.85763706363018,6.9028642977852686,0.4600781643470865,54.733491593639926
3.312529623748828,4.577503971269707,4,1.2817812916828517,0.835607266225596,230.89752141448298,8.275594539726011,7.622263449919069,0.9224921032439128,99.44389615153285
2.3390148182071795,5.4183509499545535,5,2.944983086548151,0.6072104163612853,381.4071486897635,120.98966883944922,4.71800252379778,0.39744400937120716,50.92118610274671
4.509346803756285,4.000097846161413,6,2.426544481255977,0.6061178093123204,411.5638746170578,78.12578399519326,5.349720454320934,0.5400419337340354,55.637675928010225
1.9431660371235453,3.3746227719797517,8,1.5742555916953265,0.6774077331356713,359.13899345581245,125.84815863873807,3.37931049124074,0.32345699947792655,41.80779903414936
3.0341724337993847,4.91929034157984,4,0.9616091308566043,0.8523227655123417,279.85721917598477,2.929010722466153,5.393004910104753,0.9794325603755544,100.0
1.711488704877973,2.769183318713744,5,1.7990910654012022,0.6849776669948687,303.7016999281257,52.96496183020779,7.787940984006499,0.5721896072080765,64.61175230149858
0.893178548259761,6.665364583609559,9,3.060535728324584,0.39538591299611303,433.0008663693939,151.43091905712194,2.0907426315584816,0.24320374791144875,0.0
2.4051047214726466,4.895084938713546,2,0.4968652921891649,0.7331305313694049,331.2092231924568,34.432474064932414,5.560776969771147,0.7037027285275985,88.31631877874841
1.7691150034333916,4.512634223984472,7,2.674368384283617,0.5824110992297109,412.10569660118585,92.1234625785624,3.4499577634904535,0.5190654676991473,40.486180611802475
3.4131327409409127,4.47080144821507,2,1.4635277139363858,0.8836871541887554,250.82256026288732,16.719157094022325,4.246709094816408,0.8647440203393209,98.83795223568256
4.742844467976538,2.961679396542448,7,2.016104675247518,0.6348583029546987,300.4565161485005,120.03133004085092,2.4083168421616215,0.32749925650271344,45.128243008580164
3.3368871698162597,4.2228130907556185,4,0.5586490350190966,0.885180516197241,274.9780521937633,7.361267342474417,2.2788908763926345,0.9488701164844313,97.03815173575526
1.0204456177337458,4.501936058819862,10,3.997260055293004,0.4380008453671429,422.4684998425842,122.55872819972753,5.054752963552397,0.31432192001131887,0.0
2.8963166175730906,2.8014587987543313,4,1.4087212562134221,0.7115649414009855,160.0037108631548,17.344886769159334,5.612701144995507,0.6911092009036681,87.2560437368784
5.809303633873657,2.4864800304873844,8,3.883684007933849,0.4260140899387535,522.9085903719945,229.3857812511313,2.2365776390716654,0.06367682599006512,2.9278055016752114
4.997638200013798,3.256182529938021,6,1.3064014278961626,0.6585933739612796,225.1011214803019,45.239477490278375,4.856033512381997,0.6625689076318109,78.11660934925989
5.377664630466848,4.5824762564750285,6,2.3467509211365263,0.5621113671661816,369.6876007944901,76.95481852003415,2.1536907504485856,0.3206947370525261,35.78990729202095
3.610561518259404,3.388377878976175,2,1.0435980378420275,0.850367310652061,226.6109804435876,26.038040880093398,5.306862505088572,0.778577624356441,95.9048529716012
2.9066874347694642,4.475633448240693,2,0.7044006428896131,0.8271737964184241,207.30351651244587,21.44689673342605,5.7603197869768445,0.7078199707610221,100.0
4.758572581441307,3.037095258230772,4,0.5498169697503205,0.6784295207115426,173.16633468728566,12.377710985514492,3.2809598921621626,0.7879794061552421,85.56124062839642
4.130731827427805,3.6599429951447524,4,1.1470632239255076,0.8358633123118459,234.30932545606166,48.33116238506659,2.9663430122862646,0.5892560901231207,89.56752902581371
2.885006533622484,3.1840082973322112,2,1.499449250211971,0.8239562883687152,263.6890519768228,32.062251753493115,5.413053144687511,0.7897472420212797,96.54021743034583
5.62489446285803,3.084938515309728,9,3.5736264623893104,0.3980832965205744,486.52349411712385,167.40692525310465,3.6861973929783516,0.3555178922862905,0.0
1.5126499722615636,2.336888994176807,6,2.3478799750395107,0.6361831229470647,313.34446560257555,53.723924841203754,2.7008131882011748,0.47567702570137477,41.1909321118967
2.791619081139184,4.185189772821903,3,0.8614097111837572,0.8549482925508793,186.46319745330106,4.646114343136343,2.0296439939146347,0.9440443547970444,100.0
5.505069280569658,1.9324075812151857,8,3.0043266193018483,0.5117562087244772,561.7177454947345,196.33986576797247,2.717421473856171,0.19953972263123357,0.0
1.0471703544711874,6.297523749447187,10,3.249028767657597,0.40895692654631244,599.05496475345,181.51947717604415,7.72885845742884,0.013388236506359919,0.8745000805812331
4.898290397840709,4.878745061894981,3,0.3995524397948823,0.7914967609570043,262.3087113658741,57.3704445017462,4.626558473775384,0.5376262804357153,76.49315942023958
4.686007465980304,5.790469897116538,2,0.6306391822978252,0.7587957799391356,296.18421705811517,28.002875654768808,3.3043916902060713,0.6901380060189178,84.59432471247467
1.443230184956212,5.8438152038859545,10,3.653163991847028,0.4422054025246151,465.88073072189644,160.69364320426746,7.5748706442528375,0.38148738939902516,2.655754268286387
3.2976174600467125,5.266392431044637,4,0.6650341659986865,0.724170378117772,191.10770741339394,34.03732426538638,3.177727160990708,0.576033662759441,89.30224939729108
2.416496800692914,6.338377830283493,7,1.5295687174991224,0.6304167106526429,441.4106924227547,123.476173313385,4.61050752236112,0.4180351990844204,43.4490909900871
4.32492654625389,3.598062603709678,6,1.9968409202974213,0.8153212159010853,285.44400985771904,40.654665699638386,2.5360669970840526,0.6913891717504043,78.23696373536652
2.922673728916571,4.664907291168525,4,1.4616606845214792,0.8462449281025489,272.87305021032233,10.533046888768673,4.078614801199135,0.9329839556484513,100.0
2.652208102821568,5.968264158409312,1,1.9377299516295723,0.8026300115916085,333.8153420008911,69.1959273064072,3.5988346038507126,0.5302960338373954,91.01996177005087
3.5325406093466123,4.987400064763198,2,1.3409320736208006,0.8293685377141441,241.0535680747749,17.651101423171685,4.030629727005081,0.866154412394699,100.0
1.3796118166588085,3.577686958234937,8,3.53988536353229,0.5356691557717006,563.1964938465961,163.1430492227353,4.594128718878625,0.37197916242437057,11.549015292556724
5.254215326719767,4.275625957961929,5,2.2888173734777624,0.5820088937939789,440.6160922292119,101.17390858897689,6.1300213242015795,0.5096587142904783,41.09046196376681
5.857690048416763,4.087251823189586,8,2.601628582330887,0.42437218065419935,491.2511816663901,190.1862400132695,2.5004614009891624,0.26335511868896194,0.6846992096293771
3.924688793047801,4.61215957339142,2,0.6797015600171107,0.8056637093031861,253.9305578178904,6.102778383532218,2.8937921717906834,0.9215648256597531,100.0
3.362928524059933,4.811843471421794,3,1.2259951163107918,0.8759806991876105,204.5952865751467,21.073594732690708,7.016261753767107,0.7769099075904604,98.3056272504692
2.7104099183677612,4.554343088922707,2,1.3931590273251588,0.8967723740446398,245.5934813181002,2.0627259061603542,3.378368173215806,0.977381644090298,100.0
5.220929682226256,5.473232837329676,6,2.649783529400645,0.5184296444931544,390.16088435573135,80.2402346948129,5.5080401891348565,0.366009057288531,37.44427288908123
2.751173245777534,3.3596855533580574,5,1.528340767834287,0.840563471638607,188.14234866638603,16.709793659764983,5.639905135573961,0.795050605229278,87.57524673790472
3.0795463283487488,4.322782561138674,6,1.6686362741742948,0.6948790431711462,335.50603253792275,44.60134741823702,7.7327468853944055,0.7063949846165065,87.53241893453688
2.865448316177962,3.8097786308503956,2,1.661184255633528,0.7969897756721406,247.90931381659243,51.20608215354019,4.850174011206235,0.5535952190445176,87.37587666858587
2.334888056172179,3.802395953452241,4,0.555488483178564,0.8384955208145147,345.73201688851356,72.39683245963198,6.165464967974602,0.574629036991784,89.941622625542
1.865431670971815,2.4042517287684886,7,2.8609674160223273,0.5601217103304753,399.888834790138,68.7993226900804,7.059554418653369,0.4736013777469995,28.29743228962528
2.728227997176968,4.63834175654565,4,1.4128146783186373,0.8892383337329054,271.96433939389357,31.049387825411497,6.9568605000010875,0.7216313202143259,100.0
2.875539208283056,4.521965134743642,2,0.6018648998293361,0.6578321213407157,207.2092752428345,24.836663371940148,6.342433477637378,0.6484173489827597,85.80582954122865
5.774517763058695,3.6704456718406897,10,2.692277836029067,0.4787185725070215,416.71652778607773,87.56597603635502,2.94186690690888,0.36189166005978396,5.723875875728512
3.0918277000164016,4.002850523097394,4,1.3935820866936943,0.8240418993298163,222.93448327017987,6.924118285955098,5.613983614473279,0.9312218315596057,98.7265259116174
1.9111904851364931,3.162022418793602,8,2.054869252488076,0.5230097110450406,352.87575854542524,72.9997155649421,3.63964406022704,0.35975825299750486,31.446278155306473
3.1476593852800274,5.453488942252706,3,1.2948415796273414,0.7625968383115269,177.00917428284166,32.74179252150987,4.577893574073267,0.6199063468257412,93.41582134744638
3.542321884763414,4.099752267505834,2,1.3706815042643312,0.8943102245311331,251.82524592396717,15.947735235449674,4.581114396581589,0.8489431044351552,100.0
3.071994089189629,4.1479261662236055,4,1.7057836912702342,0.6646127799448318,296.86302547362783,63.21307564377095,4.166559977738867,0.6197210746179065,89.05011487614883
5.405354236170216,5.208723309349183,7,2.2070000120769495,0.5797717871444769,414.2959358301656,70.99935406741098,7.271613864940081,0.5481802059620331,36.89538292679719
2.6511806338736648,4.34200590683875,4,0.7123583196094181,0.8307129794467494,210.56460958505252,0.24554797332118786,6.94156363733236,0.9973962133730466,99.81957764888607
0.865680984968172,6.027516245531002,10,3.2635732073830717,0.4675265821458606,406.02216698512154,127.51476244733216,6.513120624383882,0.0694516018800536,0.1714572673366388
5.439443855181117,6.083793481458891,8,2.9955262609222113,0.5877050213085666,419.8072958650642,101.35771228432968,6.682439578741829,0.49281160205497165,30.15262069270041
3.4152475089659293,4.7291059503240644,2,0.45143112364778976,0.6840645887721007,342.62488737108265,46.938324511193194,3.976574649484369,0.590039796119619,85.93522332869921
5.2315198686232725,5.309453423829379,8,2.9332114869184207,0.6969751669115168,326.8223061291851,62.26561885658436,5.974691719176416,0.5432191950429256,49.231029061288964
4.824358749312888,5.171000006726084,7,2.106516341332312,0.5605852282864829,395.2796072681138,133.23932067418792,4.389342310718958,0.3881303925948985,49.912062713643394
2.8040853631375917,3.213266840058397,3,0.6191261054157711,0.8115468166222085,200.4478159102726,6.514099510607761,4.830501159825487,0.9410492494192865,100.0
1.602823709703311,2.507838644247578,5,2.1497906611963473,0.668491923277102,440.5935822521169,58.11102887960244,7.401393773882429,0.5699232928146486,50.90752438777591
5.389827155315357,5.204500403715259,8,2.329033275911612,0.5365839670766259,351.7025989886205,118.89285975118494,3.9268842290944272,0.418446058731475,35.73642787137933
3.1037555671477994,4.528406474815043,6,1.2034014796873231,0.7877327540921255,264.9222982223429,45.684052867316964,5.625321106902103,0.6592190074214994,80.38484773332131
4.362481336017231,5.653523250766638,2,1.6245689643934913,0.7107568406319001,190.30345420486216,19.419796525236936,5.584975438028215,0.752627919251582,76.56159668787367
5.413602271851809,5.348594463469173,5,1.9337042684298855,0.5624695108060593,362.298391997875,94.01428510798435,7.191833901333943,0.5202929145790418,51.70928988267793
3.207897768651866,5.94971372542002,3,1.6132636923996508,0.8247619569566388,272.63109029447673,48.7930621819772,2.0103725303965376,0.6038335898633904,91.46785036114824
3.6145708185038803,3.749447211052761,4,0.951229920497912,0.8710256647286742,263.7960596632337,39.18487757798465,7.800674651694582,0.7478799332247593,100.0
2.643049616006882,4.485046333326867,2,1.1868513473781217,0.8053700441480967,188.5667069161241,4.87611154221804,4.4835023186733505,0.9366957004015242,95.44957768833069
2.8470562905530796,4.461683898916922,3,1.277699690252017,0.807511755082465,229.63645146831135,10.341897511986613,4.490391016442017,0.8885653258193551,100.0
5.354178075729192,2.307738339138689,8,1.8128989574552867,0.5230665337049356,438.99937357720813,100.42698625111525,6.3838033504234435,0.3067035594191619,38.62977571263991
2.4991586963795496,5.637625114018573,7,2.5430469191985985,0.577082297952161,306.05801224770414,77.8854451605305,4.872663003694244,0.4067769675092028,49.04353536608085
2.9372678125584417,2.8370823748647074,1,1.8312921263451059,0.691373008833742,190.9018075124951,31.33643637054611,2.4450510374751238,0.6899106850241216,86.62556869694208
3.862580350432068,3.503600342354928,3,0.8491070176317187,0.6685135346647297,327.45796480826215,65.78051069627497,6.7528542316798,0.610814618136819,94.61486439150849
3.463325892207919,4.981474525343435,2,0.9422128650841213,0.8096099827978579,178.83284665719282,33.538972352758805,7.655278056032344,0.6117339216905695,97.87986832709737
1.314414256381283,2.259281222811417,9,3.130933680234627,0.3830145099677134,402.0538480445027,183.5578778132495,3.069823748797541,0.21950344875384298,0.0
3.8541992836176338,5.916871299759421,2,1.1067031794388584,0.7671838731396146,256.2651301450434,45.7315892507312,4.423108010121506,0.618577494561278,85.93258282460059
3.689066279682181,4.919303845523242,4,0.9712195756803813,0.8572892729492784,277.8496371352771,27.309104774075315,5.515827466902159,0.805485793977608,98.68824708718023
2.7173454333971865,3.426828170332327,2,0.8213628471852338,0.823762462283904,192.63021407833017,11.004556992231747,6.757596775931341,0.8572617871684091,100.0
1.7974036661391812,5.744667120806013,7,1.7523377810575682,0.6988467043517286,329.59880766036196,62.47450192403057,6.964741730525032,0.5447937575013276,54.80340704062345
3.206732960556013,3.485781086073514,5,1.3722452844433632,0.7149785554544462,273.4913965722906,47.87612771577469,5.983541173625051,0.6908042660860143,82.91847983736164
3.9996457400212724,3.267488119127898,2,0.7226395438586191,0.8087271830009156,224.8202029561714,0.7046060679744731,7.270985108878474,0.9910321998699204,100.0
2.978209199418136,4.524892435634224,4,1.3194786933544354,0.7232849420299148,349.7827582618107,73.56339639968243,4.841973239776113,0.6188587978135328,89.43180426863245
1.780783002832961,5.5733620492011395,5,1.9361118342537713,0.6084136907706739,423.2110560927591,119.97814154573587,6.165489148749486,0.5075770282917165,45.71229342195421
1.345595176179336,3.852804456884992,8,2.6600160365958803,0.3908731525501228,561.6079217544018,280.4203300160612,4.37808444910503,0.10244075766407779,1.2255525123932776
3.01204792673441,3.2520579921725985,3,1.0320607097631556,0.8229126645799387,244.4212407139562,13.398857016740441,7.9616304423606765,0.8808407814567114,99.69337587478532
4.562558222821084,5.583631966972081,6,1.7010485927368986,0.7433785127063982,169.67885248232167,33.18575252032581,6.941930173894974,0.5608523160851333,73.05378397680954
2.475885427747668,5.971840571631911,1,0.736787441467727,0.8045109644310067,150.01547593498373,19.26529580445546,6.1249622241852695,0.7606374069738941,89.21321878284981
3.0890901420528465,3.2212620711199182,4,0.9392060815216973,0.813429444787251,275.01895967707924,35.9759928608304,6.118831437019226,0.720377866192545,100.0
2.2331539190952885,5.9807638820899145,2,1.1006193150365868,0.7628161658534428,328.95761499310487,79.18883347563204,7.72435197431249,0.5628937076935417,81.98299455438915
1.6829138876790481,6.11518986050619,5,2.6950080439020803,0.5226691686938754,386.0567929820372,89.54037644572318,6.348162774913153,0.38533929019382973,31.254826552807277
4.649476700897972,3.6276883890394966,2,1.7502402594535564,0.7932357721936872,326.2780262409678,63.242262650855785,6.816352842369905,0.5883431675340622,79.27938987117714
4.947455668680578,3.2509633432360623,8,1.9147545759722309,0.5929754837224905,434.4334722342598,83.87640147882512,3.7309001211938555,0.37258987232348245,51.79159118654109
2.4892361371184553,5.1935601566279415,2,1.4474007511814906,0.7984391406968685,272.9617144162264,39.39476582727042,6.946225935830248,0.6201167012234542,76.89978072297862
5.028559063349597,4.015202579967813,5,2.248618540395233,0.6025006361633105,393.6121070510316,109.39135495876234,7.224378813811039,0.36191726675450214,38.55482884635891
4.814265617095489,2.6044102234177675,7,1.6781496462337595,0.6792544376567498,335.64354623609347,51.548752831928844,4.33816789267379,0.49232495872746007,58.81901316102391
3.951858914870665,3.546558245131839,3,1.1732234888060487,0.8278036451632746,260.3604942692634,17.600933858863367,7.446728580056973,0.852654050905271,100.0
3.6272395444888916,3.372579295593579,4,0.9178566602478866,0.8812409488110212,234.2823768417325,36.30122261886126,7.135522365897124,0.7147063362568038,100.0
3.3360044680216157,5.702194785377429,3,1.7978976999784062,0.6579501967600908,309.22527677077574,37.79458299232422,6.981868380250412,0.7820808272498081,93.59630703126093
2.818552846940043,4.619326521666052,4,0.9928953975679655,0.825369068795237,180.99042022446238,10.481848524170612,5.069277200964446,0.8252529597381084,99.88896282310388
4.400847737861674,4.922959565753275,4,1.662493329459784,0.7404843256616893,285.3857423542341,46.63368862726275,4.7732716561511666,0.724893849885866,82.6734625093424
5.960544812318413,5.22763741812216,9,2.8950606917151354,0.5113498787979232,486.6266852061593,135.79121330313538,6.099566041404941,0.18158100535782076,13.517881717494584
3.7785616463843326,3.23218954919583,4,1.3726990260999214,0.7363260459596561,188.85446712440944,40.38590611947481,5.225121738957343,0.6114308753071472,94.14764003308484
4.307971418935012,4.670362945152404,4,0.6756307444977502,0.8046130751347984,190.34569972586266,20.900382533436563,2.727466994467416,0.6545446524914068,80.14040455382589
2.6150368701011963,4.581521456723249,3,0.9919517120390882,0.8963788324411343,231.3539177061918,7.6587510252840945,6.761914530063978,0.9118968214465631,98.6679179825569
3.4320260614024405,4.067865729259016,2,1.204683492081686,0.7298923233711283,314.75093219839584,33.700292990064796,5.301919795468875,0.7384637228209731,94.17826777135573
5.9678112943792705,2.2233359051915125,9,3.0559383553065773,0.3593626115546374,446.40055854149375,174.15531577947974,5.303182071306704,0.07117838541264976,3.3589090777935224
5.524433067954965,5.096304374611264,8,2.7463529796640223,0.37355235290061023,552.6776470566641,206.15665890444805,7.682042778684563,0.3667166374968195,6.949464302981431
4.762659634674435,4.458581987531115,8,2.9217371410030193,0.5540447507365897,328.0127403605209,67.33870049035251,4.061276405454441,0.40620512424211896,51.15000843517675
5.825112369705251,2.978023961354206,10,2.5917277013506554,0.39011476946082607,516.2030916751183,135.2551487814539,2.9848131701725764,0.2752122265483234,0.0
1.5793911284714182,4.671166933834011,7,2.7824975710378346,0.695022581084522,445.32193004280276,105.87194136694366,4.688338527655773,0.5245482025203112,48.33847625275713
5.021752417107133,3.14938988692408,8,1.5893425486249055,0.5980399744696054,447.23210389429147,104.31007970353971,2.6933696061996044,0.47183077559569425,41.802088841679456
2.0505910646850856,5.002588717122006,4,0.7398095915893357,0.8083308686945289,265.5996549965031,29.156640115670232,7.407748534095283,0.7337339683581623,91.50803173826407
3.8917213749645394,4.099199500861356,4,0.338051247939725,0.7854044470032758,172.53107794251216,32.44276941768797,5.631306003991437,0.5349787900613573,91.39219372719583
2.992889889103966,4.320651186576781,2,1.1874236228111128,0.8180138730002318,200.87157685026122,8.395730779339848,2.518432693012821,0.8689508755750164,98.91989647358271
2.7867503461508756,5.129347178536473,3,1.0550581084144866,0.6671723852010205,204.8746666722502,37.75134335675902,4.026418530208687,0.5584438903003834,90.22978505770675
3.1924203302599,3.680048040921232,3,1.356955818284947,0.8404086976280375,194.4056816029542,26.660508477326655,2.797905921724329,0.738857828702346,96.82024869696419
5.190068915041671,3.986882926452944,6,2.965983688580185,0.5439016096158753,376.05001994098524,124.10276702431405,6.799876650679569,0.37826084281001965,39.88622293707507
2.307210451123217,2.92379059218696,6,2.814687817432397,0.5163435932876895,355.058454979352,115.83689809442986,4.894249431804752,0.3875880883345629,45.520993750044866
1.2845883938689837,2.922788344230685,8,3.414098708830358,0.4639294278426303,482.47944757003313,193.43584228740752,2.266998593837341,0.20878651612083632,0.5706390369557779
6.294121508386149,2.6692619611414905,8,2.827141527937377,0.3886597814142663,477.8742013215292,178.86253022986918,5.826156015122302,0.2781316115546234,1.388152486312836
3.8391010085553874,3.698794324382008,3,1.0786218316880212,0.8715730511193064,272.49374829929576,8.806973680278555,3.928422062225647,0.9339749791028628,100.0
2.1643843572225823,5.44085951780654,5,1.6301965953768267,0.69919578515034,372.18801575049207,149.10003966826184,2.075356860648986,0.30837487932887064,56.998663221588004
2.961453091792933,3.272200649121757,4,0.6855796143585521,0.784554922252805,214.3497114688299,24.05736544891254,2.908985585340849,0.7443986519047203,98.29201562273991
1.9181993892198865,2.318284833162587,6,2.0161384464950705,0.5831902890333185,364.0460232679912,83.43354234870324,2.49941944911352,0.3045746935450433,31.268443726470014
3.4818123782566617,4.749437750230003,4,1.1417537693456745,0.8191315450901469,248.55825824957364,16.25127084829801,2.320273205703523,0.884943525146211,100.0
4.149163937704043,4.43325075355002,5,0.5161370126234621,0.6533542604724718,310.5771232069603,29.023972983732037,5.807649285938784,0.7613952244020964,81.41729493107228
3.016841011344951,4.270269041998568,4,0.37800612615944484,0.8266824311220821,323.15095036970894,57.541018522719995,6.712183510098292,0.5824621777212513,90.56405924612034
0.9412347300944562,6.535557827980241,8,3.1254928336409256,0.39995541164714676,523.9481086133777,160.68512663081214,2.292684667977117,0.29219700934854265,0.0
4.64303214538013,3.2353633956198697,5,0.6491676169241303,0.7998558912170255,317.00466869736283,33.74911903230193,2.935707306647154,0.7612347674105227,80.86289465358409
2.146547247111159,4.663627735214529,2,1.3571640521154489,0.8333229650197286,321.34127842132534,32.741625127135784,4.771277768577644,0.739259974634338,90.8932383896184
3.178557146551991,4.898094436706213,3,1.3299977053229823,0.8948432840290302,192.38006187779075,2.63118414922513,5.721643005590456,0.9712197504132788,100.0
3.6179427072461623,3.153654745126361,1,1.34519703607699,0.6527188539758834,196.25874963031248,37.21662485735605,2.55130066620064,0.5610270674366772,86.15049274819258
4.7297935689883355,3.1648165487324924,2,1.3701077084518811,0.670361555021804,255.7582967628271,45.51631382455491,4.910244123152108,0.6158082924474464,82.89531208772658
3.497805976711895,3.214982040209469,4,1.4943707353885194,0.8276673207536194,275.67334368534534,42.27736671138563,2.8489766936545786,0.7295422520552342,97.7459402872282
4.576108897796232,5.84096351904768,6,0.571204689530641,0.724545515080849,302.569376705796,55.54861026950053,2.6551555056264755,0.5229094087292224,70.8443776421037
3.1434811150520763,5.62940979916698,2,1.890198974656695,0.6534939133274205,214.41454929549627,32.05115314278492,3.2791249769917226,0.675553314800569,84.84581756504667
4.931886229806036,5.665501887807812,7,2.2952347667064257,0.5303301809418811,362.94075481178373,73.22894474967325,4.64940852268717,0.40390216721257666,49.295540847287604
3.5918384640094385,3.915782447567814,3,0.7344068790588494,0.83818462612287,197.8406729877781,18.003575714959425,3.1871132090364984,0.7714871189940908,100.0
1.3523367284257821,3.8976976949764874,8,3.9408643145926887,0.40774112374478355,517.112803681465,122.93453079389236,2.931669950339608,0.3366483754056527,0.0
3.409297989295173,3.175640295677094,2,1.3643342019185987,0.8422506110840553,211.20835304765663,8.633792832595415,3.5458415952819324,0.9085175085294217,100.0
3.6707161351765265,4.552536883750322,2,1.1398063293824325,0.884375706919806,214.95291369697858,22.774592595341876,5.538605611676409,0.7465451265428027,100.0
5.936023106187036,4.19651611038608,10,3.9637781314583096,0.5001477353296029,521.3618090802654,184.41376882900218,3.0226524852391723,0.23310369429988223,0.0
1.0386322639930103,4.629562036673132,10,3.6439170680277866,0.5484718483778611,427.52132059974,167.4473310184886,6.717532963975163,0.04906580097130902,7.26426383562112
4.527891403440173,3.009850420186815,1,0.33485003736711183,0.7123011901776952,337.8122552907127,93.66628584007044,6.996446172086451,0.5055363927406008,76.59652356706056
2.550242939588046,2.8568623595847957,1,1.10867651776739,0.6505576278060797,194.85103390119014,42.149297116514646,6.0143567492468035,0.5326547697543944,85.8078902406672
5.102119479868243,2.368259907864444,7,2.7534449651750976,0.6676414030449455,356.84998474097523,72.28469135746909,4.260640894902839,0.5782310262997338,38.623157014073634
1.816525437151884,3.9627244973094666,7,2.4642998003384253,0.6968171895428451,369.020417553884,80.74623025612203,6.945434700233454,0.40501664565901935,42.778931685017426
4.7872742751365385,5.075626504433643,6,1.619278863395797,0.7238627826918969,152.39363886506433,29.0268213869402,7.616066120554255,0.6668274760342053,65.89307316041086
5.867096028246233,2.155087428866136,8,3.4598868247962415,0.4049477975330443,411.4711248743193,210.59691026470693,2.384092147073991,0.04407044230390809,0.0
4.5501256089587585,6.427549850546753,6,2.2680298126175593,0.5929669188350905,358.8394167116663,82.75453419985877,4.291387194279805,0.37507908719819094,40.48959712288713
2.9517516192513096,3.3689451400620536,3,0.5454117705389,0.8628219953678955,243.57289290933892,12.75321268170567,2.1709396598117046,0.8740789984291261,100.0
3.975884807249084,3.438655754073799,2,1.1716146242843721,0.805922650964357,224.28542113772465,0.5830133056448625,6.9266419422040295,0.9947293318612718,100.0
4.913817041156428,5.222562801523127,3,1.9082473994511273,0.7442317088993812,281.5313859230204,24.28775715418288,4.675779932651391,0.7897217071077556,81.43355689650413
2.864343260196316,4.797942704804264,2,0.6660518488697122,0.8608755942959047,212.81611107406388,7.670901753466516,6.382701739670633,0.8879122299412018,100.0
3.7699397144239106,5.451163490585479,4,0.6430775282296638,0.8062681649417132,251.20102322852992,45.45282311151804,3.604423830111749,0.6672538557641313,95.2909170069972
1.1811497063134149,2.7721357754731537,10,2.5264153878880897,0.41471783474153234,453.1375558608983,153.89563538394046,2.986356574047685,0.22727466661255283,0.0
4.679809902133831,4.294849308566181,2,1.2984998204546583,0.8180687387457505,164.73945311243537,19.00163437367988,2.06384919493069,0.7871283675454961,93.35208891148262
2.8344513158627,5.256205833788633,4,0.526430186955247,0.7470817018471649,177.866271841567,19.307006403976132,2.122957117537619,0.724983978286225,93.15271052003325
4.271562558501751,5.324104801742009,2,1.4315639304585268,0.8273204279827302,274.7315260124895,43.49670697958423,2.511273592267374,0.6703644652325476,80.91002982545965
4.7800839064549345,5.51915796970187,2,0.6039303188493199,0.7186526474263557,347.72762229407164,51.326265525091344,6.97892163903289,0.6039848218953754,79.28433656778375
2.860562398859554,3.016661891017911,2,0.6797543262460557,0.8758228163708521,225.4291462013412,3.1485918903720598,3.3369344991582945,0.9758773773077544,100.0
3.126801016365884,4.4216302576536055,3,0.9880685906813443,0.8741035996998463,241.55844834014619,7.700864285302956,5.104642318654754,0.9045893715068991,100.0
4.139084197802823,2.9179881768164737,2,0.8275028207875895,0.7358342156590285,318.8731773357267,85.94651709025473,4.04906704191211,0.5276798688483436,84.10318658759726
4.232856930633551,3.654786672679545,3,1.714604357890206,0.6750357836733483,319.1501180778265,46.29452791558636,6.544788383742864,0.5613293916276173,75.99526265244862
1.7521321412784854,2.0633936208186014,5,1.519432349953467,0.5960812184279909,331.7690199566897,75.82385822742211,4.8315566632134015,0.5142612549931617,54.13173176508772
3.4298805082435693,5.989788208733751,5,0.9928403060168866,0.7868100863816955,185.24866217905077,37.558913511184635,6.778832363769213,0.608131547191699,87.82716925425113
2.428951875868756,2.487274665629094,7,1.8076047752644726,0.5011786478991399,320.4426854603484,109.83781929923764,5.732562038591124,0.34482574760807744,45.48019561548814
3.8647659091379336,4.015311215285683,2,0.608134785067578,0.8474158834943698,259.65886877161125,3.524695178632474,3.1263538193800597,0.9710461073374334,100.0
6.1856318258686,6.236430046563509,9,2.90003669957374,0.4861070227787309,489.2197551228995,222.38609555114428,4.200664309615467,0.1114324918424921,3.6378367231875366
4.559078172782895,5.957404108984199,5,2.4980284055376205,0.6477726536051392,354.11538069688214,85.31772325077257,4.7300115368450495,0.578018143078782,50.54787215719897
4.287929626961285,5.5931578087643485,2,1.9293886190509453,0.6539377165003136,213.83615303517308,16.630087468191114,6.643651725620593,0.7790403007972477,78.33450580257501
4.80448007117216,4.886615545667122,3,1.2395902355180182,0.7489180264866431,305.0898690234477,53.030235525828516,2.1068481114493682,0.5715342657754395,81.20823708199244
2.1522754567828932,4.307022621815858,1,1.7728617196796508,0.7349164485176782,158.14793024912203,32.19674167735701,3.1577424396700655,0.5776259810944042,77.08224253590446
4.654209216871957,5.43361833698654,5,2.003263122116668,0.62083176811496,407.058382667669,138.46356642578777,5.190932540705762,0.3045895699821107,51.50311930517802
1.553019531962643,2.040469256173223,8,2.3415451791823787,0.5298168309240107,387.86796336461157,60.226947565542105,7.53334093671565,0.5033617574539239,36.813064595294094
3.785642651262286,3.7311731733340245,2,0.9511540314352913,0.6809081395742174,231.90178346096678,48.36129840998349,6.937560197789616,0.5296371639173119,89.51992931283625
4.401902877176182,5.796067460101526,5,0.6445838845979659,0.8124071321537479,233.28906453931563,29.570273133125845,2.178068964590119,0.6295337142908761,84.81208547673678
3.245453970109782,3.051012764217111,3,1.3735536151476144,0.8612456381290798,264.99311227868475,3.6025084065744277,6.905047741048856,0.9662298945632654,100.0
4.936707771752265,5.217519093980689,6,2.4908164289474923,0.6804319797366485,370.0465846011001,92.29614765299507,5.665340465816847,0.33843904182469725,54.96546252247661
0.8615942579097444,4.07915578968373,10,2.66076348726046,0.42016402753764326,588.7077651522643,150.49024536857732,6.306332945484308,0.24165960979442702,0.0
1.982443344416588,3.681715483478813,8,2.4641390307750473,0.6579393098187362,401.92115249389565,83.02977172277895,5.398299243144214,0.5074376711217854,48.43547884268378
3.8622242422915463,3.9210486760848737,2,0.6591455659524638,0.8443267078751758,173.3149868955169,21.759052113250252,5.096572110293674,0.7263084564156957,100.0
3.0169104576821435,5.271552418587599,6,0.7680186866398986,0.8244376710355281,188.0655448076703,22.36371530010362,7.1965155407441745,0.7072692339456221,91.75884741114491
5.010843122207311,6.059567318603146,6,2.153788415699772,0.5196398441321385,301.77669389423306,54.72122269116801,5.962504796632794,0.5704992384049812,49.36327660232699
2.341233921153112,3.8286543327969444,2,0.6266634145592948,0.8024763971553727,256.69756122983824,29.485839968653107,7.543039884839796,0.654635274608429,87.21285292252735
3.432525008707082,3.096126398171422,4,0.6969985008315276,0.8356610076016651,177.97866510636203,26.58825722945006,7.958663861002201,0.6088725854059701,96.71803623813491
5.632519196513774,2.2339326915778455,8,3.722786487493088,0.510924858423433,400.87364511189924,102.97281576991145,2.6397061295918567,0.327847377898288,7.590595433257057
5.45380194039797,3.9946382531579605,7,2.002806040064055,0.5216526682594274,339.6805279615847,81.84993221676811,7.858852021802657,0.5243627602691885,49.04458416366621
3.62476819487065,2.925992453890262,3,1.1112224213762871,0.6980004079079285,286.7811315024586,53.90114821132819,4.83912252465345,0.6307228350326457,90.41491442844227
5.419585914413396,2.786184566342167,8,2.310870925299157,0.6708318461260033,421.16846012187233,104.37369885066185,6.362785254074036,0.4401283247878533,35.55807760616397
3.9878003778912143,3.892691713029379,4,1.0008708053918356,0.6865942059799537,326.0333340823446,38.799197507174554,3.1900531356702366,0.7390125198898806,99.28228568080294
2.0667339137432466,6.11998226735353,6,1.7438839901958756,0.6511612773363147,339.87135785692504,72.59358700906526,3.1114337067768876,0.5636408610090365,65.83695448995998
3.259868563835854,3.2831403023239742,2,0.9165076596963125,0.883936889597562,240.4830956161361,13.491332684920222,2.732249245345993,0.8433477264185484,100.0
4.135346581846385,3.2992070422031747,6,1.0203152838736769,0.7917819815621799,307.4220016069529,35.98608532613495,2.2172211907618706,0.7682390109257143,82.69670564655927
0.8825467186014521,2.6972272085775084,10,3.539314948720657,0.5134223146976502,490.247355646361,161.8048274259245,7.409186735384426,0.12808784156364608,1.6770722823177264
2.6287065043598816,4.09600517216699,4,1.4197624782942095,0.8577051253124474,249.7111361614517,29.068724203266036,4.119702454492329,0.7276579007820443,98.08649506112745
2.3619834495724166,3.1791166462502307,3,1.451831274018441,0.7876049760761824,202.16629596613416,38.70179588873805,6.641374450727907,0.5908011775694819,76.90070756780965
6.224708189723995,5.400678010146059,9,3.982219575023935,0.38552736533509174,435.2488906656664,199.69174549039977,5.156657122217141,0.09861198504825999,4.154545762867096
3.5025170031566404,3.034791046543618,2,1.266953790939112,0.879075578728814,265.51483197629716,11.585412020032347,3.7170221702965343,0.8924881641426896,100.0
4.470202059681618,3.4798190427046203,6,0.47993709520247585,0.7910289126645632,217.4485592222829,44.589381909341206,2.097177804991751,0.5059191599747768,76.18340775259209
3.409265993773451,3.190668807410519,3,0.6851091335759677,0.8949504253165219,184.17048016063202,22.168520356919885,2.2118440956962724,0.7213003586015735,100.0
3.923729323385307,4.288016553801863,5,1.9354825661542583,0.6796590827205168,226.22673658332423,14.693944576436929,5.228727487543729,0.7948070484674098,84.12579656374311
4.501140685379215,3.2532793895568286,5,2.039606607445891,0.6290174210011744,423.73176796263397,110.41027643943329,7.009030291498211,0.5405799496674977,53.536514926629316
2.793213319466486,4.640524431940162,4,1.0178111778503063,0.8776102396601894,245.57643705870834,22.957960564068163,3.3150492770736912,0.8382655391546625,100.0
4.718687384994667,4.425427243479803,7,2.2707910488695346,0.5790958072371977,410.96799239039547,71.04189595952181,5.803041781737435,0.5035592886330775,47.759986950075096
0.9742640583824537,2.1305392790711206,8,3.924811450018195,0.4138582728481055,445.12726704899774,132.41966522945145,2.9001725882717446,0.39466183005069966,0.08573474047775975
2.988160201721646,4.200741210664871,2,1.0134591384205096,0.8472449127493635,252.02782152273178,24.324499666413175,2.8128192220531782,0.8114954961816113,99.67195445455609
6.077299018171103,6.713707198615409,10,3.2255721565253577,0.5386583624333205,477.40878269321985,209.17561199329882,6.337638556845783,0.05123087646921847,0.9496187342971452
4.562223096320218,4.991195388657418,5,0.5339351108829925,0.7317476728296098,217.45196746031326,48.09425789585292,3.739081447531267,0.5429315188112321,75.53716271963745
1.001935934292097,5.341149540395569,10,3.2832486713309414,0.39258573655602014,417.28777534770103,176.34289747531295,6.567196150797191,0.2508128227877891,0.0
3.544535601671456,4.304103317467841,2,1.7358058963171747,0.7099203849699577,171.71789721931617,41.15860896862696,4.7266134440575716,0.5479676767713749,80.41899601391314
0.9611715927531501,5.698258256185484,10,3.856051722642164,0.5497385128182517,471.03894944853295,135.16825048421404,7.085709417377069,0.09931368918169348,0.5346463214387933
1.605085144486426,4.584538925824684,6,1.594275991487732,0.638531290546193,364.34811881511166,93.45110909881605,2.1652636296060894,0.4947463747607222,42.73875970896213
5.119633077133499,2.0976661737821103,6,1.6533226922515747,0.6882040552821379,389.9801411648661,81.7682272835609,4.570558089471236,0.48979519030533136,43.42852757731574
2.5582288621276628,4.789610737056444,6,0.4439808738689582,0.6555105545101779,313.2232825157821,41.67078557209154,6.923587670251033,0.631958384116662,88.26135642818286
4.128172873170361,5.861706328625791,1,0.329550168726815,0.7308415981089781,343.69437915324363,37.8093858029266,6.037685713435103,0.7717574572396285,85.3641655059688
3.5815864705774745,2.5922607268303355,6,1.8944462019107422,0.7174397452421879,204.34002622536087,24.415191773529962,7.976201618308733,0.6037544955419413,77.58913303670555
2.359412087069418,5.4761519484528876,7,1.7089748018202786,0.6240921937934013,366.40965744472794,74.81610382659015,5.731508927808363,0.4818067699790939,48.88340616033003
2.772188596949235,4.608469625456486,3,1.6953332114173711,0.7900765831313025,269.4388252729889,23.430658564825404,6.6431146869834805,0.7972872778888003,86.49386081724094
5.336609729264108,4.182114609200189,5,1.585139030853776,0.6479982663824959,370.4398003101599,85.59211394363207,2.3162298826913745,0.3243780671790823,48.375945284059306
1.9427480971212,5.3436598716171755,5,1.6060305205514418,0.5822295301399003,379.49283149061637,72.55030370046374,3.2807193217720014,0.534589716563003,47.87169981151591
3.0441227032712987,3.5740722892993824,2,1.4775123419816287,0.8648694178468783,187.9348009025899,24.85993101866324,4.244299183923295,0.7711720225501855,100.0
3.2941335848106537,4.770763039388872,2,0.8705177746821204,0.8126710763261449,203.12453669252037,12.178726344086279,5.225062910523487,0.8416046512235779,97.99823729039363
2.6739854165225387,3.8247344129428016,6,1.3828331094712767,0.6803825791234221,265.84473201035615,76.56523231103489,5.597944185516287,0.5111350168942482,89.85878520799935
4.285172142109661,4.110202964165761,5,0.7768070909013616,0.7285536296545887,175.44580833884996,24.22827717161457,7.211036401503698,0.6943332907226902,73.85242844869256
2.9357238277525304,4.620728483028927,3,0.628732134885857,0.8697410020614608,214.94448031579654,12.67904210228759,4.964022993615286,0.8720828318198156,95.75762568772475
2.2111743115592004,3.076298506335057,2,0.44308527698491373,0.69419761596521,349.68049558472967,47.53362063637933,4.999481847509827,0.6867296382797584,80.49579468455926
3.905663247174761,4.393405623194185,2,1.5613296162997146,0.7939773986500642,192.57229254077677,26.808373482001812,4.284115848035906,0.5711940196115746,87.63490240242382
2.7112845661655856,3.128747556957663,4,0.9165443192473314,0.6533055350970928,233.5901752403253,38.50947561607533,3.549478633491959,0.5782695353360119,94.41606846932069
3.316545446655259,3.738521701860253,4,1.247216677138899,0.8137195624277302,194.46875095132748,20.497601406492013,4.634173418363347,0.705789658145872,98.98837659738314
3.923165252694865,4.984807336476451,3,1.7084015454839736,0.6977998363274667,186.59269305532993,25.54180034436901,2.6729310026753623,0.5718412667579077,81.73478937847187
4.353637219906046,4.972995886643327,4,1.018702607916235,0.7752600691246914,223.27100054363683,38.247190984718955,6.381269152626269,0.6646106202709227,82.9353049015165
2.1586631458016288,6.140941159363173,6,1.8828258056166562,0.5506022259274466,445.9207687572873,86.52162305615694,5.488522870741629,0.5584836453721741,59.163259665556026
3.505891606834288,3.830028765423493,5,0.45463574603325085,0.7092681956591995,261.8035296239774,69.48919833223913,5.836794845764246,0.5443874584686109,89.87213527103019
4.32055965444944,4.748819727794293,4,1.717649381158449,0.7377169801269398,154.6103112071609,33.41002721458174,3.266696874099434,0.5252783561445757,75.86357862799294
3.214779894517899,4.952390788831803,3,0.837829090693886,0.8909218478850776,252.96413138019912,28.082315321770523,2.9675631756827245,0.8000091021680438,100.0
1.5790274073077337,4.1888936146901115,7,1.76241073775568,0.6718911844549419,356.173316094363,95.76579024344306,3.0111229579128254,0.42826816893820424,41.565259460446484
2.21718558201324,3.479621757099547,6,1.8813712321968705,0.6861438766878815,174.51368801331265,28.879637807190807,3.82327521696112,0.6316078531178952,73.02283892178929
4.374403380458936,2.90628222146628,4,0.7236892007819907,0.715794585862282,154.14604817542295,21.640445566058677,5.068225321054649,0.5515004475599476,80.02152562504804
3.2144585983831204,3.3899648659646786,2,0.47751253641099034,0.7779163526210847,257.78226310283907,40.22026481001112,2.169503268333599,0.6122297865139442,90.36141411062911
2.2558688906892077,5.703714242071024,2,1.1413190536383186,0.7495623746114353,153.15333732593345,20.63482009284521,7.479189975849809,0.6159311680456383,79.92620342303985
2.057023954187628,2.8565946990565734,5,1.8106472424903153,0.555061437641355,434.1429046647133,88.83483545826782,3.7438197733006993,0.38164183433659266,55.54426900707066
2.7739420770140084,4.09347748843773,6,1.111516409972212,0.7511920265603003,150.85642177636933,26.594224216669346,7.3795951371051105,0.5608037998772117,80.89923237729118
4.449147933557215,4.298978695936338,4,1.8299913872674383,0.7008000416578039,155.44953651865973,39.95724182776326,2.092782964468734,0.5411799151870164,77.23499845560058
4.438558062271017,3.5193715591653363,1,0.9650754388792576,0.7627878211209013,345.95473762941174,27.142378804514077,3.870971150271189,0.7873427016438125,83.4551725116142
1.9110885204575951,2.7265089870167176,6,2.344062842054074,0.6144582563969105,449.785727399104,104.23598334164845,4.165785301058631,0.4592802070387314,43.31673168199199
3.913790135245869,4.491686624303963,4,1.5735599770903559,0.8322816257094704,283.9321469227393,37.361211187498355,3.498364583588294,0.7737053481698323,97.06901150821228
2.9651641996368556,3.598438220675507,3,0.6656538335160984,0.8533631696206145,211.09009806513944,1.5774659738159034,4.374519185176976,0.9814767257165424,95.49686639656738
3.8439262316401073,3.878520170749728,4,0.5480723265871719,0.8445936877058269,242.21625611502893,16.580579163550468,6.266177050494722,0.8541098987770306,100.0
3.415123256619246,3.0212721515808596,2,0.8579448062680529,0.8086159077766507,295.53130849009676,50.72821611477166,2.697457194497264,0.641881905304061,97.90807883463691
1.2201943208981934,4.264938750937682,10,3.197243735334129,0.49361366970913945,478.04899562078486,105.0451380570339,3.15308073280925,0.37438055133556003,0.0
4.307258269053328,4.266048396529281,3,1.8183963602030562,0.7625115701192895,220.6728895314301,47.922061694024656,5.295129094060366,0.5082092631491909,75.62734458367252
5.841034043138642,3.7457675784303928,8,3.5981481754606897,0.417257990522016,569.6028699497331,149.80572194358245,5.564268122685038,0.28393625525198496,3.148679718547962
3.470560031740858,4.886467263733885,2,0.31242631088065437,0.6701359096884303,235.33960907068195,34.46486701542485,3.221731442354433,0.752351187982392,96.56371553230271
6.289867584571278,2.5612213131530974,9,2.7687485231364763,0.5381899257499533,526.0804286671187,164.8757561443633,3.8528579529936255,0.38103517187160474,5.338190817500711
0.8543981025702779,4.468132095157038,10,3.4426665337968183,0.43838045626876343,596.3286438297979,289.2576749960363,6.713316945988037,0.10517106488342823,0.22530159490497303
4.9756875368441245,2.5029579428456845,1,0.3766904636661955,0.8381851557092427,308.1514279915266,44.873795162918626,2.9095537707043446,0.524883433130536,89.30500477286144
3.2458432077371198,3.527211698480631,4,1.0886540782701912,0.837871182180162,189.73145119603385,0.756415187211362,7.1520581061450805,0.9926656751432766,99.52015471831795
0.974291299846807,5.167769516808336,8,2.5008116881144673,0.3790569843115952,580.7281391614258,170.2565034419251,3.1189765707365606,0.21804904641174977,3.2456062870116744
2.946533263494986,4.094432787191709,4,1.760149794859795,0.6942156450145097,246.18585169886558,26.234656561924794,2.684465893712378,0.7273241202090752,88.71991890959211
2.439720543800022,6.062244033716106,5,1.9460874192000168,0.5024747348137714,331.39050962622247,50.11914445056237,2.698582764682742,0.5758826275731883,59.33930031291529
4.799854936617442,2.67491598946532,2,1.5178555100221367,0.8455756155356482,216.81778496184603,30.213961844386056,4.465360963467088,0.7022147806663948,80.7811577749101
3.8547241902982696,4.911382068042855,4,0.8470141080796584,0.8066241552585153,247.60980395497202,4.916433730378443,4.749256291560762,0.9361077655158971,100.0
4.348593960793519,2.9921458041131253,4,1.2130131215619468,0.7120781291610183,177.00225551889415,27.226444497039754,4.955718264796917,0.5182107818826809,84.40070672319634
3.7107000202954032,3.79749392226035,4,0.7781795792465434,0.8422086196046769,272.73833501583994,9.128824986606052,2.3471334179816674,0.9012233495704965,100.0
3.0720138515411044,3.1432737516008227,3,0.501352856501632,0.820952030931772,183.3010280288958,1.535053527755924,4.771666533728494,0.9841668712563265,100.0
4.257174767310881,3.5230312468615934,1,1.911111904780119,0.664028124508132,265.39298796646216,33.05993567813472,7.782032887426277,0.7521362622469173,82.87900446008686
3.521644343837599,2.6763933172627343,5,0.8402309156201432,0.6641989931008558,293.794571628702,43.82935283743213,6.265305278302383,0.6719175776439817,86.23804424006234
3.9148862538125986,3.9995259288389646,3,0.7541532834167363,0.8361246671324789,232.56712735713757,15.236728422250927,4.994587056088989,0.8555813966915722,98.65577524400102
2.049928774895733,5.16800066246216,6,0.7733001126579371,0.6534288371195599,250.0109796958968,32.33960873932464,3.0829714198102014,0.7237378601650138,82.13938696437782
2.9024734246610797,4.890763828051683,4,0.8778416307299406,0.8067628676901936,226.5427863155145,1.3567189162031446,3.7593008272352764,0.9808274997608263,96.86373040793191
3.1313689461238994,3.1326263462547677,2,1.2315085196610096,0.8015950323184049,269.5705899218226,18.46357938264235,2.472341965222265,0.7908087934054429,100.0
5.05168098731435,5.128120740420053,6,1.5519957812257827,0.6855890771056186,395.6797522115702,92.0991156997489,4.681586367755348,0.5841595807553971,52.12051649599228
4.164276088978904,3.697057880050872,6,1.9510644916228166,0.6653083893538643,177.35623423110442,36.70525526168409,4.174762382644623,0.6078346400224489,73.1266256195585
2.307333555395486,2.6326768706370838,1,1.3496739073410131,0.8437093913496878,345.7963236273784,39.430385398181244,4.539204843546878,0.6758333966486749,81.00425851394225
3.970499198547551,3.9496405820023797,4,1.8939243717565082,0.652209173805587,207.5531662809458,36.171993526184885,6.3601960509030935,0.6848442580030314,81.74791151901346
4.466119591491933,4.586618880372601,5,1.3838325449886388,0.7067060990349238,341.0019809412235,28.954316804298937,3.1271534360380606,0.7764349823924508,81.48339421739205
4.137876581966688,5.351066456358248,2,1.7146951794526804,0.6932798822614773,278.5390423423055,30.046726831620877,4.715276605077311,0.7992808618937438,76.85115450111603
3.6019228791915787,3.9085492120467396,4,0.5563360732305277,0.8051036557371851,182.51391568319755,2.8830136328965414,3.933202892618228,0.9607346401804625,99.97717434079395
3.3731687088593105,3.058363080596355,2,0.7471628673264472,0.8622417083730749,193.01604764365277,10.855260664497038,7.686448339335275,0.8775205146440631,95.52838772084584
3.4017704826632684,3.060548155418209,2,0.6308843800478029,0.8850986552004496,276.6853359122355,17.799241769139137,3.0995373406248747,0.8200138394294105,100.0
2.1053919801571155,6.4879973327010205,5,1.8372703311521745,0.6052643967463985,399.2219553645071,59.33677038172064,6.387261821467457,0.5377657659184907,58.629127605081614
3.474749523249356,4.943021442136804,3,0.7288437565419986,0.8488989899886984,227.91325020937794,34.20481201659623,4.139298314013113,0.7116471666769865,96.76107475794215
1.2647628333580032,4.570384316506486,8,2.8167858778500503,0.40307436201387925,412.96814519698836,103.08256850961324,5.696431587000539,0.35171963155718644,13.880901691507153
4.24405754261879,4.572242569925468,1,1.41962181144173,0.6896734409911494,171.11322410998042,29.98783362261123,2.703861257668076,0.6508094652123366,77.69356204577738
4.556633171748585,5.478323905156186,4,1.456402393022457,0.7287022477187601,264.15392314377505,48.03119102042193,4.962242626171573,0.6631840733141229,81.74934475774833
4.635878891856424,5.450478786288389,5,1.0757761871023694,0.6927982143578468,191.05755077524128,34.78425818111867,6.936992310680938,0.5211220341099637,74.10163310317019
3.5406138121593362,3.865160165778992,2,1.7565717146585962,0.7476394269259591,299.36019716574367,74.61227202555705,4.028974297618824,0.5004006703857204,85.52395970956623
4.738430395958132,2.6898497056385318,6,2.8285797291384096,0.6288411429230658,421.4540838472062,145.5878476267674,4.512172169198214,0.3702413728761292,45.25391372748335
4.742637177293504,6.395291479424494,6,1.9301421812501987,0.5758307119960511,444.03348885304973,120.82111501320554,2.905932093869736,0.514258785439712,52.36070511181957
3.235408218110143,4.824940023858465,3,0.5394200692429163,0.821168645555266,347.7554403906688,58.65679421556384,3.616974387934401,0.5806392327824549,97.38788119036802
3.146579705677289,3.5671856313214834,2,1.1366754657181326,0.8654738995819535,260.653839203429,24.086738020510758,3.9877410636110704,0.7098108128449848,95.62040855599027
3.3916319788584044,3.9885019287854533,3,0.9187607378863137,0.8334914327266951,200.13834350939618,28.98214747064196,4.8365449590402445,0.6481024677099374,96.77931412218219
4.912426392306563,2.563637425246732,5,2.216086108565702,0.6606779950959482,313.4004537943467,70.01281421876168,6.5142702756963615,0.5530339150731307,65.83438224430857
4.29416452168278,4.820092309719386,5,0.8664150001898667,0.6518315185214886,198.45278376365093,24.24964247458824,3.954333984650387,0.7038559174830127,79.17700927077274
1.6643837495079121,3.715712900351907,8,2.782383265125221,0.6383495847476442,420.5141590282371,100.54760231759775,6.272699883924213,0.3510664340850747,30.78727029265413
3.04128841436773,3.510963017200531,4,1.0662612434310719,0.8944464273931436,208.2350125469434,15.204942871795023,2.501726155355471,0.8447133845955658,100.0
1.8871633696028942,2.1979308386727783,8,1.8058473067482872,0.5334598726655453,391.2477898589001,81.08433516410311,7.674832984613374,0.34202630488483926,33.36117949589788
5.953104383965765,4.04231003176615,8,3.6252020816650345,0.4123239148595819,465.1702295697513,115.14730289261077,6.279218118909721,0.36688435884456744,0.28412034611170167
3.211908351871357,3.4913721870467342,4,1.0548230345465208,0.8522288617122092,188.81105431798375,24.072800579455294,7.041344997399365,0.7172255981960742,100.0
5.184034923534656,2.742188228346967,5,2.129322720973999,0.6092756348487176,361.9288869045059,122.23283424975075,5.008584540284762,0.4169044816614464,37.55425727631999
5.80717429546487,5.544222735958196,8,3.423965364750619,0.5123125570253251,414.3038073477947,155.28208835657566,7.454282561917506,0.031504859373929904,14.161678856113006
4.164905390443529,5.841974559031995,5,1.7620313588374321,0.7519933877628356,307.579339014394,37.92312482502393,4.398659634114462,0.7816341902411915,73.5277144362933
1.2540640997526944,5.129252694514979,10,3.8647361164656253,0.3721988781156095,530.6691690287688,230.93852356598583,6.923368307627725,0.1556382033288268,0.0
4.98438037369136,4.068017357259796,1,0.8990664985247374,0.8174278162811685,170.4632851655011,19.089648081391598,5.225419025238892,0.7609501293817195,88.80080428928783
3.7154701114161104,3.4206503512689665,4,1.0674020543583465,0.6597564057265963,294.81680641860305,37.88453961493673,5.178401152807512,0.6470907866070609,86.15499293540145
3.0964522742763436,4.21090529877638,2,0.9175353631762724,0.8326754164185781,234.91421915266596,39.4844327763854,4.661297556648986,0.7158736387587636,100.0
4.184765639151763,5.245865366914686,3,0.8006771452546717,0.8198575171166592,308.6456315762127,51.41250883870907,5.4532283538754545,0.6379772050642701,86.73917227136694
3.58767583633488,3.47252925123283,3,0.9717760425635755,0.863486310312201,241.9187675871389,0.3573110176984664,3.5273213050151453,0.9965955047928697,96.25468082298922
3.0543235326866247,4.180021307004952,3,0.8452655766742848,0.801466708048684,278.3644314845272,4.864558772134211,2.8319154215344566,0.9432068222965823,98.73716019931081
3.5202440555842305,3.182021313285869,4,0.5052825671336839,0.8635229079054526,204.70327060495248,3.3714136622653528,6.73702069002808,0.9493295583405119,99.16730131364741
4.480845072198883,2.976372181975824,1,1.1599555473814147,0.7643733221080175,238.6045911398859,36.36177453159972,5.385710295696041,0.7171198601655833,86.25077878975132
3.8919679555815234,3.7117747763110795,3,0.9060922066394713,0.8358574834134762,187.67604288666973,14.089004889598867,6.188448705195935,0.8198386842789455,100.0
3.3763714561965883,4.339547115213758,4,1.3748120114035434,0.8134667764023928,220.7415597812807,11.471501435501477,5.456515686473747,0.8632769825426816,100.0
3.152235136922582,4.68528057881455,4,0.7631457595936451,0.8267398125773422,219.55944763213236,18.581532093452093,6.550286730739256,0.8323126484107867,100.0
2.9983542600542785,5.074918278713721,3,0.77756487164794,0.7519508752492114,290.08259561520293,35.90917163657476,2.562439279116882,0.5991289531542305,91.74067179398675
4.479644021269976,4.659092621219089,4,1.2744781516643229,0.8213427439335831,270.9878372644749,41.883104411078264,3.2357331606791693,0.7060319699360991,90.9913260676723
2.991089467223979,3.834704109069426,1,1.024332969939313,0.7085656257835247,239.90959626622933,36.38431108271317,3.2696315763696338,0.6853911225187224,86.47356084683314
2.7397579424138936,2.8354667561740587,4,1.6871834631694722,0.8358131430160688,296.63732409994043,85.64333249145385,6.825713378656056,0.5166459117850098,87.40600243554381
2.603556792503319,3.61385091026054,4,1.2922411742018807,0.8967299676214711,267.7161154120905,44.302184849136566,5.538782956208074,0.7143576996182626,97.67230313979539
1.9085204651429715,4.214436539403663,8,1.6548203807572106,0.5454521851163343,347.002803965584,84.57289091229704,6.928195755731772,0.3130334670170656,43.12374146742628
2.3460331847706857,5.640688466701969,6,1.2355689163046033,0.6817541523231317,320.15310570426306,24.34233415580359,2.7310136902060194,0.7621203466506714,82.38410062083817
4.786100617319009,2.0152965210203106,5,2.331354969858115,0.6828649772695429,442.58394051391537,75.49982062165329,5.914752484022881,0.5948023619703321,55.4797644063189
2.4627628853511823,4.804639029032602,7,2.0310941305147594,0.5593768061884894,388.5968926793183,67.08700522475776,5.565520605875674,0.4934260321121259,47.078152971402915
2.6284350704770505,4.9879329505722465,2,0.9502039893807179,0.8955917980274879,241.12211904437018,26.39455127301895,3.694586467435456,0.7913918409704033,100.0
6.234313032288616,2.4597754534029592,10,2.913932851953406,0.37774573976686515,497.3241067970149,109.3903335333625,7.915811517889319,0.37703600686050676,0.0
5.74224055274295,5.21085255946919,10,3.7077574784508593,0.3546881007122384,488.5942998913607,158.49426827454502,6.655815378169138,0.3379273166064529,4.695587608911288
5.365512866145872,3.9289688561549796,8,2.308802642439919,0.680037939281692,346.5072677280664,82.3065876421426,2.2717522464283393,0.3449443205588488,49.485088091765675
1.0256228863265293,4.359333850775449,8,3.583562130161099,0.48799494787422115,475.52514058233413,164.7246689889891,6.480760657469741,0.11745530845949195,2.9464246737692523
4.557271079584052,4.44033838850374,1,0.8141432131134329,0.6522575563027417,235.41530695207393,33.68312055591684,2.950233774817523,0.6974234034214095,77.47862168742355
2.1528252247340833,3.2671313099686548,6,1.4504797804053453,0.6945252675645194,222.39411597958048,62.03752944380848,5.152220794243078,0.5293621640631995,77.05428012563725
4.793001296238189,3.8801042778762507,7,1.5063239880912216,0.6218195122844496,379.22392373251876,104.10699481340129,4.946308492187868,0.5136082631341445,59.00081695773346
3.086742263836489,3.913937830592971,4,1.1742279563796358,0.8865386669691384,253.4273648417925,12.606347081546987,2.972349032618608,0.8498127166440878,100.0
3.789188140439265,4.71118835126431,3,0.44223030665738233,0.8441160650569507,195.2122988650653,22.693292358079695,7.479619958073421,0.7208298700333454,100.0
5.332218763625926,3.765236394568613,5,2.3567898401043954,0.6062008700079268,333.6450275806369,46.13921295885992,5.966459075479773,0.5582882314386095,49.75926552920176
1.6741843849626479,4.20876466327834,7,1.927323857862745,0.5845469514123957,392.2069206373297,129.6440786101906,5.503092782673193,0.35449765535582844,44.302503394218064
2.094067854389519,5.4656325411348075,7,2.969820238323577,0.6214927534000232,377.9566778215617,96.79509879919773,4.764545078668759,0.539668601650765,51.898761280968806
4.560017579345016,4.774368755899323,6,2.9722220166600986,0.6830753016643728,431.77910784530525,124.67705159295048,7.889571092138181,0.495231156245765,50.65618640808064
4.943079582402685,2.046589210717777,6,2.5702074108560455,0.689726724633773,366.6622895580807,101.77009034337006,6.962097959074713,0.32811503513497914,52.494618870956934
3.8766635400792153,4.012024583722418,2,1.1628342333861985,0.8699850370551083,220.26844218419663,27.710693394022034,5.095069787404942,0.7856760896007128,100.0
5.980007950100099,4.595345316613362,10,3.9711942827060542,0.44512157532788216,479.2687840350158,108.77724080782082,3.412663581729901,0.386794305015489,4.374358902198184
3.4613105774563766,3.560075742630113,3,1.9073334402569861,0.713222938238596,186.1566875430353,24.680993553713378,5.85259041434816,0.730450115517528,88.95294198740073
1.598566402191858,4.524842510935169,8,2.7069161572740157,0.5582740837273962,449.3392278742214,82.29520468057476,4.805673155203313,0.58599149159993,41.109805055184424
5.600535887919213,6.4338837849409485,9,2.6976687322397472,0.38035893972233364,519.0606806059694,134.61057341105635,4.849251568352281,0.29447955438561835,0.0
5.854510308391656,3.386037389019635,9,3.2929520306083715,0.4333446946610657,487.48410565106144,136.53081758144506,2.176591174552435,0.3518914895443912,0.054966965075269325
4.511422058370562,2.973789641127664,6,1.70729554624271,0.5013822580788029,420.01864698161125,96.47068012087355,5.026427843934432,0.5593264507880977,61.9929742084994
3.6812443088289224,3.2531502603109006,2,0.9460560355204237,0.8036472789154306,256.0341708526427,52.64273576703717,4.978580416712285,0.5723561651208433,95.21252141324874
2.9585514141129274,3.973529041390436,3,1.029267838990543,0.8255743269365251,278.88133938534446,16.59745608059875,7.249949000455874,0.8764580230190098,100.0
1.907483398274254,5.1584747795452515,8,2.428041122628438,0.5689730792220624,418.61500904745674,66.61842978259504,2.414491469031355,0.5648883215998435,42.6011498428794
3.4719592267048047,4.0286222220684795,3,1.2202456047901293,0.8948430976787588,263.6926569345843,19.518768852527394,3.1442208388061212,0.7582242991713777,100.0
1.300166118786003,6.385365074499144,8,2.6504692515442603,0.500492306914003,445.6032108311782,210.42169417489663,3.5475583604705982,0.03882023750010162,7.948776215121045
4.775840794577685,3.7744934596561075,2,1.8288752984431713,0.7157153431097647,335.4897275853929,46.316922924732985,3.511107936521178,0.6570881250737507,73.70276471199874
2.5332927206677316,3.5306974644285645,5,1.0480610182575638,0.6909195438345982,348.703395925599,53.125103815896516,3.941166116253688,0.5338085809179812,88.03724822503202
2.315089994284238,5.200346468737192,3,1.1307921796763074,0.6749195103749999,266.7791217954567,55.7002911306939,6.083282913439273,0.6458414854809643,81.83180901814133
5.96393047852915,1.7055589152236106,10,3.4475132676541587,0.3799416647045941,447.39281819126086,111.39948996400494,2.967023073048885,0.36891132405416677,3.888568605227618
3.6699122397221964,3.5152946034326114,3,0.5646717600039335,0.854710518273193,214.0619524710913,0.8085152531856313,6.425396927626519,0.9931925614979282,95.8815526377635
5.460985067506499,2.0935124792637905,8,2.8060103753807977,0.5727355191780449,309.158884999142,92.96593845018461,5.389202715307893,0.4736386942155377,32.413827433571
2.361530204655905,2.6577219930859455,5,1.7481777522286273,0.5025149071462874,366.753457325002,146.82651839044473,5.749407078740655,0.3023627948023901,51.86727991423469
3.6362992825340132,4.10970965983611,1,1.0129830529432418,0.7990358240147495,222.69676202379173,41.0633616358628,4.255356838087222,0.5936929851348194,93.82756795888021
1.3322978493926037,1.5783210723250471,9,3.328994907182743,0.4881473509850759,499.8853438750771,119.25074734750974,2.7956525313112106,0.36772651691697356,0.0
3.8943050590911863,4.707007656472116,1,1.8182763768479973,0.7038391400301697,264.13718266609214,36.1609669626494,4.055038910176752,0.6494992502560455,88.28006219846394
1.039754439052731,5.772861649785341,8,3.9268095296523544,0.5130586944741214,524.0269023473959,148.04172130300248,3.0059969115500724,0.3537193382229694,7.666289000309065
3.1296055038531416,3.949163874243041,4,0.8842074920399043,0.8699806238809917,209.1666853441039,21.147614284749167,2.3871780480532365,0.7740988490827283,100.0
3.553068161509687,4.696740425054241,3,1.0885321160441377,0.8954415741709544,246.39873103683223,8.850901423869546,5.693017838979262,0.9296503637879495,100.0
5.405654445214589,4.48776065910458,5,2.433421994671595,0.6560186698691001,444.36496737558355,171.77070777976573,6.3532729001257735,0.30978124489407044,41.916057998413265
4.269164501624273,5.970712899187299,4,0.4434128873858201,0.8020443113074134,154.20077084959956,33.94128621215598,4.773010020428277,0.563771859913715,87.42607630279454
5.598036586807844,3.363291058078566,9,2.9066020907325325,0.49084555450628964,486.43365566702664,187.3727199971786,5.530328958992684,0.09694028796449637,1.5136446915557433
2.4632144118726633,4.97727220857893,3,1.6002524036020613,0.7455166446859198,276.40771631236385,47.150435573326035,5.557242082667952,0.6264426072644952,75.52944932326345
2.5462676588348248,4.254694815929998,3,0.7977412918560545,0.8385546132483442,253.9022345151328,17.96244382485384,7.070877204197091,0.803768847174189,100.0
3.133728226897,4.55173994035617,5,0.6793256004767045,0.7583552576217579,242.18866176550878,21.249072814311837,2.6627229810876036,0.797777968746495,88.72028909421829
2.0157741212888967,3.20704140401718,3,1.1608686882809143,0.7449802356055695,332.8619768560415,41.47391994222244,2.903839918795014,0.6955760640703291,80.99766411331946
3.182145656388526,3.558359874652963,3,1.3181430063049175,0.8548983567486083,252.4719516628079,1.9218918580684854,4.343984198602835,0.9770914380496477,97.8032377435913
3.074478412450014,5.748994905965622,4,1.739199164978955,0.7446073977554793,240.59923906015146,33.879094604529094,4.849983618131172,0.6797175145852901,87.77694401357144
2.996688170426109,5.28715932633499,2,0.7832031610099218,0.8451366902270421,222.71027558494268,43.07701461323009,2.5036486711071335,0.6501871322024859,91.0152744404714
3.6654483557372677,5.248722174960919,1,1.5249582798328698,0.745943707393648,262.43856365683405,41.55112908264596,5.202313371726925,0.6400924508902065,85.2021035868293
3.498103256210101,3.3271640865739123,4,1.10498320874744,0.6537822832086475,165.21615161087243,13.763398017090962,6.609216844723148,0.7769732566986621,93.48333402932893
2.448173150322381,4.278555908684287,5,1.3819937445956645,0.8327826141801331,313.2682165290305,38.681363725870085,4.313799041956869,0.6836429570282412,84.06248773979846
0.8572654049535194,2.700809681650202,10,3.233957500157364,0.41575989184078277,479.06799611895667,226.00384388804656,6.668699505379239,0.20266614257232907,0.0
2.321191343307219,2.0058160786646217,8,2.3371803909448245,0.6426086009771868,355.4087956932084,56.92461961661771,3.9950016854493295,0.4859219411068709,41.84702762592839
4.543613023387649,3.53705191123056,5,1.964740786390971,0.541971082695328,376.24271356781577,81.51508034180489,2.381324012368337,0.3515785555882327,54.97481472191798
6.472332142629533,5.292194522403851,8,3.8814348504935303,0.5344254861432371,486.2801510398245,110.55309659002974,6.05593959414476,0.2514014116587735,8.69523312352839
4.831801161124922,5.677646841995699,5,2.069719698117884,0.6015686097323467,439.33338264036445,109.73660698464342,2.015101042303643,0.4090673180460586,45.57510171016722
3.715296093908217,3.6546856519595328,5,0.34244190851714323,0.6664681331004509,290.78718936480954,43.647973890865735,5.31816674568881,0.705848879160199,90.63039472538358
4.114595330283165,5.491359599437853,1,0.8447429144937526,0.732957045365821,341.9017154226538,36.91704118964019,5.063059999081653,0.797064881318491,83.97267281837078
5.899801974174363,4.660837924469748,10,3.9655227430395525,0.3820563746583368,599.9515325611037,158.61386456569556,3.9342678004154528,0.25953661280820484,4.535403057298954
2.7737450787609887,4.027925815251804,3,0.8715490573015792,0.8015945130818652,251.9113914465487,29.538578253822855,2.4589913783953534,0.7928581830060314,99.58069851381266
2.3610000925101717,2.744357087687566,7,1.732849531672235,0.6892186848940244,346.3749105672417,80.87357479970683,5.944042582284364,0.5816931064833527,60.17685544354354
4.9359114940918545,3.7903387743912615,1,0.5171303249982048,0.8355652464919463,324.9213249370661,70.8630548674976,4.79337270808405,0.6308374338322397,89.37878770343484
5.77976442987791,3.8194135963665516,8,3.0757071190135674,0.4389494730118274,497.64208896191985,132.28010548005687,3.431751740158848,0.34973828706165627,6.973629401921354
3.0280969134652125,3.2229646823953315,6,1.5791042907470816,0.6636172202447523,154.38930788919683,36.57253066114653,6.4199012780271705,0.5645971705199568,75.88221944551213
2.3599879345608312,3.2243917435993494,3,0.8020380498583015,0.8417399064984495,206.02513304253006,35.3207976423359,3.758970786773066,0.5643958320519562,86.33335609585777
1.9610975669563078,4.033671224305325,5,2.7544144373067,0.5325441140157283,335.3331575440102,66.78425876180961,3.0449785935809865,0.4516321564495284,46.313189147307504
2.6019730276556428,5.986952381334568,6,1.0470412462064171,0.67635886040962,316.0497738826092,26.44594862260247,7.684560564610627,0.7303934313018622,94.53969720410886
3.7512620118253963,4.408635738811949,3,1.2534267171562177,0.8874226976976125,252.88105348095496,34.39787853973354,6.069311822295642,0.7728902688989291,100.0
4.559094521855609,5.9517545184609215,8,2.5534701817404413,0.648177225168195,320.69122790705813,112.03531405294974,5.101873192393655,0.39633396178672764,48.41621045387179
4.64486411179664,3.5831884208787086,2,1.1306053380557721,0.7316895126330144,195.6859709038323,22.448321744063684,4.758122754708581,0.678473494727969,82.35450649441175
3.390300880985711,4.108206996018395,3,0.3816891216173427,0.6606746573988445,164.70779540041548,17.70484492858938,3.706135218318323,0.6453134880063023,94.00282001914086
3.2908458157571037,4.97673643015524,3,1.3248979558860485,0.8742256478738167,215.06076048824235,1.1839577029301174,7.633774796470481,0.9877335339245147,100.0
4.596251434709128,2.4251228670622194,6,1.8455764984650425,0.6666679188090348,318.36142456125924,64.4707231488384,6.266482067254369,0.550834944323284,60.8369929752229
5.054470292871551,4.567609500082772,6,2.1993649290822352,0.6024144709047052,336.7368792639379,60.28061311567084,6.587852481737493,0.5861578076588077,52.093795316752455
2.751586402214936,5.210269709713243,4,1.31085186447518,0.7812779851141817,203.37116434822653,35.487485764955856,3.535151483784161,0.6596501154454684,90.68461876772717
5.444703966168529,2.8516735764222494,8,2.337992869035522,0.6180254039369054,306.9013779639868,77.72968172595283,2.8034363079258284,0.5415696938833878,43.15095757036259
5.310894691664895,4.15310585930874,8,2.8857862555292337,0.6397957963453889,404.4582487554298,100.42376492800422,4.525427371909914,0.5106548650918276,44.09316194050109
3.3771610307964792,3.1468845940215973,3,0.9866950570502124,0.8230392340630724,220.33635678627832,2.9569378832971718,4.326580381764137,0.9714983812832286,95.58982186720581
2.985798274140741,5.740476291532905,6,1.5157626046500163,0.84100470168101,334.25251842164147,57.804865258753615,2.6701168112075253,0.5831974801401294,89.83491282598644
3.831097809750925,4.842098770010772,4,1.338454426769856,0.8384426886938562,219.16455295416011,0.10553068135116178,4.284138888634935,0.9991425264006645,97.93831776335615
4.720707824994581,3.2079530725982215,5,2.1822990776099394,0.5901890165670741,447.351695657946,92.25492796060071,5.5064969102389,0.5452794624044723,59.2863929408198
4.830837301174858,5.787732644787324,1,1.2991598972577227,0.779943960236876,308.366537464109,58.331659499821335,7.327691624559491,0.6550093434151594,81.40886758450672
3.9120904025597514,4.760673896040775,4,1.4278075672543888,0.829119455599338,230.46551829305588,17.959326249433385,3.6346713143347453,0.7545955103974085,100.0
2.804903594707035,3.041327529305561,3,1.4053947486982339,0.8885513392300711,224.36408565459257,4.321051145011743,7.136561418586258,0.962050815227416,97.6560168165585
3.2480097995691457,3.102945133653901,4,0.586653198106151,0.833034809848498,226.03326163649857,17.059165559169728,2.8765178912429397,0.8355196793156545,100.0
6.252597941336407,1.9265504591886904,8,2.661201530435187,0.48856741496313555,455.85961675277895,113.18443889893797,5.1530975118745985,0.2850338280222912,0.0
2.493762807356608,4.582019875508856,5,2.9630339746135483,0.6250226136786379,378.3005917784602,106.67208044910548,6.3166789933873515,0.4947177555853416,50.58989194544444
2.4535161135853745,4.927513290131558,8,2.379981749244262,0.585521158227815,375.8899743814942,56.441949357916954,6.6934847252235254,0.5716918475831881,53.380029326969535
2.707546164569628,3.041501448835711,1,1.6258923399500707,0.7711482501452431,223.8756152564519,44.568628623178036,6.62165216079443,0.6283966110158511,82.05956069180414
2.554971700955407,3.614971807560481,4,0.5892646492788887,0.8604324949312837,189.18042467100437,11.133209841911285,6.421696997723087,0.8975190339235637,100.0
4.81278492417944,4.611559998810188,8,1.8080957469204413,0.5254476808898809,320.9543943153514,81.43464302232236,7.243751667285842,0.5511399058118246,63.92062194837927
2.040941758458291,4.2279710942986135,3,0.9077162932711189,0.801784452028585,233.9800725776002,39.22300410404931,6.000964349079069,0.5342308622045264,82.55549770706583
4.44671292359245,5.258944857466033,1,0.921338940240484,0.8385847437493338,175.76569429683505,11.62255596982255,2.6533764711448478,0.797056153499557,93.32412543766449
2.575444550184743,4.2563861660641376,2,0.7840092897945712,0.7656178320432209,341.6594370234183,62.39999926864431,4.1305657593573875,0.544833288561594,91.88951339804642
5.101251981033027,3.221577636003411,6,1.5494213554033522,0.5675569073467527,370.51076333988277,124.7796315803237,3.987868684167058,0.31330738364518773,43.11702110809477
3.2276145888748493,2.982742336082712,5,1.6702912971345727,0.7835426395777109,163.37090110981296,25.452325561216945,4.412747775343734,0.6405558875465803,76.50222690720202
2.8785543891604437,3.6389791727923493,2,1.147840688999076,0.8127562450743931,184.818584841319,4.086844564451059,2.842258576946822,0.954062818371664,99.53818508782157
6.2293865434751625,3.6124075957729844,9,3.2298598182501967,0.5010146492447228,441.2383712504393,160.43871115609278,7.945403404189374,0.08838329794622726,9.197721912903795
2.24935526167696,2.9447025036841197,3,1.2366343694328688,0.80039885224145,236.6764889540269,41.19974847718473,5.070812110928555,0.5877325204591093,88.99323129506975
4.83184041060225,5.119567904898417,6,2.612787388936497,0.570415365162545,424.5452357460544,128.20383210642453,4.276611629841554,0.45586284233763574,51.57955034662573
3.334570057731718,4.103484535897842,3,1.0672285117978069,0.8530252345056655,226.38726630426092,3.2384315116387548,4.521078810503775,0.9659035314233646,95.9896945079609
2.4091651337119773,3.5126011781614404,2,0.6019428202656214,0.7056003823615531,277.32052666316906,37.50775801791119,6.395679466378393,0.608869256943278,75.11669221157244
2.5929839526412186,5.583433653418033,1,1.5421053101770141,0.785948086783207,220.5312119206365,38.97842309713379,7.15755260047195,0.663755382781981,81.81385332767145
4.2014072499232915,3.557287874353957,3,1.8121098113871308,0.7388721771597204,239.5663354485195,38.972904570548216,5.94018142731853,0.5133759496424513,78.17051508749753
2.640671709711785,4.548555844962814,3,1.0605917125553908,0.8149382741692712,206.68477308782929,24.19882715361554,2.4527791812206363,0.7677484613884173,98.22073779422597
3.5082557133770282,4.5268992319861265,4,0.7594825241832763,0.8422566700761714,269.5841852528721,8.555728440479669,5.074814579184922,0.9252400848746645,99.97137846207342
3.298234596851829,4.638003096770638,4,1.1511900135360982,0.8913593128517263,259.87882938752887,2.2616861685112326,7.716231137211346,0.9802250032907591,99.88421283062928
1.0041040423493566,6.956694827477275,8,2.7369301231571526,0.5469099455372346,490.4297050904425,94.76417519529289,2.0516180236333756,0.37655086857529135,13.310082021812491
1.1841821642298043,5.513911729911351,9,3.165604888947306,0.45059314556157276,487.3455105782199,160.99681286562227,2.1863260655552916,0.17826906339767887,0.0
3.7085019334287788,4.602698042179048,2,0.7699591570169754,0.8130316332236748,194.58280922612525,2.3116189603058537,5.835407641706859,0.9711620854888638,100.0
4.00463398407405,5.6400397558606485,2,1.6597743985760698,0.7145682159610511,182.4915905905599,24.003206545337402,4.945188980889176,0.7513665948701295,80.0579972835442
1.3784193909971287,2.3079132044644104,9,3.830566772046104,0.5277750374878711,599.1187093082092,174.2298660319692,2.505469884736872,0.17644952320665694,4.1848372764054345
4.177451629337451,4.451086274152942,4,1.6266901565685121,0.7368834685263035,336.7484656355886,37.18146031844925,6.0153375188940625,0.6591266657057882,72.30311910764831
2.8840008662977157,2.764251759105281,6,0.4611161664642204,0.7730975788646236,191.81343997595533,30.88743966446992,4.9649438439238365,0.6469710043781809,80.37397405505322
4.5162510196458205,6.492435074751071,5,1.5924314020453292,0.5052540539025453,389.5808535832722,91.23978372321545,7.748658521653938,0.5685586245507088,55.94133889989641
5.551968913007656,1.8169728667077854,8,2.5337552943147994,0.37257116998735634,518.100087344195,188.80501475774557,5.497626990853136,0.1919985777105787,0.0
6.33755136849106,5.810370897012325,8,2.7772335169867666,0.35880068413339133,579.5926568955671,151.68619251741595,2.791217726277943,0.2092957428376604,0.0
5.83951031566725,4.671193632608581,8,3.7636137742875286,0.5296871301795013,489.8855001903913,195.20942831215118,3.720031635065876,0.0760991369723672,10.07369221114425
3.1025740667676676,2.511722241069458,1,1.2947190185306028,0.7179850052963082,242.85456962271974,28.099848917319665,3.232014772211312,0.7167029084437431,98.56250144194364
3.697775889235236,5.817856889080512,3,1.7230428329979874,0.6971729988891902,195.13853244017182,23.16593371672909,3.6604002305605174,0.7400782411120093,87.44272949758927
2.7707360239792873,4.838696293068817,4,0.6133776555345952,0.8651875152974493,205.69112624603318,27.718911877047276,4.457508401976533,0.7689849861830237,100.0
1.549296253610112,4.623027416587092,5,1.6309577629958958,0.6842501641801713,363.3739919735494,112.25253415502021,3.218203547123698,0.42945110486170435,48.83991678624614
3.1326739414494007,4.170616059285618,4,0.9548738324613683,0.816406280077507,269.4345069367994,24.24537570850736,7.536131009718861,0.8373904557212416,100.0
4.531472634758132,2.7417717094005227,4,0.7393673176845831,0.8348213471572126,313.490141565941,37.875615224629634,7.998913059811489,0.6309077261639708,87.54043841631731
2.504589993193371,4.609655806245254,4,0.8713317944440966,0.6741729908517602,154.18660510598292,28.396971790215957,2.3704227520330594,0.5618036451854755,90.75300577134269
2.8504371668902366,3.318751138667861,4,1.197518244602501,0.8395170732874038,302.02388842830226,42.23545314780073,7.394983127443198,0.6262983898372271,90.80411610452609
3.6920507694074023,2.9397380789153282,1,0.44708614481945874,0.8302523294699975,152.56367182431023,21.965701279852787,7.779900067508996,0.6369825496454282,91.07129743131372
3.4722510932079436,4.119418154336158,4,1.3175581108814487,0.8532290416190872,261.87748821058955,20.00531560368685,7.901577572171719,0.8262024970699663,96.15088053622232
2.091625460568181,5.001844562380306,6,1.8788404076373668,0.8341142749031296,272.2628436991151,44.731641962700564,2.2670941078438727,0.6897544747435433,73.74776024738563
4.789603153570574,3.099288995127013,6,1.858732506637872,0.8404551847970883,290.36356596203865,48.139517471015196,7.781200623885954,0.5983538400475854,79.45898636503513
2.102718813828071,3.7979835108818616,2,0.33906532382427707,0.7656562278926115,298.89711262020484,37.846485796214616,6.9425715675411315,0.7124150614842552,80.50727634116114
4.426897399298199,4.917709438131862,2,0.3365715355405754,0.7324500845360365,328.2811416168101,60.88743303102621,5.4343985841340485,0.5764333752597255,75.5886452732785
2.3131592537669676,3.1262350668492056,2,1.1333124854952525,0.6669967837394103,187.88120111182502,26.353194216164834,2.3666550354482343,0.7174372620170559,88.49193557919124
6.118833279809687,6.4036399310941565,8,3.6771809620712848,0.4012927604524111,477.90982444900646,178.31653064929716,3.5713263210660937,0.09339984974430232,0.0
5.134634926870677,4.421505194549689,8,1.820945784560835,0.5238138040632269,443.9875789105393,113.85147066195267,7.193154825060189,0.539724573071255,40.03305878679706
5.570880063857822,4.210514439481474,9,2.530467343326083,0.3834774908520004,550.4722922463296,181.64624685033877,5.817438552165594,0.16962626101210582,4.982132715199537
3.554745882838009,3.9927310707812267,4,1.129976329555046,0.8469770202006439,228.16117492608345,18.084770420241888,6.687428833411237,0.8530033635556369,96.9624721291377
1.324109253583116,2.0325341103851384,10,3.6700462033115815,0.42484540804531873,532.8905227140123,263.99889780453475,3.884564457352652,0.01698709387561701,0.0
3.8781400715567935,3.920478074324126,5,1.5587611578888527,0.8109842069505356,249.06335396914622,37.894171653115606,4.8293454014716914,0.7285700564907227,91.82227939385916
3.719082376471494,3.8611970357356946,5,0.7031267008510487,0.6520399143490417,205.51308874663448,35.567408587620946,4.606363519136307,0.6850099017549987,81.24745921842396
1.219692198248828,3.444247270654352,9,3.077710011834,0.5085599234927048,454.5516178225054,225.00311360523597,6.6039764252394,0.09860066309979683,4.68283703114745
3.960637635193678,4.332188207647853,6,0.664088471596749,0.7781460509747454,175.74926668930152,15.582536368830919,3.9282886286615653,0.7258304651026142,85.98547702137978
3.82761548590243,3.1825397438265117,6,0.6548460749138717,0.7366776686557311,343.80473864275547,53.8293060735888,5.244359865650162,0.5962872981980895,83.09650379915956
3.4417885133727193,3.195102240929709,3,0.5250693899626522,0.8949793018884604,207.03203234511034,11.980964967895668,7.690542557974344,0.8959230406173089,99.14236309092635
2.8363610077282195,3.15573151489263,4,1.480842244544435,0.8724879931197266,198.0836973921779,19.79104293519937,4.37316446247076,0.7929774570774225,99.01825867257322
5.648379885802841,4.807280522024655,9,3.9854451268269915,0.46987447942828864,551.8836719757732,236.91164098818388,5.175074017085505,0.20736190317379713,0.0
2.884607217736494,4.772734949713772,2,0.5105471465571314,0.8110264426324646,187.22691603068967,10.715131993722347,6.105220468009516,0.8190425053296289,100.0
3.9130315208610327,5.6276204478771366,6,0.9378706680103583,0.7936852369391486,186.41905517692572,32.39541212785299,5.467598452813478,0.6072947265120553,86.35811608425101
2.530226926205824,5.491315640690078,1,1.4237170604529323,0.7813549849325803,273.2131891991416,40.54663676538277,6.18995112275687,0.6593858692651682,86.10765705965768
1.2135267469767241,3.542445644215042,10,2.7879105428849953,0.5458655247796417,535.9218080961024,117.42070721579573,4.780752382051663,0.27446058066616824,8.459821257409532
1.5106345920662245,6.389422439448152,6,2.317088329941764,0.5901876558893445,410.1212039347539,81.95398651896457,3.056031159326338,0.5177523999924453,43.18768787835492
3.273464732808263,4.830501724557584,6,0.5327332526706394,0.7968637878524196,307.4504367096351,35.902945122776615,4.797078368475913,0.7232258057177795,91.36002637959173
2.9203526069653516,5.833098137408401,4,0.7805501135889189,0.7514360125567779,251.31585919080263,32.11282365238219,4.620775677724023,0.7215100867362182,97.17053664073869
2.2536506247559402,5.045871166490812,5,0.41833657216104436,0.8468513650286902,195.68814195105602,31.100420624915945,2.5176344732362006,0.5838017943295447,81.74073945756761
2.7579130575593935,4.35254041848383,3,0.5098708949248445,0.81158549984325,184.24072981771673,22.639793248616392,6.235896916763386,0.7745761229316059,100.0
2.776151991812034,3.4750745096744016,4,1.0826366156086524,0.8684494180997638,192.62203787870695,15.792560842087557,3.4415375519895557,0.7716479201144893,99.32804233793239
0.8086279188357366,2.8245190793439092,8,2.610363110084491,0.37357463320231254,492.63498356221436,221.24354272338604,3.9717886020408515,0.1458646888565351,6.726242246137079
1.2308821770490452,6.5963221441937225,9,3.1244344672075686,0.49286988520140523,419.1263647942337,151.2357283659456,7.759421977057366,0.2024444689351042,0.0
5.216461731940107,5.8670096356870935,5,1.9637121850353243,0.5039544481760609,333.0882329906924,67.35768834655093,7.60599801854207,0.5364639005587225,53.775629874830976
0.8988123138885348,1.5565741634997043,8,2.8978034740074006,0.5163447043356947,474.73770954139064,180.68337965239112,2.6397518630965875,0.3479176173707277,12.63782693566002
2.6251240161010543,4.5491462908872276,4,1.2377587805470194,0.8418572234582642,212.1632719536819,19.428295354265956,7.520166693229616,0.8467666077457328,97.31650634781411
1.4810867210741356,6.7116023919699375,10,3.509495605916459,0.5444055745899908,585.0129937486953,142.60519460596123,4.126148634010315,0.19643024858009195,2.314510611022663
3.22647757208217,3.650950803175282,2,1.417562339313339,0.8543992969821426,189.71913189666765,2.567174999857046,6.944781391115376,0.9668370791871301,96.05096800155273
6.116360624905406,6.081184267357861,10,2.6656499666622246,0.43274595318242276,498.89248004938736,280.4134282883793,5.082363115203892,0.012686488727257174,1.1630876388116163
2.454575110860389,5.174487306385863,2,0.5485477468921808,0.7356875965728952,184.0944932114256,45.28493547056932,2.990411461038134,0.5522902788113868,82.88189782448872
4.826072729053564,5.543881649117053,5,1.6295893232074388,0.6907506773810491,436.4194094326084,82.29796926011853,6.6912728422935395,0.3950126180274936,58.15807469265986
2.8039892369981,5.516899510764896,2,1.8481895203454148,0.7052670015143849,188.2826859972517,21.45654909150296,6.023192074621048,0.765231410283932,85.39195266131597
3.1458191076514996,5.195740276579258,5,1.7644025353821617,0.6627762942833844,345.79530812955915,74.01363590290902,7.7045124343012334,0.5705848506678671,77.8542695518151
1.1790306944639988,4.874608594352114,9,2.6405396828264647,0.45104893000917684,588.0301278258063,171.9432125556878,5.173875072162612,0.056153532146551256,4.31492402819209
2.8511332942330965,4.696589817478098,5,1.935537514298,0.6752798789179932,197.86041174503174,31.37560847781748,5.5194112532687,0.7167630779541495,80.21396173539985
4.969181076612713,4.881393472062736,3,0.8942532713028005,0.7931930291612385,348.29101363756183,60.54544147899615,5.416571820566758,0.6162293439210069,78.19500171254991
1.2589732864971548,5.398030308360236,10,2.625209373459674,0.45856685849092865,400.5308095481647,111.1557958757682,5.291776170055844,0.28153450254563955,1.757523527000846
3.2338004115072514,4.70666693689511,4,0.966718934581256,0.8104689561009116,268.3249315114937,30.031447996531547,4.761987541638245,0.7601476566191606,100.0
4.696726933316376,3.2285999299678547,3,0.47312762812830655,0.8327007288274555,178.9869236894486,32.028679941327,5.903761969347314,0.6811893877850623,80.67146083460499
4.97325738180996,2.7575330767259443,5,0.5074100708527599,0.817537717614854,203.85593675784642,19.27640402665761,2.0649600235940513,0.7493519988979043,85.2715982821311
2.389549332891269,2.5481410093220394,6,0.685067958531483,0.7633368036071303,251.5717606701005,28.617822452501958,5.961104677234699,0.7675542932010505,81.11371777656248
3.2407959631447714,4.136288958980118,4,0.6640413906315689,0.8126145102460836,183.04279722195093,0.9935836082733154,5.43815434379129,0.9884569322008927,97.39212930414546
5.715062710154928,5.674611427182274,10,3.5406812117477373,0.41786327721209515,406.1164344371972,148.5449434066547,4.354965122359751,0.27982157590313406,0.0
5.683386139059194,2.5673167052437518,9,3.5056526585661185,0.36913880965526635,505.37772969760806,202.50386811998152,2.28357424306328,0.10562013931402761,2.161733028687005
5.87161603717473,6.708618009899273,10,2.6612560253589796,0.40872554806125105,565.5496074202673,208.8850663914516,6.304051034408739,0.23578732456470816,0.0
5.296236383557833,3.3331631393917127,8,2.2287994598899727,0.5761818172036258,374.61268903099653,69.20615705268665,4.504721029997717,0.43926478674224806,35.728244288938484
2.8316777200239196,3.547224726191481,4,0.8215939766600774,0.8135644027778538,163.87081610801332,21.067714744282334,7.184637678218469,0.6524382592091819,91.49509878272096
2.19264943374738,5.946110938737256,8,1.7184973898719813,0.5702737287918402,386.46430844770225,56.527921334612145,3.2213194129972664,0.5490466406131418,55.91801593220708
2.7114066521052704,3.1179687195917483,1,0.752015810124265,0.802581620744039,233.55977850792036,29.528574828913246,4.7837218850909835,0.6989830384394878,91.70512951688687
6.072005156531126,1.7061317973727417,8,2.7882725074959667,0.5493883960865292,493.36248065767467,154.07500305293362,6.8974716529017,0.0763286844160378,7.433194210279898
2.479155683036285,5.276400046937884,4,1.7479592308170875,0.8282719809028317,217.63602913845727,18.68778318820839,4.176399055991683,0.7417819833536841,81.50148224486547
1.4186568274892557,2.6149640532127085,9,3.3364875835016203,0.511016695034981,523.2886653817978,134.7355850148861,4.658454428940136,0.3506990025152783,5.120018744636009
4.844729779152948,5.649150944696739,5,2.823011445025997,0.5284793063138498,369.7501567422555,81.7827905141244,5.458159157028172,0.46281843137592216,49.54610525732505
3.20558856505371,3.138062001183836,2,1.277419889240176,0.8515705174621296,253.36466900028807,7.881421923769336,5.08551414543064,0.9401848305424927,100.0
3.236146727153049,4.749690596822133,3,0.7508349233139446,0.8836207662702121,180.86729583071696,13.183552085139588,3.132010695157539,0.7808876089037416,100.0
1.6679982117391856,4.391748015456594,8,2.646338172090515,0.6162817478746083,349.76751576126634,80.00740914930111,2.7364364910986367,0.508243909849228,41.581442005309775
6.212549135389051,6.527006144384674,10,2.6895707607007595,0.5304497245713801,589.4381246391845,199.33372399169332,7.937508534899665,0.38504440056966316,4.329314096730272
3.428997230930387,3.080141547946049,3,1.1306908763365389,0.8633241009660576,185.65151278104335,18.07404815604189,6.194129008358911,0.7694988466152809,100.0
1.9729554446540485,2.403066148803445,6,2.7287867204964393,0.6743908976720095,334.6097854715792,116.95581074375588,7.329963767230704,0.35245234314052926,48.603599565972466
4.927158971141881,3.1339414927336895,6,1.809376695919356,0.6738259060477765,417.2104686334328,100.12468245946526,4.001328074375174,0.5609630082801867,67.37311308951864
2.2537542587806723,2.3823455568981178,8,2.473618871167454,0.5041367262840158,383.23150338262974,89.06034288215885,3.5090397858925715,0.4661806705816178,35.639683618673075
4.997386610539595,4.107108419784705,3,0.43011215754155857,0.8223807581448349,210.46510559613333,48.15684135556035,5.960741986457149,0.5908090116557425,85.08943484246015
3.6516696031059457,5.486850747491468,2,0.7829357849005697,0.7558686584350658,192.4486448054924,39.58820032263141,6.118993815781615,0.6249500331180217,88.9992036886511
5.0245522637680216,4.590097464516646,5,1.5573872187888331,0.5410228697504944,349.2271991510977,89.73043286890757,5.8398222616425315,0.3776206070417449,45.30377044268625
3.8431541157943796,5.757275255944786,2,1.8704865443658345,0.7154837985231628,285.84782354327325,39.678554442044,4.842666545848292,0.7075968982653971,87.05828276834103
1.5959045959408666,5.944688002025483,5,1.9184171839383657,0.6803606005557488,344.9269313688131,112.74226412466724,6.651561600126455,0.4278698216380525,59.36578327758198
2.2124323185681214,4.11365386476141,6,1.9586916620139578,0.6523222223895461,303.03804450145356,57.46612747794988,2.5239265877210864,0.5931255866377994,66.91419263923076
4.0823609192612,5.724373926378112,1,1.2518325155294152,0.6683863157281471,299.6013413898166,65.53526062858082,5.332016717226512,0.6083302968326335,79.61110487374957
1.990718772125255,5.809134122985797,8,2.1192410339686694,0.5012675929219572,402.5343204090941,131.69146676098072,3.3806847535758107,0.35275383360776424,34.49205637245811
3.536106749801882,4.645216807943142,3,0.6372902654371005,0.6544244303748757,242.99749078776463,23.51079489194435,5.443543747422424,0.7459483600350028,95.01384828239387
1.8333846155535807,3.851848019622053,5,2.347582029048317,0.602862647358662,338.3601419612007,97.32833280009301,4.298469800413509,0.48880469910864605,41.42074528721973
2.076708689841949,5.497541325264999,5,1.8532074219405084,0.5137111486252641,335.9839089640611,62.727762483553256,7.716969206884137,0.4612248807843155,56.93410508250398
5.66599080377894,6.132815994905132,9,3.6503088816773923,0.4743380417276695,576.9040013771126,278.4441789517506,5.1936161241126735,0.1591206036764128,0.16035801997630772
2.057588661919385,4.42087831200144,5,0.8327726286483805,0.8098883222381481,216.43394231060321,48.54735527165986,6.926122183148294,0.588607125410901,77.6691542414483
3.6769806855719143,4.56308579657764,2,1.1462688765779065,0.8243274244635093,185.89627226454175,25.05525016980491,5.656894002693448,0.7525570289912448,100.0
1.9356842760075208,3.9534733415545937,5,2.419222522960468,0.6513203291698462,348.83207622786944,101.49951539538411,3.963059367209127,0.328972401685147,45.33488581572111
3.1785439336088146,2.7456444288653055,5,0.513992472627752,0.7617091865880624,258.12419894368657,47.296323332682825,2.712785226764387,0.5827064173128069,86.23441045241904
3.2080873263387817,5.89655249190887,1,0.9934886539744934,0.785030004309345,304.43260139723054,57.526923764154496,2.480860823486036,0.6129244980555963,93.24456067022592
2.806021401880253,4.484090672173658,5,0.593948347083833,0.7105252639634199,159.2905047287385,34.08481232308259,3.3882938328568297,0.6418932189187705,89.98607986693294
3.230170091785756,5.340221687790786,1,1.9772346647221792,0.8400828869335111,161.71209719719386,19.83259054940538,2.2297041216784974,0.683591384675682,93.135595446721
4.72346448755319,3.393796327869211,8,1.682698099651238,0.5285261214849731,318.396730160069,85.07189420256874,6.62906707740218,0.3501582254454591,57.960513326133736
2.0982720669055244,4.082458355982051,7,2.981585381032313,0.5963426709704962,301.7132784637763,42.1354647404631,7.003491344714014,0.5825507131840348,53.02868674285346
2.8391237734062797,4.852793730191252,1,0.9478133295994273,0.7687920002453984,340.639517597286,47.20347324607899,5.4731626148810655,0.7096380293986095,95.46981602042229
2.1859352226290136,5.503835915720926,6,0.6784217801863126,0.6777885555386125,201.84399697731087,30.423951298752822,2.541588315749644,0.6549242422960203,78.38054455449905
1.4982651811495962,4.9092083983416845,10,2.7389418643116943,0.36417515095288183,579.0087295836921,216.21875842115662,3.768596764793684,0.17624495059793432,0.7413876966040844
1.3308435727425918,4.429362653930987,9,3.8890529954970905,0.4516993863179676,559.3304512853799,257.96766600171844,5.157555600706741,0.14581233648848999,0.0
1.7773964352503886,3.33999433930593,8,1.5095504424433281,0.5459316062047425,397.76544095382883,144.40687292236237,5.689623020494942,0.36288460958961155,44.30853233293416
5.269533949858508,5.999106147383741,8,2.902597585878251,0.5780363344091058,375.70474377248405,53.57970330769906,6.999157679283998,0.5987716799555678,42.3066118959098
2.8457880334238617,3.9399423723375944,5,1.2059418189745443,0.803236681720539,326.9359644491051,47.23105455302468,5.17849232381845,0.7123768263837424,99.80902624907972
3.5775664061343453,4.080432180925859,5,0.7787101260685367,0.6925306154606683,199.91589494939637,35.66374124469196,7.004816438108196,0.6738706586689778,87.45732062615402
3.22442642614735,3.1840114854597763,2,0.83258068285335,0.8391665321516958,230.13102554124367,16.7701460604439,4.290515815545084,0.7772372786766394,100.0
2.0795514155513715,4.998932228374123,4,1.0935532146362035,0.6953048741987914,303.78188745151965,31.71649706119674,7.9699088839662915,0.7312825877916787,87.02500242657354
3.4422525877928463,4.190804590264248,3,0.6047834171307725,0.8162517982797124,198.89954974558862,4.7064337263706,2.8928308244852436,0.9417542986402874,100.0
1.5647316699851093,5.765910882059753,5,1.6531034086287746,0.5633933316364799,364.50086824776906,59.324453829981444,5.186735225116305,0.4761012810752078,42.635388366842506
3.4195269586083175,3.107133273797261,4,1.3842687096329958,0.8740953372354207,202.33053297188735,4.8127420867872965,6.090366933993517,0.9597053278332704,95.72023918701029
2.33237150947759,3.6146915577611014,6,1.6398470339809836,0.6968697665974918,404.05188353115363,138.31259714489173,6.521134934959656,0.4010385828145935,60.61028062019655
2.6343728411641916,4.927057214754444,2,0.5788575921908868,0.8310723701655436,205.18557491258463,10.200263883701439,5.765456137004167,0.9104776492314729,100.0
2.540033569684791,4.1932273988719935,4,1.2628054984517976,0.8648190917866071,222.85086792398212,8.136383563969511,5.8977492313954585,0.9039373767554765,98.86523369563984
2.6173184307292696,4.454303609489533,3,0.7417896642830606,0.814580105838965,210.9544016797424,1.823773310321719,2.8889944017830174,0.9805804367043319,96.64209551533791
5.570860499575281,1.7200765472329984,10,2.5752954500831327,0.4658724461346052,419.55168679667213,114.52532866477145,7.137714612037495,0.3219292393211921,0.0
2.093463898938033,5.75222975498265,7,2.627296338583289,0.6850678135608703,344.46118036930005,118.48915273555762,7.534523039744739,0.3491589049085212,59.244385742660974
4.748772913307472,5.627315360302666,1,1.814657752038007,0.7890263705014392,267.83684344536124,27.557004683346378,3.2800589489777274,0.7120513095458416,79.1742270059249
2.656934942438001,4.5871032215453384,3,1.8962268030876046,0.8488860458079951,269.95087015426526,18.865082107059287,5.0510193933732115,0.7940091131754861,100.0
4.239663998149549,5.5380576227147,2,0.37016089912729416,0.8180180836651925,163.71624605579137,33.33479215927541,4.002481009741366,0.5174809620048553,89.5428089351456
1.5129287654410168,5.550550596964659,6,2.353881871438511,0.6050444461492402,432.2324356801587,136.86965698124638,6.554334538840494,0.3419021103110024,36.444030995430914
2.174976023445536,3.976145735532107,1,1.889798825933314,0.7178260247909556,174.36264114081698,28.397376806982024,6.4627245168999945,0.7095781409384634,79.78550871802707
4.934226025948205,5.882180312878822,8,2.464529249804314,0.5925123042015782,413.6614810609902,138.0733837186984,7.385796784963193,0.34972885218882516,46.461307591128474
3.705936255206738,3.890244648160113,5,0.6693238062279138,0.661050430864869,278.0559924706048,33.72508982083262,2.826975078823855,0.6686529513232042,87.21277743577899
4.09230983436325,4.067932969292307,2,1.5645184053041907,0.7799858673956527,220.78094537935868,31.214410644580134,5.196154439040752,0.7158635588291458,84.70647931769855
3.348436768493397,4.395002121031841,5,1.7777042929251239,0.7769878674066909,215.0340706062077,31.730752662606896,2.149022897789431,0.5627823869134322,79.96805653430603
3.9083403779304935,5.345959991823096,2,1.226204453812449,0.7926333421254012,219.82027585123134,36.22027391962636,5.712545003658025,0.616503583212175,85.18288672071847
2.2528905136951893,4.96995786812679,3,0.8794054519838437,0.705969441446981,155.932205102117,35.29008655510909,7.337211064019152,0.608578716053286,83.31483672922096
1.5594881449347553,4.846527268154038,5,1.7049014381977399,0.5744136179112054,391.5199601714262,150.83967912181132,5.689238253287723,0.3438849039277301,46.91573261792021
3.5179207834201036,3.8756423544619927,2,1.363784855350786,0.8458997567403367,209.65805374292435,30.41422514244784,4.700700044139599,0.7306807680983239,100.0
2.6150022188313438,4.701606892527923,2,1.2020675561664906,0.7139028148849363,195.33531399157312,17.990999058015955,3.8292401627225114,0.7510103039830044,98.13708606649509
3.0533776255625806,3.8564223256083854,1,1.696893852617706,0.7372722601316992,218.71289083858835,19.70186127237052,3.6819991771663214,0.7057172472888943,87.0766405318155
3.1610317921795583,3.3845420036349134,3,0.8522551131293631,0.8348036911237411,226.11257370077632,27.18630067661971,5.972615606932653,0.7605015690531289,95.40640996300121
1.6963292587466048,4.369838055898473,7,1.944888319311948,0.6241119397713204,400.41066679830465,72.33082231486564,6.282370507281751,0.5552511326111832,43.416343667996365
1.6174575606100738,5.422087617073721,6,2.6109659040969757,0.5925220834499448,395.24522286209583,86.68733195801408,7.324381931185192,0.4963425908198943,35.91850784900423
4.291034034804456,5.168937533823608,3,1.9644625622357728,0.8228799567846027,345.8833342146593,70.93535244353087,6.556604773732216,0.5944379465859907,82.9784273334364
1.4531206088378077,3.5066786329354054,8,3.4150393384752693,0.47399522748309686,418.3804648865505,235.16204634819124,7.8585007954304515,0.0282184298994165,0.0
1.804429853476181,6.383645762967635,6,2.516932530776293,0.6610015950201777,369.16850362572626,102.10940601608716,3.5953342948795353,0.3375279614921933,43.680407626400424
3.0604465538939216,3.3031883870171805,3,0.9510909548655886,0.8520810491767434,250.07347665379777,4.081007219725847,6.956055694579762,0.9504281453379874,100.0
1.256495991263914,6.6491991247586535,9,2.986950686762808,0.3519938402421286,410.0534281870925,114.67066467142465,5.084391373598919,0.36529791201547557,0.0
3.949405742807947,5.909178645932039,3,1.5054446949285574,0.785137258074822,220.59129389778371,29.786570462064393,2.1948516793541026,0.6033437474264619,89.48937291933419
6.46737051068906,4.064664007984153,9,2.532969748832593,0.5002357930593002,570.9108549607225,236.77768497151044,2.7722758758872135,0.17855502540429727,7.315318818302301
3.003034529213311,4.660788258284001,2,1.0525295512143489,0.8412790793800169,186.49049378424934,18.874696550566608,2.8974121895087803,0.8248801125823747,99.46161670011509
2.6147469702562405,4.09190092985156,2,1.289229739375819,0.8834592498556578,190.21004958863617,13.505783655242677,3.100994771775121,0.8448448672271767,96.54055103034239
3.190432642529484,4.585503188558713,6,1.3221295725096698,0.8266147502573734,334.7113356424251,29.094866095904937,7.153690784219256,0.765986952929422,98.42983250704796
0.8260781184504116,1.746265302901202,10,2.9878365632486195,0.48304342702094794,524.8789493371831,181.89992314242429,6.66050036943505,0.060151412432213384,0.0
2.6602016621509668,4.731975122595978,5,1.338159735755923,0.6803871710851938,186.01875839330057,19.859832820624458,7.494205766165364,0.7520151739736664,85.57150821343849
3.7880116563143016,3.279381958632532,6,1.3103106032083547,0.6686074100670868,343.612238156095,37.226567200703215,7.341724857742269,0.6972338574481437,85.60505033077429
2.730926890373632,3.0088075576202202,4,1.2506493283639695,0.8556844050658926,272.93616340441605,17.425477487515362,3.508420406024925,0.8673817326962401,97.64243645050378
2.6108761434126775,4.934153128773187,4,1.7434187458708992,0.7404400186943763,237.6810222872187,35.90496109564294,6.893362138502136,0.507993621794975,83.6806054371716
1.3352170043267824,6.098335398625476,9,3.1929466164022213,0.352566049739495,422.04411869423103,105.30102336062676,3.993662418957536,0.3969882229451508,4.679203999859784
3.0789972160062526,4.570621278645771,2,1.1165302772194141,0.8528982119384313,266.47350405839927,9.614764436393973,2.9243531851349687,0.9350306648062185,97.20447463729268
3.9670869815122813,4.910137648855743,2,0.7803515792583234,0.6784780645720959,222.45811450881632,31.52036986898925,4.710511929857819,0.6317930366266302,87.24857903797466
6.030866044057422,1.8621882210944651,8,2.962949442931089,0.36954627972139353,503.17169114472654,122.55313066568932,6.905999553231045,0.18845390366622838,3.33282138288998
3.184355854317042,3.0364420900382423,1,0.9698064595142866,0.7733278578073632,292.4987752306478,53.87840034292514,7.421772962012075,0.5875272882733981,92.28471001362885
3.1890936788319837,4.481645248208131,3,0.8069854300072227,0.8704963078775316,261.4620081635195,4.641695261255206,4.262181762696118,0.964823490343407,100.0
5.652671849220737,5.3439118815660684,10,3.132963511353755,0.41882626101300674,555.3957632749477,219.3361781617814,5.5065199328147365,0.08166904445705021,0.8400329091576697
2.7759917667588625,4.987408330704783,3,0.768967947752406,0.81912138968795,255.97986454270946,34.27643083153303,4.443306470001973,0.7014831518881655,96.53536413660977
3.2157495305175923,5.909274121634931,2,0.42834342769079375,0.842876993740935,327.1436229436799,37.93617119473614,6.323669311532384,0.7965812563156873,98.9161137515339
2.234483303833626,5.791990466458111,5,1.9995884355271307,0.7740927194185891,257.79813829131535,44.42539804872892,2.3701576140338254,0.5538084842932157,71.68216511892281
4.250912550151521,3.930424739483494,4,0.558868616958173,0.7695682041905336,339.13086888317207,47.171258083544465,3.5285954012854894,0.7380507684909996,86.79042442574767
0.9592393235584248,5.128862619718465,8,3.8522361080937793,0.44017638029102374,485.7073754259137,273.33241179144454,7.463919298686957,0.05074258586263816,0.0
3.6727473927034784,5.92509091028727,4,0.9923785093558739,0.7652060997713416,291.6670173541784,53.11880126689595,7.584607884058659,0.6544146478854793,92.44759552043338
3.750156073267347,4.733985631944313,4,1.239717269880428,0.8835573347286496,224.3362806775148,4.502734638287964,5.183796723222678,0.965489518177564,98.23335222556688
1.831309756447492,3.99114761619557,6,2.279959372626167,0.5367986030394118,305.08918685927983,73.65034539380795,4.791456546626328,0.3056870835419536,44.36719366358795
4.9457636211088545,5.728690354070763,3,0.6931990688898223,0.840194404589023,251.2758887225017,60.90477059796838,3.8330757303156107,0.5015142319772197,83.27154605610572
4.433964674242303,5.995494775548486,5,0.994082202806966,0.8400595761447758,172.17687667107825,45.715610138719136,6.0230679589673795,0.5298955396428128,81.35511928921179
6.360830074842845,6.059921893547037,9,3.255077313821892,0.48209174685947476,407.73886224068445,135.09989512309582,3.9259850029221424,0.15308159382891026,0.0
3.540219018508805,4.8675439829666285,2,0.7418512802619983,0.8392020858902818,278.6361681975654,4.317666823591064,2.516788989483646,0.9540830810028742,100.0
1.667304135665475,4.149954526592079,5,2.166836389989217,0.6289819904019993,306.35619612640613,124.07319486170445,4.69417098678482,0.3114098058433928,49.10580095001158
5.967107470863696,2.033974823537782,8,3.961238824390958,0.4117238971922569,477.03071382575683,190.12435574294227,7.455488985468888,0.32707849886158324,1.5670217040397638
4.434140933424337,5.8177142768138355,6,1.369847711380452,0.7561786706657216,159.23282013224608,43.01669411459933,6.363113506117724,0.5092770622214776,72.04705278770187
4.8205592624536076,3.9320056468621374,7,2.8884937158143007,0.640417025211896,393.08525740608206,132.17208407715637,6.061731485444861,0.34909989297646826,43.76354589085178
1.2138534101348744,4.8492630566296135,9,3.4557518164487893,0.38807213334810214,564.4076560459924,179.7084132826787,6.2350212279015915,0.2741525954248436,1.698175732602305
1.344392583069174,2.162111896333202,9,3.1012648132153684,0.39023435746535073,527.5077248275333,183.78099494000543,6.758976027646369,0.29536937612034836,0.0
1.6073495494851056,4.514186070344908,7,2.3671405112526136,0.5920758660316456,301.5120364806544,51.89760176085029,3.0458446297293116,0.47506903350791724,38.48876406412924
2.4818781538560715,4.241822290233195,6,2.4265090176244493,0.6244223783126582,362.1878950644254,86.53163860128996,7.790961347247692,0.3736463125773661,54.27662857905916
2.1738603554448623,4.799300485915621,2,1.5087081788952899,0.6974252022506783,184.61354430825904,19.48810746155411,4.221701754159469,0.7939572229943198,75.38268912740008
2.1292159104064807,4.967039494269007,7,1.7907305710195276,0.5973150948441659,375.95031912443966,126.6274673549869,3.7748399509886346,0.4358853805243595,46.106159223066825
2.6886819037597487,3.514483529782244,5,0.5802346222559673,0.7354078727733094,293.74486804493046,37.410272879718434,4.169938855559516,0.714315272514902,92.20607832947925
2.653983775054505,3.5699483511313743,2,0.7233439620258039,0.8353884711633218,189.83489151178813,1.5067984728554302,2.2646818356436267,0.9745214337748259,98.88399666798101
2.302086132935751,4.201589219625655,1,1.9698163095363874,0.7484535554912757,196.15373692360598,23.19953661843753,7.236734639489856,0.6400386261807964,74.3447641255209
3.8118260183085884,3.334089687451467,4,0.7368354329244561,0.7238570378583065,175.67468053095646,16.2329622969778,5.976628193998146,0.7473109272775639,90.98618939411737
5.824530196485889,5.205600767635176,9,3.799248320709674,0.4607173539804324,597.0360941240689,175.33950822749844,4.100598758374579,0.19072593690212916,0.0
3.2985624832297185,5.049561032153376,1,1.673965841799624,0.6931218935214015,309.56514561278414,32.59394336047327,5.787161842672149,0.6837663277875106,88.2760428496699
2.76620050491854,3.4783260088575245,3,1.001971984996965,0.8821443925664645,249.60330861153525,9.079738580488678,7.740810197808313,0.9144669169890597,95.79507053581418
2.5408125619778312,3.9700650768681025,2,1.420572348799054,0.8518963942935652,265.04062024994715,40.19247100496695,5.122723127917809,0.7367727709139773,99.81244652864176
4.986533130525116,3.968266612237173,1,1.9797230488109627,0.7356236236866026,273.86661745579,30.65101031060997,7.961343687527534,0.7675253086220869,81.68417067100556
4.501546603778948,2.462768795461635,5,2.807458154485465,0.6656667084968845,395.99239492384044,82.64810167585372,2.6117742917904847,0.48111936887320517,53.90071694264713
3.5060190196012946,2.8843695122749433,5,0.39596154934598754,0.8278231836871995,173.9876895696586,20.97772527151599,2.6064589268678477,0.7473025660063297,94.82435852743245
3.19761589707168,4.305604522291316,5,1.1636445926763106,0.682916905221275,215.9126840309974,50.628993454702425,2.588816225153751,0.591954129874902,87.1192479480609
2.5769840171433573,4.191647712198245,6,0.7678532648706264,0.8350701578543813,179.92607191088206,33.97568587755434,3.210438192943493,0.625446071264994,86.95395283120985
5.852805901529213,3.0082781608021762,9,3.41483322639123,0.5226666822212755,422.148359617854,171.36240226948726,3.109865175048889,0.2058192375392264,8.532973396123506
6.2757312791649404,6.146230137997375,8,2.7021229613291893,0.4227184128888425,545.6102671225775,287.1602765452451,6.96670959797555,0.012477799736863915,0.0
1.857396483986049,3.2055997110310184,7,2.284135504670181,0.6076567021364693,400.82083001272133,77.55520439990808,4.080476924659317,0.5460072264688938,37.02541990841587
3.7070881367816817,3.4200641952384814,4,1.703093729370344,0.7217240481795533,165.39708524583418,18.023572651640208,5.783609137592912,0.7535100825146294,89.7779362271072
2.021248285316768,3.351390580187825,5,2.344856889021929,0.5069782889979589,319.33948231743204,79.69704337010451,2.6606546712289774,0.554226253722557,61.91415110610996
2.603203631626964,5.68728238922001,2,1.641968495593607,0.737296082370592,313.91853575330134,32.94655548125492,2.2116815237218725,0.6737026045588845,82.66496234711863
3.084753669240047,4.00939368280353,2,1.3692019451647224,0.8363858294840951,275.9918294454813,39.66837718083463,7.844620419165718,0.7374591136185814,100.0
3.404965021193119,2.646957807323134,2,0.31053095196558084,0.832254395798415,274.72960672951086,21.996790918512154,3.2540943149620953,0.7576246255423706,100.0
4.729971153961065,2.6031755181837832,1,0.3102696210212138,0.6949601114006098,196.4850652129662,34.98665372581738,4.562402534450763,0.6812184018331003,76.13762193423564
4.946681229328517,4.404016993039945,6,0.8080320565822351,0.7283983058132529,296.98556784061606,27.28888241037604,6.5120399745669655,0.7220768501165674,82.63134765897699
1.5604284246878015,6.364737800426972,5,1.542872716521261,0.5525618410100894,429.02798393742705,87.25364504177082,5.654159225142553,0.5955722849859778,47.755602276906195
2.549830579417703,4.5154763710618955,6,1.4195382225457953,0.6942713150451059,218.15573007764263,59.57985436115585,6.875098944177681,0.5015350974214382,80.09172701055337
0.8678305977794031,4.631752906951155,9,2.539046385224014,0.4057958146844411,584.9814200208872,158.94626479506957,6.719151008543822,0.14864294498684225,0.0
1.109060981727722,4.536354739074979,10,3.5590590841011007,0.527516296820651,594.1322828655533,214.84824612633605,6.686550027054779,0.3875058260950906,3.3912883768508637
3.4824768691788384,3.552486867288965,2,0.972776202342385,0.866123431188781,189.00596446020458,25.869312166796693,6.744173000830243,0.7563688274389906,98.45886937984736
5.037170306889591,4.208768649129968,8,2.646995316695162,0.5204399068301552,326.5192963673153,75.80729153336576,3.016762937971401,0.5800517642355053,47.74369331447199
2.6355539756851867,3.6664592929159943,2,0.7832693194920408,0.7297165180550325,187.1401752901715,19.221868508016566,3.5929028739205418,0.6713962274703809,87.66321257410925
2.5361888109020123,4.34013101850444,3,0.9781358977626754,0.8901358200925823,202.09905463458165,21.360162315050626,3.767078587597243,0.7808244820910045,97.39592547102077
2.775711362865195,3.3202254590204863,4,1.9911485995335374,0.6940197919347955,214.4833229961935,33.91115395617388,6.753523668408846,0.7339337846900734,90.15481193899538
4.851945424697094,6.3214508606656095,5,2.1009960569086754,0.6477854063194021,315.66297242959644,66.99434106921775,6.074907389932393,0.3034482508153074,47.449052606118435
1.5707752443667784,3.136132312961734,6,1.5328344233244173,0.5868147928614212,302.5769934134629,91.4754022969518,3.7055236098928344,0.4074151349872027,45.205825869284354
2.917057235603915,3.1414101555678986,3,0.6168888498330081,0.8102074259121329,246.33670501404504,23.38311070569776,6.630575058896593,0.7869691810446433,100.0
3.443034491347117,3.8436496389498434,3,0.48824250547204656,0.7150179108425715,269.1391286792234,48.74105497130891,5.900830040176373,0.6304199193070975,93.41911364470354
2.976318080470009,3.833910987475135,2,0.782321915428548,0.8381235959436752,227.20543641604203,11.098801012769323,7.025785204622703,0.8468284584727798,96.1459105595343
3.286449115928429,5.89861280029218,4,0.9242137570615728,0.7299723629683351,150.98823563532991,26.225043644498456,2.724556276346145,0.519572606590011,90.53284693410639
1.8977720328647731,4.918290178277288,5,2.7112816712191825,0.6816102902707439,415.45102538220726,114.32491139774444,4.069032287751252,0.5074211875850984,45.90324128535723
1.9076948110339425,4.46507119598174,7,2.377159617667791,0.5759149583125404,327.1936447697087,52.10237627720098,4.4630178113981795,0.5933088136145034,46.56098828497294
4.085310401008561,3.604430735312184,3,0.7869283376272792,0.7636928887263562,319.2083906213174,42.20709515315304,7.371751046085542,0.7664669477629759,88.13445262228383
4.331109266473344,5.867702362505258,5,1.756988214290292,0.6752713486747478,334.03668611836474,49.09183482584421,6.94981190749997,0.5167646709897027,66.25167956071897
0.9122616590306752,3.128900047808999,9,3.5184383138750546,0.5238602659636831,557.571434103746,145.0418783629874,3.0074795935194505,0.38624526279414517,6.6886413863378955
4.91598691446054,3.835301719579109,8,2.686540002612827,0.6219029500264815,380.6866072959938,114.80883175679996,4.911495327117349,0.46807030822315354,47.000254166610745
3.519805054607978,4.141058094176135,3,1.1951800797467582,0.8154901285058245,187.90630555527028,0.6806656352720313,3.4043469675080127,0.99272239343911,99.9221179581846
2.319370844973479,4.658142814537363,6,2.658865222218091,0.6001412612021397,385.0612789523792,60.18899968553829,5.560165296893409,0.5896479943362692,57.26813510094279
4.752303781959132,3.103642305508554,5,1.4409220535900986,0.702826923181378,185.0707551949022,31.686217133869857,6.106839313206901,0.6245333646357192,73.3136398061107
1.6999075123318468,2.2591426138582342,7,1.8002158103162682,0.5952894523314639,416.10176257313987,127.79146568009527,4.00549962187599,0.41403575755686084,36.81806604973021
3.114896214787842,4.8112528143614695,3,0.6820302365061252,0.8810367858187281,198.29153833072786,20.81416006734341,5.389450683264227,0.7849421576424879,100.0
1.2812432421314546,3.7364068710069627,10,2.843239928545202,0.51553201888382,433.5918643198845,153.00512292932694,6.592781206679885,0.03853082778431136,9.285998650575094
2.739935847904528,3.691415979991996,2,0.689919337992383,0.8883063061887477,244.51412608039567,33.79183778647858,7.348656262032684,0.7309509458350288,96.27107395337865
2.46305730597261,5.338433783662059,5,1.5859687623652328,0.6461787332591065,301.7719622709618,60.63409065942445,6.978210581401811,0.4605896610812523,59.574541861515726
3.3878428982069337,5.101750641872123,6,1.7249985434494621,0.7064363072870945,187.64147917825164,49.5020844388447,2.2279297765753716,0.5089635649625286,82.92331989684207
5.184830875018449,5.25108270092001,6,2.9353506137859577,0.5441807977594573,309.2898052573323,87.66034592535581,2.0444598122112936,0.5220739557868974,45.52010863273737
3.595400651715836,2.972280657063405,5,1.0227935100068175,0.837421019138591,156.67492678161852,31.901656310439744,2.1614336111781736,0.5737090265952381,93.69690985712784
3.213868513808286,4.063422771134328,2,0.39206733414227535,0.7784824054659893,327.33773244355524,63.32097442758484,6.1057063814102355,0.5839497796686414,93.41831459405014
2.287529036981132,3.1768283232195387,2,1.6954992035634056,0.6969220556591895,329.0067940065384,56.233582755336634,7.834454225354085,0.5578886933177928,77.91173132092571
1.0267870971183286,6.582937802601506,10,3.359606277023898,0.39956921669223244,480.2103977058473,232.848817174998,5.631435518170736,0.10593772405687969,2.7362322540033768
4.159479804657185,3.818988335011832,4,1.3800734360020777,0.8251377932092676,229.03917405863015,45.43990150565005,6.564465210298084,0.5548629717678514,87.22467378594331
2.510437725188704,3.0289789435087666,3,1.6892904457177131,0.752521021537056,231.92939293807171,27.99338674504454,7.203943586229704,0.6536522218691103,80.84909833037209
4.006739299648882,5.555972864640761,1,0.6428443917703888,0.7090215677418081,192.2642626776831,39.3620222127154,3.4636154767996548,0.5314823649738397,84.40203414187518
3.5214222227266374,2.9422050362653738,6,0.7724561919072576,0.6608156764767039,204.03868489766964,40.28320764800303,5.476943575608183,0.5540563917580857,83.21490911823732
3.654115170419137,4.162123737275616,2,1.3065904069659915,0.8346594731181628,272.90764601186874,9.680548646013715,2.474567282264858,0.9040190799312675,97.51303737372207
3.1093436163948383,4.7445309735369126,4,1.2202362689553712,0.8802657871699209,231.3786561554031,13.065954318216209,4.15079291338774,0.82204214431006,99.11414602345229
2.369407797883208,3.8741052554500093,8,2.924321329188466,0.6633126158261765,318.80013117173604,99.73610474368881,5.1667171163249,0.3780588523203079,51.821278516021685
1.7165826495072358,2.412792086998719,5,2.4975091815889643,0.527610178342619,420.7767671835708,88.01150513118006,3.8674817536792014,0.49300981473402766,30.814057424383467
0.9564590384709757,2.3102614014001217,9,2.5711688454919646,0.509849897948604,464.9809621987251,102.132940892591,3.0704074491157805,0.31456833092419667,13.131346594719245
2.3536030428990538,2.962340978621062,5,2.6613802911926987,0.6762306342452712,430.2501481796205,73.20960955631436,2.013222062280389,0.5883590210844126,57.86678688753129
6.398309790745306,3.5983113963241746,10,2.9843854532146894,0.5244389604337519,499.4916478421907,135.82084620759056,2.172184799085145,0.12034386396931317,14.829176996609057
0.9711414005507025,6.818057784168448,8,2.6596451124637848,0.4733849197698554,412.26342398141225,158.16190517739787,7.5342207927485045,0.31617075672407524,2.8479179832421964
5.016264411887935,2.8526800185445245,8,1.7721923540521343,0.6421186369415308,362.1072170496208,71.12713738680279,5.640915501422231,0.4047991178164553,41.978952454038165
4.245866771957915,5.909173010675925,3,0.6333072227022465,0.651239222780485,153.0536910265604,32.84171531865173,3.53100601722637,0.5381137781607149,76.24965515585947
3.4405992440292095,3.4371735195560054,3,0.6299331004035627,0.8396417938190137,190.84950972000888,30.66772361071592,2.452969546954326,0.5348251017592738,92.23004459160073
5.167079064221866,5.8774956701603775,7,2.3142851506034314,0.5172240746601708,372.9007432131771,138.02097335690982,6.5894127499270105,0.35581544718049446,31.076539640310358
4.460662937221889,5.760144025420425,2,1.829946709890999,0.765132174313114,270.33811612553853,57.123168251459944,4.1519616136773765,0.5074546444708575,76.56858958301761
5.417289280103663,5.902337614472446,7,1.7058140637435368,0.6504790538952002,308.2278431827298,105.91273608561119,4.138813715612075,0.3602029644077855,45.76704816834534
3.445188249420055,2.596653521114389,6,1.45118134534562,0.782153028710323,320.9732174712564,70.60648708689978,4.036915155237381,0.5475938341691772,83.5846266756589
4.688878676458533,5.1967479481283565,3,0.9623278943755821,0.6720965167356382,194.1013169195889,20.979787768181716,3.3937542742812665,0.780455552151541,82.80766225646532
4.529542347680193,3.1981707227311116,3,0.808429688712873,0.7813518482467564,244.21327421937775,47.47126987154928,3.600000030465023,0.5501973661985297,83.51947849557726
2.30703938053325,3.9525314060422625,6,1.7267446259208852,0.5158143010210912,356.0833760481011,70.07818138825549,7.810132311617597,0.3872793974403358,56.72084747280545
1.7502866605312997,3.137316904108859,8,1.6904295836025742,0.5274212039024999,433.9730278061282,123.40538978972887,3.5902715102687472,0.3819417235844451,40.22135230093855
4.844790502502395,4.008568849073148,2,1.1932251617487268,0.7144874900785891,199.10192021102654,51.877568004173625,2.0557421550267714,0.5337222850122679,77.66458152986645
3.9019234604820787,4.955883296826684,2,1.3608321303926332,0.883627076058951,225.15502093953552,1.8199322155446376,5.0101921788028445,0.9799613100919204,96.70211179235918
3.4777867409797456,5.1263640005859195,1,1.2772360418470357,0.801705173605832,203.25914299866142,32.802598474939465,7.7197265751096085,0.6760150395551899,98.45184938674137
4.97142143929651,5.393946279949643,1,1.8843004526380873,0.7756867447491441,223.15094715590067,31.56065048154701,5.533253884102653,0.6077729495797317,74.16591941300068
2.3726741734857466,3.44956741119975,6,1.7370737482653522,0.6251922227458906,408.20150264537784,93.39823535827922,5.515280723017585,0.4540694600366304,52.38674417530451
1.3544079995926077,4.50418870846485,8,3.484556830712067,0.4464653748897382,451.07802736729604,141.67163683660849,4.528157868402236,0.17592865627125917,0.0
1.2297421528538806,2.8882752496675255,9,2.842820092371678,0.4841874542285463,571.1419660757982,172.07321481183362,2.3675474877777685,0.2740612997186643,0.0
3.3689621133200567,3.0929412038028232,4,0.5428050794205971,0.8536461549136827,273.6356539554581,14.91071664110365,2.395457292996813,0.8710896833252066,98.57579654604834
2.7643628103528,4.051694254057047,6,1.6188210007079993,0.8371047967260636,320.92783060175356,32.86056551774568,7.768266864519501,0.7181919968748499,87.58473430580632
4.383475219787139,5.8087513917464,6,1.86944991909547,0.7275736349098316,230.66260755037757,26.105898558464894,5.2817986704842905,0.6658433976325902,69.19234501787433
3.1439657262850935,3.6976791992111107,2,1.1283359188197046,0.8107669058913923,272.6040376595499,0.5986409740653151,6.24765195777619,0.9935351258712168,97.45249698574656
1.9569207487588387,5.547825485641235,7,2.8407163551736416,0.6761893879692465,415.03720311021084,171.79307884864357,4.841372974202345,0.3075826430529736,42.77565531443119
4.2675796595391295,4.9805703374946955,6,0.33809095654581217,0.6670482418866555,259.6867830455358,35.848309525452706,7.0071488596780975,0.6295775906015717,78.49272243107076
5.0846611500990875,4.554937574076979,7,1.8877230669805785,0.5470677559286875,394.5671721240708,87.76287486276263,4.280020188124791,0.5982621836648339,42.07851677227256
5.836549536902395,2.5119205474304103,8,3.925452394866128,0.45710433135480005,436.08730392648323,219.22280466147097,2.835012117308022,0.007999361953957297,0.0
1.1155491721278394,2.1406316457860024,8,2.8404869597686417,0.5296515328793698,470.9554180435699,110.84274134808442,5.147239340705384,0.30247487957213237,10.79037465723501
2.929977873993882,4.378456993893192,4,0.9362735309926565,0.8728614167383869,241.91482191318576,3.54777096853084,5.963583972323709,0.9598752429650451,96.29017446512883
3.903298347444341,3.9660075967023602,2,1.2903312346131568,0.8711399675821412,244.90113151228852,23.35596963299188,2.9000669791947886,0.8303036249412906,95.95679519274594
3.434769239923446,4.162542930921644,2,1.1260227570999248,0.8399260599310732,250.37381532174132,5.238109846236177,6.992933242111781,0.9344024025430538,95.1837307826622
1.5143046712067345,6.273097750233967,6,2.7582622738069666,0.6006657625239442,311.6462820999847,107.2105834808128,4.339681476056573,0.41022001926686646,42.24372816689535
2.8111104445277117,4.474934618064737,5,1.9933922254404455,0.7574786563113239,278.5757887165471,34.59091041306974,4.5535515066611385,0.6139180159658622,81.88937771487993
3.2003159236294856,3.6133319300711904,4,0.6065035425299967,0.8187351669218205,228.03521167006218,13.38442585720362,6.521476009608701,0.8076198131773017,95.90541428731484
3.957059169816936,5.755223648947771,6,0.42065844829612686,0.6749960113696676,174.17913305980355,38.786779501296294,2.4500412574272676,0.5181995545658744,88.0007170739703
2.004960109224648,2.3676942678331017,7,2.778657759496626,0.5616770173209064,333.93899245755404,91.13382496490952,7.1747797442859,0.43921625463444136,42.921371063849136
3.4151484410127693,5.7062198511098625,1,0.6139335135696457,0.7088072307941534,189.02853553562932,18.311931571083655,5.315046259301305,0.7785493834278797,93.66528801123036
2.3273590112907616,3.6923318419346622,6,1.4124815482756452,0.7845492260199087,200.20511564956777,30.808749859732366,7.689633604536432,0.7137132850540019,75.8217572399059
5.988540178936098,2.5595331556969962,8,2.5304318080623465,0.39183982907449927,550.6216448616688,166.77297507640935,3.231330454875252,0.2442937958774882,0.0
2.7350599261341477,5.504052655051706,1,0.716871303050677,0.7441266446929348,227.99721973382944,25.35503894102078,4.531063736457258,0.7454321643488612,94.93181831100044
4.6695642075243455,4.8506877367255115,3,1.2761251152601374,0.801757667470736,273.8006766584328,61.196781036868664,3.67221330727227,0.6128694889107562,83.88715827888555
2.484632907144281,5.946139676577051,6,1.8958294528382427,0.7874849805953604,247.50895388384825,30.29329303643962,2.201824711677755,0.6093102623825445,70.65269538877646
3.4543280933721943,3.374053698674288,3,1.7188932084745616,0.7534336597413777,328.5728382581897,58.90253557337887,3.2884239694157946,0.6587327368012876,84.88330517999795
1.9262489111007146,5.13091620086261,5,1.60645750559315,0.518836007581947,422.59152250444316,139.2372210326795,7.801511328698745,0.4092467911636359,49.41845659766231
4.140896310512746,3.6821570179698817,6,1.5183754103493534,0.6866092646282187,328.292021674554,59.994615010736815,7.015926244191751,0.5625270419498767,71.243513018692
1.36088294587414,6.965829965257929,9,3.609330777704909,0.49360654688741545,559.3933044648892,206.6327235094942,5.733683141621493,0.06936252770410789,4.730078264061319
2.5996786722585967,3.2864273320290867,2,0.601214022409226,0.8690040479566505,275.84165066597126,21.92873426484624,5.990368352104719,0.7660978439720967,100.0
5.469748151317846,4.520339481180358,6,1.911294098185967,0.6073904466974197,439.89951483081774,110.9783012613868,7.621747004673251,0.3112194666448265,44.81924753928928
3.703558411511211,2.719027807523314,2,1.2470556356087734,0.792250059881898,257.9973288075663,27.70767609535284,3.337292898347335,0.7520778587950138,97.01057444316244
1.2361785815416575,3.853906617886832,9,3.9626701009740994,0.42450515958460494,418.1642261913098,185.5887756807287,7.000676995945087,0.1643119836119325,0.0
3.248385870566971,4.424361265554541,4,1.7109022278233228,0.6607312525462192,290.56898061936016,51.14436232905745,4.589487260741233,0.6904246495465929,88.65390576422932
3.798587492425607,3.9852878180722877,4,1.2951785913072342,0.8815653212294363,181.45574441833065,10.458570283969,3.33899185172374,0.8307981820821451,100.0
2.2763970579652835,3.2705336912157037,6,0.3564807762491983,0.7914637398009364,199.44911307836915,38.94011165543649,3.8041150697902832,0.674023432470568,70.89777008543072
2.164785494314276,4.9657235191204405,8,2.2216686061191293,0.5696292753607096,413.6152645529312,132.46618403975128,4.026166735190512,0.3174138414328662,40.03508853062992
2.1019798642283303,3.217787713391942,1,1.4863058999454453,0.6670202867301389,191.4761394837739,28.04237231626371,6.0315406143191375,0.6426809109626721,78.22947801685253
4.867270045941567,2.324455931667244,6,2.1571836651804333,0.534745791060421,305.02298499621685,103.54828223412045,5.358483436084692,0.34085047700116433,50.384279817253685
3.2887615405528963,3.6510695635470176,4,0.5068082977018403,0.8467412042071215,214.12970760010933,16.853561293559135,3.7260000201085632,0.8500266591837767,100.0
3.3048169141257504,3.4673967625734416,2,1.1608728386495093,0.8987350852984163,229.3276874063987,26.768008890767806,7.172105896752459,0.7264716374276187,100.0
4.285765844649335,3.0184891843589075,1,0.9491830073451355,0.801755309319401,178.41701653670214,33.547852314796636,2.024547112023396,0.6004048692998013,87.32392434458927
3.2217672655201888,4.781043283505832,4,1.3132575614412714,0.8793439358965491,227.57982881962684,8.285234356410482,3.431553776226804,0.9201282392736972,97.6879944541417
5.837737525280564,5.89273085832357,9,2.6454572119835476,0.5262835448245803,443.09967598199165,200.70139078412765,5.052564566116173,0.035175206970639604,12.976351968590762
3.480754021768684,4.553982774730801,3,0.7017022894842124,0.8929961241144138,183.82981433064933,15.09636583017238,5.6342414864693895,0.8390182359769204,100.0
5.439535501857542,2.020770900868641,7,2.1252152634761385,0.5146666277084728,334.4945049868399,55.67015523774631,3.2607096648558627,0.49867141928216213,34.08630427937255
4.084791676458037,3.2005409697936487,3,0.441348146745388,0.8336913583079748,228.07237964259025,31.302774472404895,7.024355274716518,0.6907389884379762,87.63478437550675
3.1752599731137785,3.772623021940541,4,0.8059940357570926,0.7425825283708294,277.5902411164993,59.88831130546564,2.0583161200319635,0.51583719515656,90.23180931263529
3.910386298300015,4.753655175979318,6,0.39000287500258074,0.7326496131440842,342.89532323014345,45.480248053603596,5.78315501977684,0.5931827893609315,88.14577774803134
3.9929806218705703,3.430255415526058,4,1.2040334392299854,0.8028824656308217,248.06996993101296,2.330321697808991,3.3627165181634746,0.9732398753140026,95.90531484621668
3.5202733102982973,4.556886943602204,4,1.2591690305965446,0.7963002512085455,294.60864151045325,65.84582474748609,6.942895331411298,0.566971448659395,86.73141748721471
2.469025543312077,2.4745758572763568,7,2.4828274974751467,0.5641997926091112,360.85235334462806,83.79991336431543,3.475668385648105,0.39927659647964814,37.2946868626142
1.0525662905618194,5.739405377552428,10,3.8668457656390696,0.4597272137529402,420.8137530967703,217.79632952732004,5.7474211837472,0.021178901250883665,0.03644574354013108
1.50396327447435,2.2273090308263948,5,2.80954126605092,0.6573916828231318,383.07873547860606,132.05804032136896,4.387213626123545,0.3381010497663903,42.88713091769145
3.648087420325451,4.339490658178494,3,1.5625677519245889,0.7271636873211814,261.71914218783684,34.84362429079651,5.143496255412206,0.7244407007105006,87.07218822141516
3.7297890322780285,5.596392515820281,6,1.9392063998151308,0.8461711237026888,291.4903027308029,33.95338848307664,7.137208253192305,0.7592073627283675,91.5836052270347
2.543774042977889,3.399810900613078,6,1.9150847576562688,0.7417302973812219,226.26242061295767,30.692876876764437,5.220159446540837,0.6518447317802162,84.39933356906823
4.9493932935104255,3.9865257681081037,7,1.7566798137571868,0.6530016165096229,445.82661139909015,101.16592263634391,3.521407362822841,0.4652823533838341,56.280237547819596
6.10795462872466,1.5933162152100022,8,3.0135881655623393,0.5057157561517555,496.0410028990631,230.62077143932697,6.572757142521176,0.009806391831066907,0.05225715175716128
2.6865931810886163,4.956459239730172,6,1.5593887180900794,0.8024285982728394,210.00192171192097,43.701761468873336,4.053735063182824,0.6448478886995742,83.60152198406163
3.3584000055848953,3.5232906303950093,2,1.081346437809569,0.8352471932231129,192.9445197396779,16.6278373620018,7.762571888224289,0.850851078831967,100.0
1.4033722217695097,5.2857373612069605,10,2.5924782034828913,0.5461058152145271,581.09505160798,163.97252851635747,6.161773003544356,0.18246699669089256,0.3183343151472524
3.9258485475878864,4.009498734349842,4,0.6155233336502778,0.8617541367468461,266.14089330034915,11.360048217909014,5.677948296136411,0.8594960237898874,96.44298515848729
1.2482300317525574,5.0127541031756335,8,3.53252091335997,0.39722906454443074,568.2802350374772,267.39662147809474,2.2023796046672386,0.10350390264826892,3.2437051983669694
3.417913109401807,3.0189730553796474,2,1.3943751450181676,0.8685126872144329,274.2082355107315,25.525657326715898,3.225103031093548,0.8334718663970366,97.06346478371242
1.5823326225247232,2.9968620949351177,6,1.7944715004739868,0.6242048217215294,447.4567675732773,118.88459851090168,7.702393585151742,0.31268314680976755,48.98618598384204
4.25694793371363,4.072179137696519,3,1.7457717519719262,0.7885684478814365,287.1108359599387,24.105568027886402,4.143248864899971,0.7430580731087795,78.65891947917311
3.6507854470553887,4.46613710619473,6,1.1397443724138439,0.8473354560158982,332.74323301039635,53.558009868555864,5.430277741294953,0.5383439914345,89.29335158074223
3.6771448258771566,2.7784625211745015,6,0.428103631428499,0.8369763332659652,205.89480171596682,29.91078702466029,3.5539408619970847,0.6645844146560204,90.25220797591926
4.975696266951155,3.8625764290797937,2,0.8618356290594024,0.7382870526587663,276.0499070673347,34.297092666283994,4.872568332802101,0.6391220733636567,75.80099615424183
1.6736639301885414,2.0112508871331323,7,2.6999391903253116,0.5944677479007874,302.7476469396113,73.57735365537825,7.553310365511543,0.48337660337516974,35.69105818634435
3.8426825306611523,3.2418337457568,3,1.3150583905992956,0.8661082090474186,232.63236839248933,27.83231393004196,3.3838292806123285,0.7958951920628338,100.0
4.439833874866406,4.301063946043419,6,1.5484302523527096,0.8257811440505323,164.0697669691787,13.215815465649769,2.0881562498087387,0.7579819619907184,84.00416628478253
5.308270608489214,4.626678914925491,7,2.3684480621614057,0.5515349625545279,374.74141159812484,84.28790546997317,5.215227745465312,0.41447155629353044,31.63233715000387
2.703941048184939,3.632472825469131,5,1.3079969710902046,0.6638677919647947,323.4224156027795,39.16939286211259,3.319405891318485,0.7972933584152568,89.8956142142796
2.301757199248359,5.801870308793755,7,2.7566343246038505,0.6009427197490069,428.10877134986987,163.42669563218817,5.251833005376044,0.3001922154184,43.77924771926883
3.849906813942906,4.697874448995327,3,0.312027121135474,0.7233605555335592,211.6364385822822,34.20564644911412,3.1832831522055463,0.5292282100217532,92.89298327472757
5.064292350946503,2.6027361098292254,7,2.322702594965997,0.6978675025430378,360.53152102699323,49.89103076802944,3.3857434871620513,0.5883498327008334,45.26755755981053
3.59278839270966,4.067794319128995,2,1.0890648190776426,0.6554799606997264,320.54852685675064,62.7921705566914,6.692460334095979,0.5250686549054466,92.16642554499032
1.9348264124769683,6.3112574962715735,8,2.2256553999618447,0.6577125243978147,383.96566391063334,153.36098964182716,3.1576325464653,0.3315288324832567,30.79652098416438
4.382403149201382,5.797571175046744,6,1.8065208401175354,0.6506597179434642,185.11978620400888,23.574053689780797,6.525006208669493,0.6291684312297267,70.25803517576773
5.905260824834954,2.8220918059820708,10,3.87808192885645,0.3647915479919307,596.1271011027142,201.5952552172776,2.6233174892469053,0.03635024709990549,0.0
2.6737761069453594,4.087165852672893,2,1.3162992143207735,0.8336864964076939,186.84015583399034,5.996709810612108,5.452641628939235,0.912449022165787,96.63226626172458
4.102539853111671,4.215791345468894,4,1.930722095367839,0.6631297817243936,212.91205768558643,36.85119802167093,5.738152305018593,0.6012966672259765,78.77579159471678
3.80539699008161,4.219827557187591,5,0.521878137583125,0.8115303625493985,321.0151821715808,74.42038128236379,7.148829286587702,0.6091792466025794,85.60062907663135
3.3002585265721036,4.740427522455653,4,1.2201807032789205,0.8358214515293539,269.6670586205303,12.235068764862865,5.500510447688838,0.8775872872620666,99.55936587607161
4.372083135346695,3.119105074717461,6,1.0050810138700883,0.841776328653686,200.4163896341634,39.44174144742551,2.7164197187117187,0.6626135617838751,82.12386867584155
3.868340347962146,4.387004700534859,2,1.0834187605547334,0.8773271597105028,204.44969958685286,21.916105164731952,3.9188232152208267,0.7869979570422281,95.55277520090371
0.9158430843146136,3.2824996032413742,9,2.5231276257694275,0.4916545740999345,423.01720964460003,116.7372691605027,3.4012612876988024,0.34990890615993764,9.247472432634192
4.636557464779966,2.7457687526857337,8,1.8117256908926094,0.6557271953169306,351.7547731901939,58.69047131256979,5.360222450890923,0.5620145247709502,59.82798773714347
4.553714817641732,4.3173262274279995,2,0.7639165039865286,0.6625301445474808,236.01811591211188,44.71119981720475,6.270896082212946,0.5501288839696469,84.17130340549933
4.139249881379305,4.4521096067447194,1,1.6717826019006818,0.6518765841352765,336.7680312629724,27.543917649670096,6.629936402433745,0.7858955051341543,83.84226921891374
2.2681580507781947,3.815877507070969,3,1.7736279684260103,0.8418778256392853,349.76599478024457,66.90405708275526,2.741603310465292,0.6315385237979012,78.19838860363724
2.7402996413416356,4.941758156377871,2,1.1656216247489959,0.8635210601348534,263.4610396008391,2.3961699411915847,3.309641239295618,0.9843899745453079,100.0
0.9525652165045142,1.9526502937504333,10,3.3537976793505946,0.5150769723284296,555.8481828420917,182.1974315123892,4.481632949722769,0.36685431660251044,0.0
3.4016012624875387,4.374163788862746,1,0.8112952171603851,0.7309828136211028,257.107547146004,48.265269764482994,2.2002375186013237,0.5668581770092799,86.85990557956535
3.174527911806218,4.124941450281855,3,1.1667347983532719,0.8321305302768884,251.808939523825,14.840541628368728,2.5640943042632536,0.8767932900839016,98.43951083666859
3.2736072502626183,3.7152208860377565,4,1.7888421933088348,0.7796009667848645,214.82936949196787,34.839851804223294,3.9148409825098716,0.6158988695689315,89.22258429418372
1.908982427271559,3.2492642963101286,5,1.810514085208376,0.5491171163376898,307.27340805026927,57.231994622957615,7.854579611374492,0.5457842979230648,52.37645079146894
3.595299373973768,3.091454746215617,6,1.5182752983797048,0.7389754191187936,171.099935455134,23.924358312125985,2.8856760442277736,0.5698005322925462,82.30884718115455
1.3621039302811653,2.5307888022895697,10,3.6156419740277195,0.5055677577734913,575.6883267545616,246.86062740937555,3.6736029467419717,0.24508688529975134,4.395442776272558
2.2503855868231484,4.259371892744722,6,0.729404901484425,0.7394938770665284,288.987013096312,38.26543167007896,3.0244051126023663,0.6506864230180652,78.30579344658902
2.0539277823366673,3.258625080528837,3,0.8817362887197708,0.6704509435266267,288.9534231091991,38.23414221982835,4.634453271162307,0.6382797855578739,79.21383479171062
3.65810731708638,5.1875492907989305,1,0.9004654893324767,0.8394705030513854,320.9687188448549,29.6617811763782,5.994742521323863,0.7571977880721936,97.28944487495828
0.9252590260607922,3.2982423426903122,10,3.212641350941144,0.48894213852260265,470.41831098078495,162.5886709840961,3.0638204847989265,0.3098588239528973,0.681608280675069
5.969828511781089,5.672710165820855,9,2.997869953622994,0.37481496407213166,461.5357821300759,128.13785357456197,4.194120885629669,0.206679661459749,0.0
4.775887166147156,2.9320476430284996,5,1.3824828352728855,0.7709390479401388,183.73766089015655,20.975892868139944,5.820670117605214,0.6950892610284025,72.33449221825303
5.183492129385018,3.6981172505543727,7,2.5873860549143317,0.6457462902924449,350.47325670747125,66.5115052463795,3.2888751243983068,0.40161417775516356,30.78583091963438
4.311321344307837,5.078279185969862,2,0.7408882849894607,0.7377978229416874,252.91023357778778,45.280800555580065,6.730908968284774,0.670382774314519,81.7265047646993
4.234818202848001,5.17461791629968,6,0.8411046559496987,0.6716448630852054,181.45537215399952,35.74860560217825,3.349201504314576,0.6589731974933845,76.6844097398766
4.328601632249308,2.9191540076770672,3,0.8939595918830733,0.7096572549289611,207.92516335532764,33.65096905360002,4.577488687236113,0.6337068290852056,84.3868924095173
1.1782889327123325,1.9028640078630483,9,3.8437468577832323,0.531338377871912,595.9114056662435,274.9211507289851,2.044130461134716,0.16437351650044862,4.870276647300443
4.767295107516003,2.4440297808270977,6,2.501007644142825,0.5058983826928641,378.7131137523402,83.60837813498242,5.067088240556955,0.48704480685176993,48.782233884666724
3.5578615622270484,3.107310522979504,2,1.2853316193907673,0.8709886727687636,221.946892307649,30.800187009490422,7.883969941836572,0.7097828633689515,100.0
4.232491043717141,4.071607626605317,5,0.7748827574854448,0.8141742160911877,284.0417156357939,41.978643688705226,2.739019665061128,0.7190405851976582,82.14694664214142
5.852638899430598,4.399276700193022,8,2.9325734840541693,0.5256125496338566,545.8946490229515,183.19961791615196,7.225535406748081,0.26631496988939457,14.046492546574795
1.5736610485791416,5.214496973824737,6,2.9467850443542214,0.5934118370428451,348.29518752220883,84.13518786982536,3.8773160705928262,0.5895190607727885,47.48475050891159
4.895400394219627,3.7905544582220263,8,2.675096506618331,0.6464171076902754,352.32942668777605,108.80695732526709,2.933975560990615,0.3313223508513178,47.18611360219662
1.6592886211598976,5.834289177381776,6,2.4238840237359502,0.6992696959400543,387.8940859019631,68.93456329431483,5.772053262747634,0.579763091355629,51.40325737506267
2.1562959527723455,4.408459738062944,5,1.7713568185105915,0.694439155407621,376.79127615096104,91.49966853840796,7.830157219160461,0.4884284736443665,63.19229806591618
2.820102577202251,5.512487441100135,3,1.9646822016447392,0.7780420493712314,172.50369637638383,26.01148728896544,3.1753298981127087,0.544783261260471,83.18938834068734
4.769558090717232,3.849124613858616,3,1.6242277328309436,0.8250467756210587,242.09720966566007,44.67550725334121,4.727357879932994,0.5711677427398244,83.79492231918996
1.1745903235396453,5.73374431244072,10,3.706345978001832,0.49970736146670547,569.4834020986247,262.44026721724055,4.294878797788027,0.07161313265857228,4.971340494855792
2.473782382258616,6.449703203209382,5,2.719781031113623,0.5426926468143388,406.84937668140003,85.99155700939987,2.3297884104695044,0.4569387055183577,46.62571403429942
2.2740688989263296,3.4923923548998057,4,1.280429532580318,0.6555039980358676,297.34673809739024,26.192421323371043,4.666871060797359,0.7975560590616994,83.8290127518053
4.502501122306249,5.962564245552558,5,1.8905191888983022,0.5012686931065137,309.5285540334672,82.5160057381862,6.150848006014281,0.5450906326552422,61.762570946689856
4.551785643604249,2.1191117838308404,8,2.123614344755066,0.5748545537474148,334.71999725962957,105.33989747074881,5.298481085874906,0.3590202723131177,47.864478479883374
5.156288677518417,6.4085917030979935,5,2.0631809159067283,0.5457140331536197,337.08623244230273,59.69953282866923,5.274707682567736,0.46394039347642096,39.54441677167814
4.110659323634096,5.292486564503705,4,0.668622080811617,0.8055122046461968,311.46961019225836,42.33341744496085,2.620794956296594,0.6103030582666379,82.00393389323153
3.17749523643381,3.97376742398309,5,1.138224690802021,0.6525586769504959,229.62474995937478,46.692833649693476,6.045149054049262,0.516162208820818,89.71723312893228
2.1368337101726893,2.6776996068493775,6,1.6336842072784317,0.6521745153476418,412.93040289066175,87.9248383156991,4.048326825050207,0.370415691418062,62.29238596659594
0.9547718931400023,4.169034090690509,8,3.1082993198518603,0.4381327104390636,503.3948199220897,116.19083615422359,7.379679969503044,0.376432840398758,1.1169589649785516
3.4217255352124933,4.212908861411365,3,0.6290580373232945,0.8554704041233218,190.7045080958643,19.248244349553218,5.730217980441774,0.7734706687353274,95.93100845414958
1.9958785824648428,2.9196728453178706,5,1.6142145875994853,0.5053130591956717,363.69311229637066,55.75335897029165,2.028990071403172,0.5970840475502496,51.25523021264156
4.904530304408055,5.495233058128956,7,1.8939981902348306,0.5856943101661632,308.38551340976113,118.56877558051232,7.768266571023199,0.3163942264105749,58.3991351851806
1.8856985484971482,2.1837709676975425,7,1.9793560150345229,0.5209275788797755,332.23517531167715,111.12764021579737,2.5978533261624412,0.3253306454363059,36.82129674258469
4.157293993815511,4.910487537847397,2,1.1283975672453805,0.751297229535863,175.04435191640042,25.782847554805787,4.179345488588332,0.7271574847703727,81.58718229381311
2.548815384591952,4.178107975917624,2,0.6966095617575304,0.8056671716819993,254.63385054470814,23.47225753277701,4.738936199315962,0.7563765642525014,97.20514051248641
4.639615085667947,4.16209584293271,4,1.7833007936755905,0.6871537773354023,282.8363832094705,60.63182152354038,6.282861476035059,0.5323334183058389,77.05623798572721
2.8670688789066903,3.5289772606787473,1,1.0058146768007432,0.841842452501419,279.3558952532861,27.39659837021796,3.3505560221736443,0.7660914482446408,96.32803910551351
3.8087271943455905,4.96120273821076,3,0.8041728177990904,0.7192534677735164,182.2029424279787,38.0420758034814,2.393096346836928,0.5804904497821041,91.80246806821472
0.8854160291381974,2.0812413894051787,9,3.1172929617748713,0.4571102404074511,572.7851274169492,166.17256760351566,3.2701540266626483,0.3922334029078505,0.0
2.859134620943331,3.1868088755431923,4,0.9089946717072755,0.8972649782991722,254.90069353362685,22.685139305843617,5.1886078128434825,0.8387497736769248,100.0
4.7200894464384096,2.6202443438888894,4,0.7566392161375123,0.7751062253349278,332.39037542116523,63.73085135842169,4.710647985791474,0.5575988833286009,82.16263125809031
3.9621569946676716,4.119299217554456,3,1.0729200651905515,0.8677698886367261,274.26367025183407,2.0592293655397826,5.3675798149389715,0.9856211879749843,100.0
2.863376062289105,3.5725409993790755,3,0.9610322133662565,0.8450085151227557,270.9111522601723,21.957812584037576,5.075959955330325,0.8630789324992586,100.0
2.387702482097617,5.431338432756699,7,2.2142289925088203,0.5952244510528578,328.90202718521175,57.070568510146046,6.58947510782342,0.471539233985369,52.18172896361318
5.339375772890833,5.6059707064384225,5,2.0992876246373107,0.5116076118105561,376.00459981912593,92.27118820560804,7.726314108058141,0.5027424300807942,45.27299024365468
4.075829148285095,4.957827602706097,4,1.631975140042926,0.7153819672600537,185.80204660749263,40.09310796492789,2.093760259484771,0.5953429410128401,78.19165062280655
1.9957262501568618,2.0263349616288835,5,2.982948375658793,0.608572033490956,364.90366908480235,92.53380072677197,3.251329953093515,0.5448758424458832,35.42739755143749
3.6930531675636904,3.577373608970327,3,0.8003719076457181,0.8334639005529926,203.0819331149104,5.97572517376212,4.941322774850389,0.9127573462866615,100.0
2.2581863225848857,3.0304304064203675,1,1.36013540537716,0.6544750926103506,157.07751299217878,23.86428724704588,6.341728379894686,0.693011401822379,79.4596607245655
5.4692266769082405,4.066438325906703,7,1.6475657450132197,0.5667559988948817,373.9117492983932,81.92643712268867,6.353498922489784,0.42010942376229377,37.91850093216494
2.9825716295082105,4.51025186519906,2,0.6817905192725172,0.827392791924895,259.3444404820094,15.07095883440607,4.9012867368093085,0.877030201261909,97.36738925077952
4.855063656147066,5.282274794118654,6,0.705796663540733,0.72265203999753,320.7470699773536,64.91517592422531,7.323752285472436,0.6484806507663811,73.52321901701596
1.185548580635561,6.300645402552216,10,2.753221406678101,0.3958129708925671,499.06952158964293,180.47365340004748,7.36828629768233,0.36798371371644834,1.1238043392592478
3.9468347855214363,3.13574642284282,6,1.760584794029568,0.7597724862105484,260.8671213768293,22.64429816761267,2.8867442326082484,0.7474537796959008,81.2063023158044
4.454628159090921,4.810765169481649,4,0.6840351068354441,0.6737198165729554,256.8640482637202,22.17085054945761,3.4667331832612405,0.729141036696598,88.25680300074966
4.967056487464562,3.0789873033093653,1,0.9076798644196525,0.680870794667551,163.0370894843453,24.74568499408661,5.7852346503286975,0.7084120280264176,89.39627336800669
2.7274602784874533,3.1812189563508717,2,0.9941797536973758,0.8512783557102639,228.7521255178844,29.467131874197293,2.0296424054271975,0.7612745122631673,100.0
4.113046569442129,5.430527509818807,6,1.3202464153152673,0.7238025862637775,183.32977267079397,35.898805142613554,6.9739097442664235,0.6713159988376508,74.24055393544175
4.708616664205838,4.057360117749226,5,0.8914962353362625,0.754425426804275,307.97635934101254,62.53307677609468,5.075558110813925,0.5805327869372223,77.3334902279572
4.858922827813317,4.482285134373496,5,1.1081482226506996,0.7050525024146977,223.6043433002522,54.15619316513074,5.085336134174475,0.530751232866072,75.06786819491593
3.882348618494223,3.4789449081691277,2,1.4232702941650528,0.8484806967788251,198.5049490647688,15.390376437922365,2.588438967589817,0.8514677931278811,98.86165310289897
2.3706822307492788,5.190437904499326,8,1.965482378519098,0.6027415274471098,417.60929182844853,121.0752620897449,2.845183269244359,0.49161565517136985,46.502480972943594
1.1697128776018086,6.203691311481849,10,3.957676675843085,0.4061745172667728,552.3680027701013,227.83965753468493,4.439461339350952,0.03739680462609174,1.5286301584959072
3.4042693038860277,4.5824378455569885,3,0.6148377374740294,0.8758719425727215,211.02011508200638,3.364635262840603,6.133005067852594,0.968417827939082,98.629080148816
4.497521718501537,4.043308782538207,2,1.2706541314278168,0.7613475208261626,220.65536901658803,40.73448003245177,5.0196730043208095,0.5678761646715998,79.14358367304239
4.050489002660694,2.847762765290181,2,0.6838152927009072,0.8408708548418111,244.10413826522574,29.127820281912037,3.879293942903048,0.756792172462879,94.62916707742176
2.681784195000967,3.144241228252723,6,1.7123549220297727,0.8480615413905381,313.29001590032783,39.14559788260019,4.777803635615986,0.6245555429484758,89.07976054531787
4.929302524514059,5.160798484411339,4,1.2263356442805629,0.727840653382557,279.32634189591613,26.63277930957458,4.999777764764507,0.7242556524082757,84.45650135795752
1.5023306855122645,6.059260830001775,8,1.5242246697476207,0.6092157691927202,415.11174174051695,80.89491214722317,7.221350633520107,0.40230886212587486,35.43740188322679
4.867555408888959,3.659759701369005,5,2.9384274487373516,0.6372490658165959,426.885511703855,81.60236656064781,7.403220955472188,0.4452152855984379,52.54480003359514
4.266544852817066,4.480684006095509,1,0.8425495848510612,0.710494128685307,317.09343450645423,49.11118537462335,3.3838849676684246,0.6880371471418408,78.60261293300354
3.587693706417995,3.1968733189639305,3,1.3001405452521606,0.8324801574393784,191.33126045957238,23.96295274298138,5.039153561951228,0.7628039028212672,98.64632971302842
4.8103990007009205,5.503743179626597,5,2.4690943146453335,0.6302782432537558,334.4970931411556,121.07215623868427,5.305090646175542,0.3057069215448848,56.24564222111881
2.7363104059093324,5.136140019895611,6,0.6202134419537638,0.6788164559491767,275.0167468414742,31.56131394624072,6.003415403167952,0.7319275315456363,90.36036973174994
3.6171824578053737,3.939745396417901,2,1.7180502694443949,0.8423853839323471,329.85497909844867,48.142163990840736,3.0077766158348958,0.748189206708891,90.17178679038514
2.0569558572976376,3.073348853939715,6,2.206440070761885,0.6710642749605435,408.32562944148805,96.23636696780899,3.1512520313186787,0.518565554261933,62.012181118424564
3.037661306167324,4.317027392620095,6,1.0161343111333656,0.849533073629783,226.2159716921623,56.00019376841507,5.650675647162338,0.516411256491876,85.77483877859324
1.481843257843972,5.796031075663767,10,2.6030622624025774,0.41079509648541396,466.01379402050287,166.45767220457714,6.2688939992917705,0.32511595071533783,8.271030160918862
1.842512137225162,6.249274706337338,6,2.5916772841918685,0.5185806099262832,380.59996272037074,105.34699371225136,6.766663759802086,0.47395190620931515,35.734075567456216
4.569163408378962,4.0115482697149645,7,2.11753333575536,0.6328895900104012,443.87788541972685,119.61175929643969,3.6568366663911447,0.39961697965436577,42.84294689002272
4.685988412844727,6.002688145021551,7,2.062609785896745,0.6059510549662658,315.83710892544735,66.73551473349629,5.598061990850967,0.3665392860670831,44.279372096869544
2.240475481372873,4.465878439640084,3,0.979617848767029,0.7704309343528161,313.22544797062403,22.659957473925825,3.64838740081809,0.7614011659041365,89.18323140513625
2.0471527449214055,2.7698263183880716,7,2.097512522324644,0.6075394672270239,408.49589683367776,133.65687846240235,2.2541739145301642,0.3323939492985907,42.89903512093393
2.237666436826321,2.9600046280626398,4,1.4601676192081183,0.6521840667158331,249.62731035071027,40.45243025733236,6.805174411155218,0.5970457899274765,78.62678627663773
2.0637185101892985,2.647023385172842,1,1.0229881173273747,0.7640381129878464,205.8609059554332,30.895361228387422,7.177458291686249,0.5172530320497359,77.74999134635058
3.980787850928058,4.341972644285519,4,1.0747070997453685,0.8060943538409254,273.4477065728087,8.38483811297994,7.414099994933294,0.9422895732979156,97.06052045953605
4.280338046716059,5.353901464967447,1,1.7266239225280648,0.6772660238129198,308.60168796698986,53.229059146606204,3.699063069377648,0.5013058824014639,75.05455917128948
4.3856255545863325,3.6229174439687184,2,1.2187340642794953,0.78871581774402,188.75764671163728,43.18849837324412,3.7312248527507847,0.5629610053465749,84.60711729492935
0.9752230762529794,3.6505130472688267,10,2.8104512606005363,0.4299147863717268,564.2062577959957,211.56591668560446,6.3413551840580045,0.1428802682054264,3.890421747949987
4.612915741912656,5.707457788790439,5,2.507316225460078,0.5184211293929358,381.508578083402,98.89356437801118,3.072834245447413,0.34290823381512886,54.61286526766638
4.879049390891576,4.747747021714593,6,1.3552865059210502,0.8064834535952173,191.99527831864577,54.08426290444484,4.084526056058323,0.508395423088542,75.89211701086202
3.1004082693461466,4.594932106796196,2,0.35014209663996226,0.6686564001301013,324.22173310476524,46.06604687108513,4.619823373411927,0.7348972959921245,96.11576813726425
5.215999797411742,3.9876231852802935,5,2.682573511097222,0.6180952182000686,431.09601772335503,130.2789517115418,6.022477793975121,0.3458229545596549,42.921376801199536
1.7777930287183417,4.783431983099523,6,2.7552891265932278,0.5650768329775578,324.6860908707241,53.25275968838814,4.090610891187944,0.5907114445316343,47.537589324426825
4.332002248773488,4.707014433676982,1,1.0206955864515317,0.6811329137407857,278.7111088649391,54.77827264803336,5.638537540703429,0.6236425533971903,79.69293495659889
5.456696410533892,3.5497620723614425,7,1.5428740277918291,0.5289845154433493,302.54902466411886,90.03341105338758,5.188990380797424,0.3106206449048631,43.41467064565097
2.9486304749321355,3.749326703749684,4,1.3291485537194971,0.851678353546812,221.76945652660186,10.569271153684904,4.265240262471672,0.9095637891143888,100.0
4.780412061771164,4.08992620837453,5,1.815963123274999,0.5085812908303916,322.8190056129568,81.83885313564657,2.7175986026968326,0.4642209399231296,63.147023582375
2.3999143478713734,2.347922723229858,6,2.6206646319770712,0.6697651789770559,328.515182527962,52.044828969826426,6.429787838770658,0.48468940049142356,56.370151826481774
4.441820609166951,3.7811261460457386,6,0.5307002774633092,0.8486283428001914,301.11475304659024,59.109009142843774,2.5912357986259575,0.6299580351664269,79.68814478014696
2.7451608145078388,4.178313348476706,3,0.6240023606896234,0.8972095756530063,204.63123482453713,8.416295191917133,4.012098925459438,0.8969651201394616,100.0
3.2530914924665204,5.551177644992528,5,0.9852740579909935,0.7310560936634242,330.66071720488736,33.85324122109449,4.742045525553724,0.7033846999266982,89.26771790340838
2.5433140536406893,3.961341726296863,1,1.1403706491746997,0.7103255319341053,191.17086711910443,22.67451376712989,3.346939825608362,0.6308915352723754,94.51109532905272
4.821252247972259,4.71622499811584,1,1.8721627664803053,0.8317618018321883,260.08181058301443,54.80213477205622,5.200325400052853,0.5160783933292055,77.49152416005086
4.617599964778381,2.8977962737642944,6,1.848255493085275,0.6720852769874543,261.97467995684923,21.86450690835946,4.84099796782086,0.7369479653577128,76.09520970079272
5.593872987597383,1.8558168361044436,8,3.151406422882,0.4613947843765314,554.6563419616544,196.84793341974049,7.381376158996673,0.0009577266333413714,0.0
0.8829095683655355,5.743162976989935,10,2.8393354393253762,0.4293207844177054,488.1330357568409,202.81440874415492,2.733912237983608,0.16107998663704565,0.0
2.4888894474553265,5.881830861306568,3,1.5521406206834605,0.7386125266644243,298.91948936260474,58.849384239946644,2.187271565359233,0.6713068516628209,74.73753012597402
2.7307473414930037,4.803757196087103,4,1.176292140392348,0.8483721722845418,239.37081731880556,7.840603976100218,3.5643360181109625,0.9126029411562344,100.0
2.286257565166725,5.853721868001306,6,2.5021647351676566,0.6580701052830938,437.55759205786103,142.71551898523703,7.415380366232189,0.361521780078701,57.00509562309435
4.290115018379647,3.7535232126935343,5,1.0859998650900073,0.7557226113267173,175.3182454951876,38.79943727431683,2.9078877289687286,0.6047721273428166,73.5420656035004
3.5648779379804725,2.544367756820782,3,1.2248764734111857,0.7303996471719747,315.6706833960366,33.79211798433446,5.1163344560322255,0.7630180293661095,94.40827778109877
3.392639582665473,3.5022073675193823,3,1.1659517094759715,0.8677750619018277,250.07781727011607,5.67156569711542,5.173768454487921,0.9518985931365183,100.0
1.8465256397908631,5.107191251462184,6,2.9170731421735856,0.6251523820936353,418.0334636676378,124.09149010262126,7.614154973584824,0.39145044108209714,37.57975038427562
4.970517292282736,2.544305931284702,4,1.8171062291322655,0.8476049513237404,285.58869898492554,33.99990157910378,2.0587435677377774,0.7065672314989085,80.52300299015566
4.573854667021523,5.020468963737684,1,1.064609414626749,0.8354181576976316,179.5932707472909,19.452274372812237,3.2591818169134528,0.690449805007129,84.72022228982222
2.3968126653020123,2.5222865376991987,5,2.6139341746370355,0.5458689043108782,428.41638873300684,108.11279990944158,7.764786315948964,0.419612663214566,48.220246726372274
2.5007020314622106,3.049000657062487,2,1.0762886839675478,0.8320724286000739,251.8294701376234,9.308571114727508,7.209708964636186,0.8818098975722839,100.0
2.885039780156532,3.8702371902415518,2,1.4324481850562245,0.8267496428425247,248.2846843209297,2.020256526745628,7.029444297299024,0.9842893324377193,100.0
5.321261470667273,3.2573502533516825,8,1.8988242205563255,0.6946900623419369,311.0136309511482,70.93221262346367,4.572703389297618,0.47115852227442956,45.265106984309
4.695751333567414,2.5760909406750407,6,0.3797849887253676,0.7295449155157405,192.38211773967592,13.55175233536976,3.4748928721805497,0.7682675416897792,83.92540515486994
2.7470262190253223,4.763515518381088,3,1.466334799426197,0.8641575984428752,264.48723806478455,33.71881058221187,3.041166290238573,0.7529737923198884,100.0
2.8652536925835346,3.541967090408696,2,0.9210589024358671,0.893436521188961,201.64516493397707,23.89753360024345,6.993941119153708,0.7896685405595638,100.0
4.722896329828897,2.5761243210065627,6,0.9149764528880925,0.7863354125811092,169.18296822462074,27.61762363214336,5.456815133915177,0.6433007749239464,79.64416544223852
6.245636215065241,5.431806590238929,10,3.7977900007713363,0.5043879553102969,464.37567969069335,128.83645061044004,4.373777843080882,0.2092579558835496,9.863901135899168
6.42393457705607,4.63156806953205,8,3.9741619863289603,0.5197299662171209,551.0907844714015,290.90477764066344,7.366006312031936,0.0012831588842634025,0.31034722601450504
4.50065857180962,5.5863782205601895,4,1.7083158553130038,0.7055662271754537,290.9258337141244,64.0127758366631,3.4310696490680512,0.5570032615325444,70.08730716676668
2.4184734245901534,3.5324517495340366,4,0.9461931915888441,0.6663524450800092,324.4825968940617,44.32972533393556,5.940972624559895,0.5788307848270214,81.17934037700505
3.304882134009503,3.920742888424721,3,0.9198123640496026,0.8986703850363917,180.63103922729923,27.024270476452845,4.876525777711086,0.7205823626624113,97.02145588362605
3.259727010310312,4.215732864879689,3,1.1583640096152852,0.8736763173346425,238.99276565290222,16.502548008351322,5.114167450449999,0.7703216723576591,100.0
2.2382508755655177,3.771440088527159,8,2.1417463842183153,0.6864235431954886,398.8757606978521,94.41653037999522,3.226804396024974,0.30383845564799633,45.73015493417933
3.753318442169318,2.7432828116845123,5,0.8350739871655138,0.6889310393825597,171.5546117531629,33.56905607819592,6.103371193924605,0.5462436204399198,85.59826638278953
4.950401776960003,4.162431390232728,8,2.920889588864123,0.6613930578338183,314.1821833004792,82.19413607262216,6.383900825670436,0.34500385642779624,54.371753083746206
2.108840195461716,2.6229494289509017,8,2.522033314671307,0.5941062654394124,356.4104638078693,52.09789336395409,5.105735997172556,0.5849788124314482,47.134490220114614
2.5603713798613836,5.764294236788314,1,1.0614908049704255,0.6645298230326779,275.33874584141046,48.93134441145812,7.12353516342306,0.637359023828902,92.04918679346994
6.372659865625526,2.221064179111031,8,3.3132759377408387,0.3766652706138421,562.309263251972,144.20112033198762,5.128026584538032,0.2842328467502282,0.0
2.288089041725253,3.7764482965877666,8,2.0207208326598085,0.5399284087736321,400.49919904942175,75.81041550586684,5.2029008068494464,0.4905110129460769,42.35268212252904
3.536355869194783,2.563351923324227,3,1.226880207197334,0.7474246466571197,316.5977274593305,47.73763885640821,3.4388255977053603,0.712962799882878,94.14768513690656
2.7303332342717646,4.525637506883216,2,1.1108685608988205,0.8110304596771227,277.2287411560955,14.835836285553624,4.781711668401718,0.8918174444353786,99.42421568061322
1.662423840385232,6.301473654543878,5,2.4604455489472112,0.617617401397139,362.71815456484075,84.7329481694111,6.0150859954697715,0.4762767125902998,37.1274370849041
1.9831711808255097,3.400826220930555,7,1.6140059949970849,0.5332811393799287,356.2489960194476,82.89767860078575,7.474469990960005,0.4955579528344662,43.82578020124627
3.769099850280783,3.3245829553523225,2,1.3434571402785187,0.8514062032002727,221.03239964352977,24.56692585822888,5.031257899434665,0.7682003285157782,100.0
1.4800591909465628,3.339066686686836,9,3.002411328442743,0.5292044062171652,496.60092296553825,117.30959742920453,3.0099476082960006,0.31082429511644244,8.29291159355498
1.5725202008056858,3.3403381735883992,7,1.631275754897574,0.5468396477697661,392.6231273747529,111.44364470698423,2.8355010724222836,0.36555617304933935,40.5245753049544
0.8411229819964925,2.098629494504852,9,2.566390730692117,0.38186927806562737,490.17014977197607,167.54990730678927,2.6075276791087094,0.13549051729964226,0.0
6.343660371553424,3.1656784398211704,9,2.6069874867327227,0.5315730199474107,402.8705415868125,148.55274141691183,2.6883939576140197,0.09024167269242232,8.188259575305642
2.0161497799900343,3.197125415684729,3,1.7527477526461013,0.8311671997283371,156.03461816855918,15.698264958309672,3.025341282894363,0.7829147450941778,82.06044916169446
2.680270871614511,3.964854869910577,4,1.8273659532231952,0.6591566470005978,196.63346946639547,26.267578658891566,7.313280421626946,0.7375466679401603,90.09495084969917
5.16927795612998,4.9915838357295055,8,1.5083945057843777,0.68912787711001,437.05617954718093,104.21588451316082,3.896550538770737,0.416894604854178,43.6940347037431
2.655891278029576,3.2099232781266487,4,1.0637001460427067,0.8055277751409204,200.11332266953352,16.925886115112505,2.816259713772067,0.8555934230620602,100.0
4.851361137245443,2.1166055544798974,7,2.575534351762878,0.5778689568979758,412.27880770746884,88.19519232014802,4.582725661353212,0.4816144800672963,40.67454831607506
3.8807696104684184,5.461652073155667,4,0.7691601087746157,0.6750061292290868,185.1268467391506,28.174904142900346,7.954292193062335,0.5383699090108665,92.01777025723207
2.341296445396044,3.8976303939139645,7,1.9752693426651247,0.6155930969080163,335.0213851099819,55.457470178988196,5.1237965076501055,0.4595729866300171,57.972408354333325
3.7343131933233042,3.145946750705096,3,0.9856544007935086,0.8941908841079899,250.91697121916536,0.15916603501432366,4.037797394561372,0.9981054756965975,100.0
5.004037760705026,5.9630099079905365,6,2.4674171725924112,0.5941937591499995,430.0812736908272,79.62091521242934,6.543857916570666,0.5207681199454953,48.36638536398408
1.1122563798872487,3.556344838003854,10,2.7652707260064324,0.48735486682810825,555.5304085456455,123.98953315786477,5.768934368777884,0.34422387711298114,3.4583998412659875
6.267389973785659,3.419743699606518,8,3.914425936555283,0.3979436471547824,580.4805734441915,192.52867509523043,7.863445418436255,0.3135804678472669,2.6702391443544258
4.108728490568953,4.183050036045535,6,0.6042180715017457,0.7005034666028991,325.50300512044254,41.386237618078475,6.653843828294399,0.6973541174483616,78.81446271433443
2.2700503255015976,2.5618213167083694,6,1.7101612786979365,0.8445367682142166,318.19136244461447,50.148005989404886,4.873062772745444,0.566691383525661,71.54940049055881
4.607211544655565,2.7881967671482,6,1.4810630041493495,0.6539079697773095,249.42350876265107,49.2341623501648,3.073225670569753,0.6163711021028738,71.6843455612263
0.8036963308023749,3.8954081996958156,8,3.342709049619789,0.4767677105204549,494.01725439484875,180.12613386325148,4.586412801939275,0.19015386541030477,0.0
2.870837710290071,4.5504404458164736,3,0.9030782903924964,0.8889718433007959,265.4699412272737,28.52092629662112,2.594463787367249,0.7426824603976965,100.0
3.5967259698331104,3.832725674381051,6,1.2793708242534358,0.8012492116316199,292.44094355049543,34.05116178370574,2.3659987842518966,0.766602983349283,99.4818118477787
2.995565306770121,3.8389272342081187,6,1.4784805926050797,0.6676812535826391,319.923678268893,35.92784977705105,3.539525877011024,0.643880410791297,89.49858429565401
3.6794185022542334,4.906186498713481,3,0.9263225408630893,0.8887230770593593,248.9725618167002,21.094865481973216,2.7795039544066373,0.816479313338057,100.0
4.648868212989031,4.702365659024792,6,2.917012190682081,0.5244521117377302,342.64031821422543,76.55850773407738,2.411099867250173,0.5620611182726357,63.07932886126012
3.1409872315928182,4.884666288558281,2,1.0434534204979227,0.8065555490148861,269.547972503339,0.0899123006233597,6.159424693854726,0.9989925250653328,96.680386083294
4.297469743516111,5.748841864574479,4,0.52637687254489,0.7960599855956211,196.03132774643092,35.66078769302889,6.932410758534114,0.5358656390237584,75.907049594024
2.081069114348365,5.620685276791908,8,2.8395965341014087,0.6619993433081143,383.2323941753884,64.15052377847648,3.0723167988585,0.4968884864905188,47.94908056136925
3.3649148270890343,4.139707739919234,4,1.0815525924963194,0.8224170894977464,271.6099889984467,4.366184548154189,4.024165662657255,0.9545861502434967,100.0
5.205969208173664,2.5378380136708003,7,2.774148395933781,0.6375777831137595,314.74486911657397,80.900229582432,4.552895272775918,0.3821029061284443,43.708171003905235
2.4277995058712527,3.5641165236822356,5,0.6294397546940933,0.7682100395672871,214.60016609700332,33.06615652344975,6.435600593058555,0.6167855527986501,70.47906673904396
3.014418684781869,5.010013948538092,1,0.8148584325128102,0.698079063315473,167.4110145047323,27.140813902322446,5.175920755729557,0.6124568973038604,90.11904288659137
2.5858573701579406,3.7375473746505916,3,1.2722248993868914,0.826047269241648,325.04320975565804,66.33253416433826,6.706213360027642,0.5167736259865278,94.06536690582554
3.8033741723036605,5.504200418750455,6,0.7581427699256776,0.6863457058825074,249.72224309272534,50.63244999460937,3.035862753454785,0.5727422442275476,84.85212928560013
3.2648999174906,4.05887090642719,4,0.6678600864538508,0.882107295419447,210.61619469731863,19.32842543349369,6.235995143798455,0.7910245249787035,100.0
3.7295278104506813,3.6354700852026913,2,0.8798670204498644,0.8315445948286698,228.7814321996052,17.964651690598092,2.6310512113720934,0.8429702040442187,96.91593863954839
5.30888718488407,5.432318781421966,6,2.5789665168048628,0.6583039508329903,385.21543205493305,63.00433106800616,7.841386922570475,0.5638286878089462,45.526034219019216
2.1744345625541035,5.071971381800161,6,0.8583232395921676,0.666537550000026,311.27069543806414,36.78782914920781,7.64522503183435,0.7495516495427894,78.02096081337942
2.5167801501064857,3.700786121940184,2,0.9111503670190401,0.7409558716321611,264.0032930428301,40.99790284199667,7.559255576416971,0.6075886749731381,86.28265043519008
5.738926146497675,2.9096807512208582,9,2.991786331010554,0.40606290106304294,500.2798345863902,203.46783385176983,7.940874215312782,0.055137508090151416,0.0
4.79467124628955,4.642244987916079,6,1.189506689110784,0.7914941169784758,327.44889933946797,38.73440780498613,3.789876428411059,0.790976442289837,82.74449342653072
2.4566630462584946,2.6198005100491404,1,1.1943671983954063,0.6587854397497758,161.30135937416776,24.30753447980007,2.13845180422234,0.7467177437885689,80.55381396224686
4.406933906618985,3.280730150709155,6,1.8085467178867511,0.8291135676100337,271.4660089869913,57.9519268449415,5.910965609794459,0.5346443183577481,70.22145745486509
3.532927620097694,4.049312904183699,3,0.6928360129661894,0.8933996908342817,236.78222801497256,40.39213801847961,4.502661827353872,0.7048872200130017,95.02664492158269
4.899998075899716,3.131347128242354,3,1.877826569500347,0.7120554552161293,282.45124939583746,58.089758364075394,7.817853088069792,0.5651795766508466,79.99010428569372
5.146990560573193,4.681939080297045,6,2.969701459414252,0.6263521174290299,404.4219839000682,98.8834997550866,7.085739623897293,0.402669744518858,43.81457429166295
4.319452014089239,3.200926045248314,1,1.8158407607984286,0.8009588852508542,276.3613565387845,42.97007413803513,7.202235682786707,0.6530264093534269,84.44532372737507
4.993074631574399,2.2314559428120884,6,1.794357432333458,0.6734499939370242,316.90240016954726,66.15599490239586,5.946455023807522,0.4545438957680653,58.7848141562767
1.7062473086360157,4.1298299779283125,7,2.0006887308244243,0.5017465387262684,421.52710481504556,97.53182348749631,5.123777682988555,0.43720624707810274,39.792568971348985
4.6573958629974594,3.283357768725758,5,1.7565320167069634,0.7692757263982194,264.7904171980689,26.659322643472407,4.009160722668216,0.711717783110928,70.25703297369252
3.4510768809915584,4.491807776978678,2,1.2093876040752223,0.8696119335187223,195.18153573174507,23.60646494336599,6.1063015682600215,0.7394812310160832,100.0
4.836000582092382,2.9375079604244956,6,1.7863889529205035,0.6532373869099329,286.87421069459873,55.19012061557432,6.398063796267033,0.5877802276229911,74.34543321976469
4.369083796830371,3.3678048780780236,1,1.9890772212212806,0.8057079074821228,241.99787995836815,34.661333911898616,7.33194378496022,0.7335326237828934,82.54312378414154
2.680946742374771,2.7174737228362034,3,1.5065711595823625,0.8352509564158204,296.77674543522687,38.36849115245203,3.0668980193645727,0.7178044845080962,92.79358009170961
4.904130067754978,4.383854883757669,5,2.392384292769827,0.6350486425409619,347.88242758438804,107.9754884951468,6.560198602799329,0.3725824973989398,52.968681329593785
3.4936689050050402,3.5148665888761137,3,1.351060538832334,0.8139045324986037,197.51096102399495,18.5517297536899,2.4071940632958526,0.781749404645954,97.86850718631412
3.6730164299871575,5.330533490268238,1,0.5719096714842246,0.6548680240627951,228.76439815224958,44.14288036382845,5.939635066556134,0.510077418975156,93.06933215187665
2.8048951512468125,3.115165836835068,2,0.9822268252443683,0.8936501521036535,191.16526033277162,17.467914655965934,4.19719963409904,0.8058057289819089,96.43375686967856
2.3319114874221083,3.5807890545415297,6,0.3904891384393785,0.734785051009369,291.7249384681011,34.174539119711426,7.15701931404185,0.7065919328293345,82.28091542276407
2.370930600245538,3.27307077902703,6,2.4612695263157285,0.5444178123136652,389.7622733854428,74.33329176258866,2.903772659611041,0.5753471649967712,58.98235841252486
2.5667144777976687,4.310083244601742,2,0.9948472827596355,0.8403591170355615,329.73159178989624,67.89203228619016,4.3090326463701185,0.5339671987994544,91.76046006434163
2.3951476967082175,3.5983071200192147,5,1.7185069986148465,0.7887214384662602,236.88050786470285,23.94702770125435,2.4296685369040594,0.6946944204618022,67.10707254767081
2.127097435607985,4.807077410693488,6,2.248507294341268,0.5701545577785561,386.4500347341268,74.92228052149214,4.674207302380292,0.4443661434629198,51.54190618711714
5.043183152124927,3.254003491323329,7,1.894003305605757,0.5029351546878011,431.6084373396637,99.33817337907016,6.7218548497430115,0.5166409261044881,46.54629474742025
4.78022856114251,2.964273733837252,5,1.8025253381766397,0.5567383905010712,320.3944258550048,47.32251150405071,6.919654030034214,0.5291173713378134,68.38855803680136
2.173682161792056,5.862202900380094,5,2.48195989281209,0.5852990429416269,432.2166261378618,145.0105893502847,2.7523405880465694,0.4219360725268545,46.02419809200238
2.3721241870112304,5.347673829394299,2,0.9066237460992363,0.687841184869541,324.72728600862206,37.23360065826131,3.4373570269840847,0.7528910572109314,80.92709891507084
6.292133964544143,6.90686927210416,10,3.5850197914796498,0.4395647339608214,575.245877212462,247.69369698608944,3.9471770072583885,0.13326723730346668,0.0
3.69325184720931,3.4822834207905418,3,1.041089359346127,0.8401053088481344,236.97304203936662,17.930182537767102,7.244939288920224,0.8737808856451587,100.0
2.241653606010172,2.954859916026261,6,1.2443180680043293,0.7417808069920845,169.9261702460144,24.814355681724034,2.1982364774797274,0.6728806967337879,79.08309958619671
1.5776379275250478,3.6903260161317393,6,2.144165345535349,0.6944741431288008,425.2354724113721,78.51426607362608,4.167788858730317,0.5515032706099806,51.30967898097964
4.2314406883340006,3.1575134938289757,3,0.641959216304197,0.8432078329689687,331.0755532910358,45.99832627406934,5.245114175569641,0.5684787881198916,82.13797686345653
2.2407921058515314,4.305430203082512,3,0.5495794987666509,0.7824265146676612,155.01778384614985,24.35876302565479,5.804703555734021,0.6509918210467964,76.12212999843813
2.1428892491048437,3.320031704975754,2,0.40653524402765867,0.7741194026863957,316.70988275162205,50.57514728712584,2.6658597386541585,0.7098497861501741,83.97282072127784
5.505932812646309,4.3565313827411565,8,3.3010778292313834,0.4768098923784303,591.917830674351,115.41068905074098,7.664162111899471,0.39919873661820005,0.0
2.6942126495241605,3.2913291086362806,2,1.1083579250463291,0.891530893680247,256.93404428189797,22.30524532601934,5.884711714524485,0.8520413477903934,98.657959864146
5.85913761216303,3.2137499153398625,9,3.9034256493236668,0.420378958013961,524.1380040581666,168.74604500223546,7.245865383827212,0.0243817860602257,0.0
3.4249390194283538,3.1090998228445157,2,0.9009905644121097,0.8331979916812778,269.51543844191536,26.50128544199152,6.490567765498032,0.7607734587272351,100.0
4.293472882518604,2.890911173003163,4,1.51795750322069,0.7840877674785698,191.29558503784233,20.288071819981912,7.313860577199188,0.678330273576536,73.28490616580945
2.069184651258108,5.743593792982797,6,0.7864159838695205,0.6979420740008248,273.8187433776061,69.93086717631,2.4883098511906425,0.5018173072072312,70.64208113575101
5.671730064278613,6.324736006742255,10,3.6872431205827203,0.41922014594438545,544.3323761712212,164.6643086423796,4.46644963099581,0.08539959286919015,0.0
1.0622783654821122,5.708883325177323,8,3.316105924443723,0.4117733113655916,598.1291992563486,210.83217443725502,4.291337921412051,0.1666214275324315,0.0
2.9401225816335286,4.752549287756319,3,1.1645192457841407,0.8331008541776843,225.37635443864806,21.90744219043225,3.6734257629027445,0.806711093635396,100.0
1.4707544093127682,4.219848161041406,9,3.3420177615533033,0.46670625855451536,433.4686841860574,175.23567466562386,2.2061144352295963,0.1856575557852841,0.0
3.53215804077559,5.824958875856928,1,1.8806691130734534,0.7410243605026479,170.92783076666035,38.75298670442026,5.497776887781624,0.6023027483646698,81.66211514424144
2.5007769298933757,4.6741550305443065,1,1.7402333054066306,0.7670577198120264,291.0328955202658,52.02864124804897,5.251670651896324,0.5714231594368064,87.50386999399866
1.0772374905507975,2.47250380807464,10,2.6879812472959355,0.35034171884595305,491.39818856547305,164.69732383188892,4.0059379457462425,0.35940461124004663,1.133023636230459
1.950199335958846,5.820862772898664,8,2.0835586661867485,0.6524812983158167,411.02619294513823,72.88060611819536,5.248498432862584,0.58883889303025,41.40624385601427
3.7179081653220405,3.399452899437368,3,1.432232174936674,0.8092143370467685,232.88050259116665,22.995524418444862,2.6697952771594498,0.7922977465627973,97.36261374243736
2.9338261707024853,3.948997390813719,2,0.9651563802251354,0.8242430590933578,197.6854494254962,12.423031362685633,3.8489946717789665,0.8564908081743227,100.0
2.12034589373716,2.862257720985199,5,2.6207076276111,0.5982273212706359,319.15083754873916,70.86178157367287,2.8411555124240513,0.4451349048789283,58.00145498006547
4.647002281808078,5.687807674963647,1,0.5516316313639917,0.7326300311863736,238.8594353141778,29.171410942639504,5.885040422565403,0.7094263606405433,89.54532356265553
3.970249646184534,3.718176199097658,3,0.6139329882661995,0.848146470642257,267.1134463323806,18.588229489148627,4.058937617235666,0.8679459397348236,96.15914226061432
3.4990464733221103,3.234208801524435,2,0.7616382917163415,0.8763985970067744,276.29702055433773,32.46259273351441,5.904088004651973,0.7717530996082433,100.0
2.860483516113013,5.037251763823553,5,0.9082580491877427,0.8131439805667647,202.8870386521253,36.62659401428588,2.85873835442709,0.6938687366997405,88.41535282814243
3.4074928410331973,3.016388340601789,3,1.4678960830210501,0.8667048511063102,220.2753658242065,4.095219199408179,5.010911719270098,0.9573768045120837,96.14790279481582
2.4496252730453763,4.700563140101274,5,2.178010633614997,0.5033513282170291,309.1534491438347,49.99856279713855,3.3631214819832347,0.5911433661531907,64.69482711350385
2.3237982054857103,5.394457119758007,5,1.8035460121892792,0.7341782763469235,313.53819725042473,47.16937821679617,7.391890987841843,0.7481831863936897,77.11221050819307
0.9963597160058371,4.668296255767384,9,3.033744942039942,0.40378585868305616,599.0718074052414,167.31531199322183,7.73145079711555,0.20823229799358844,0.0
3.1089313587706906,5.258056287220724,6,1.5807028543082335,0.7840369835224277,296.7210699310703,22.207910324686498,3.301654987725401,0.7795912272772481,82.76549058801734
3.1170168621914818,4.8181905145730095,4,1.1720256379246234,0.7294341853680625,222.4322881993053,28.96251065182616,5.076787309721937,0.65305166705179,88.55787188589758
5.089979929872948,6.058800156794875,7,2.9915679880241557,0.5938442963776878,412.14441246895603,118.57605130224015,2.5899868798761463,0.43440400302631993,33.41768439792837
1.6228356563668296,5.617513981514378,6,2.9281542971727226,0.672206926876364,421.04544876978633,79.3588184821323,7.6870132129081,0.47528668995624734,47.91457244013217
3.374254193105622,2.9592987979902654,1,1.6202800388935277,0.7847009781133477,191.3287263239393,50.7294299759522,6.755450643412912,0.5319446387576355,84.69551936953005
5.076139269631373,2.21874388551077,7,2.309441350892966,0.534209506138007,339.467396728857,79.41417497801815,4.99571539701744,0.47345993190910185,37.53467152939143
4.179487218170992,5.496857794353815,6,0.8496583712024991,0.6626078485183671,184.67329698657255,44.7723639090153,6.68330133807113,0.5356978354269566,79.37743144872833
3.808214678554988,3.672116788662297,3,0.5526946627148501,0.8800808617609157,202.7932521407629,2.6289320036378108,4.980959270645495,0.9694241503035357,95.57569612975657
2.5132737811895742,5.802862102570275,4,1.8356405927256458,0.6939974876142428,255.12216606695165,41.0721939923509,4.86713433089499,0.6376308620708914,86.29539470921075
4.327015780904848,2.6643490927526603,6,0.8559447615033255,0.6535861167977637,194.23494057621068,18.430348853767995,5.149181546668976,0.7468256434563415,75.58880964006016
0.8370044565797932,2.3227806586735786,10,3.17671664237852,0.3696792687443802,566.0332837256143,170.36944397724707,3.079561603228621,0.2727457675030133,3.111220339668248
3.8194348355991687,3.858128371449869,3,0.8311630383634133,0.8243964960684504,231.22524355370473,0.22865632766499425,3.757839795794053,0.9981192390214682,100.0
4.994041094030919,2.230728312228766,6,1.5454647006676674,0.5436933290472922,417.3777720702708,71.25336645522769,7.9833299013479255,0.5036436548638678,52.76035261229971
2.791679152621042,3.7680722413372965,4,1.431599239898205,0.8430679498628375,227.52224902529534,0.5123838857138754,2.2833255816183833,0.996090498300592,100.0
1.0427963576280772,4.779344187908523,9,3.7272568343339683,0.4602993602122695,559.3756053297485,177.90227930507544,4.960862018473679,0.3511815485099466,1.1929708520009041
5.30316836142188,4.463421774590903,5,2.3083195385194992,0.5776519296880561,391.41200443464373,75.23586223674677,5.999023065113812,0.4947352185994573,44.622046817371675
6.322110269955867,6.250939619235784,9,3.5197707811851564,0.40837500853890035,537.8786484338408,237.4961607053991,6.871460848162615,0.14273621665639805,0.0
2.609500460689559,3.544526503752171,5,1.2797502320731597,0.7910884611065649,336.3754714506573,76.67016375939306,3.115399896178086,0.596995927396114,86.43408278466309
3.54157255868563,5.661580925294987,3,1.8568309634889935,0.7305141288213848,230.96762964561276,30.66728565574642,7.796814684486136,0.6969590253435949,84.18419122497008
3.460044482709261,3.1579416229615584,5,0.6580016071459238,0.6881617495087874,190.90101407983738,39.482525861119626,6.072173398066233,0.5589809093022411,80.11650912396345
2.983012160914621,4.175938120041879,2,1.2610487731148217,0.800497796069348,223.13145781529684,21.76026184914556,5.924949577342618,0.7581619460343982,96.02159189464285
5.377854977885732,3.9214966060807885,5,2.782642343092813,0.696553402470412,302.8889891444999,45.39545951782829,3.5405907832003773,0.5119502779436906,53.36461434323257
4.690482458706276,2.26693901410815,7,2.465799903633279,0.5291522108573523,392.50734113947766,92.76562308793065,7.187828882952452,0.5724372199058992,47.44240008195091
4.362488584391814,5.309803222891738,1,1.4601328739029218,0.6904919535435515,313.79909709219373,61.72956017337839,2.8355743407413114,0.6191388816239202,78.39531387227086
5.5804884180816705,6.426112939551571,10,2.678793342796842,0.3925999320420725,524.7433663576444,167.1715733846612,5.244120387231472,0.2914516620211266,0.0
3.050381875770055,3.0765008416868,2,1.472969981415814,0.8091343825139455,241.60920943196246,12.279338963057036,2.7246888482054734,0.8841359512647283,100.0
2.5986699708500174,3.3794821445525725,3,0.6200979418853895,0.8159607658899181,237.79469729756906,14.374648971165765,2.5634699348176717,0.806206308817849,98.1892265267314
4.623984263604036,3.833333791629492,1,0.44462845523139227,0.7406020035426524,152.1343828086384,29.996310552822834,2.6360559944743613,0.6122882832388005,81.90134146994816
6.323168981881647,5.065752966117759,10,3.775513565146449,0.41168534577552607,517.2241752914299,194.53834943411795,2.862778216347124,0.09978664846936391,0.0
3.996598952149159,4.032905304749706,2,1.3370627905775616,0.8685145960001046,258.3143117111171,22.788336519020255,7.469138584622593,0.779333159499258,100.0
2.9676535270610302,3.4233426975551127,5,0.7751696473629001,0.8208036932210955,305.46684420114474,39.30554773090863,5.583785969874361,0.6266865506353018,88.88824344477244
3.460306672855276,4.998098437323145,4,1.1955396652023698,0.8531966477742554,213.72127510485737,14.354512736200704,5.3610528963241375,0.8841067740032601,95.52235217548099
3.7830876150394896,3.6331664442807754,2,1.4774023861417578,0.8961204346413051,231.83381039608122,21.41519749695635,7.580904271377844,0.7896577208352592,96.17692437260051
5.418550451884558,4.568065628068256,7,2.5994976849629063,0.6146989591228587,329.4265733072604,119.18342898877562,2.35728737341903,0.36202586246429114,44.91050124945954
3.102753522122158,4.55004693162107,3,1.3346901036880676,0.8572598264760849,196.1411066508078,19.839606937753146,4.091417920386965,0.8219743360709199,100.0
2.0815081596133695,4.304715837943307,6,1.516885189107772,0.6837912780284777,374.9570281103126,100.45906233567908,6.916897459222029,0.5162398013210914,62.09738134743411
2.7762028927196942,3.587636335261341,4,1.0023929056213823,0.830088117121252,232.21709670213576,22.93031651587026,7.193426607127034,0.8270782312455383,99.69368179275595
3.7123468970914866,3.6748599838988047,4,1.0707416956197608,0.8147522224908429,181.29053829903503,11.751668277831195,6.641969291837297,0.8141385658831097,100.0
2.49513397625185,4.464776101938685,6,2.749163818109795,0.5037438725056421,305.20564321705166,55.3341808825811,6.137208465740866,0.5934474669933291,59.53003389190417
5.873754614217546,5.05471464702455,8,3.134812758504054,0.4505544135132454,429.8613216816271,122.5350773855183,6.349594485736818,0.1845825452843992,3.6180310836405982
2.5547122380170633,3.1773927885065425,3,0.49600507839152347,0.838018659117321,312.14965920078146,40.66696703912201,4.7737656072658785,0.5917099846756951,96.42867828710553
5.688228967566211,2.223385814171925,9,2.689906164469978,0.47070217561843575,455.3801743254507,134.80625755468313,4.455558401061046,0.1413095157127676,4.127394111644898
6.267486456117837,6.388505834774095,9,2.7396268684621394,0.40292812527541344,596.0140926996454,178.6022162552879,4.449677812674599,0.31199276959597544,0.0
2.820399419094864,4.269237414330821,6,1.7517002807049271,0.8070957208969175,290.74562095212116,25.216113680689336,5.498570634734758,0.7894881096412218,87.59135756346727
2.51551253920042,3.75041041224348,3,1.2349447020794306,0.8640640043804688,232.30769455196778,28.308257985588583,4.472354605407519,0.7058274066824887,100.0
4.483140538764808,3.05691271188212,1,1.2340760543375744,0.7341843142314425,339.55224106235613,43.78578218859237,7.193690065782295,0.7437609475691069,88.79136509005967
3.3464912231816037,3.4278317394622917,2,0.3520179630117587,0.7573555646172527,294.0322419298278,48.637725843752975,3.7857803159102783,0.5050909081019775,91.33184852737004
4.843539140487931,5.201934384529951,8,2.494970721497732,0.6187516484577774,364.67300702073874,99.53088464179334,4.126590164332185,0.4708467335320809,47.70981438402562
6.241023159005837,5.5044688595408475,9,3.202263149871534,0.4370007533347637,572.964046295411,209.4885703597431,6.667383471362006,0.20292788973231055,0.3672883350511036
0.8686315189649999,4.240793531623722,8,2.722738025359895,0.47568388091400443,462.903607297521,143.77786807939182,2.598701799232842,0.33175709030192224,12.920044344939416
4.175546807260042,5.805048523707389,2,0.9919329872506079,0.7155396513341657,156.98720062252863,25.55995369535458,6.761274993828506,0.6504506265678479,79.65757115023638
1.2838718581429829,3.266762227020095,10,3.499749125992169,0.4309600116817857,421.30389335008965,109.07529300242159,3.8812788291997142,0.24298150231734594,0.0
3.642477710078867,3.233870292107842,2,1.3588364710823482,0.7440584708330087,325.86614792698214,39.496505663863644,5.743453257547453,0.7414887391526556,93.96453022640128
2.1980937292320184,3.1774332625600374,3,0.9690849872796259,0.6627295936779761,248.6392523644582,27.44437302998377,7.177722272604872,0.6750127299505462,79.63873455910124
5.431612369507275,2.98157062397831,8,2.0888298317902865,0.6430299032586235,341.68787060889514,59.80863981680969,7.611203825566285,0.4933746857449806,38.03879037466517
3.4553721216922098,4.96901503187299,4,0.81860655953521,0.8010422320103454,221.57225931188512,7.2500294011531015,7.860283517507847,0.9016681247198305,100.0
3.0887789776533054,3.3168974202672197,4,0.9281284760883701,0.6752243254148943,227.01919183971532,42.65431143924667,3.5337082292051685,0.6044548374611338,87.18521468912131
4.556451422613017,4.116835280261553,4,1.8027724840566417,0.823821414821361,167.41940489392766,19.275107016488747,2.4433553848581786,0.7158878857538304,83.59550286296447
4.676978252063587,5.375687818848833,5,0.7599293582437522,0.7808144304061112,282.76564086186124,31.274760292881503,2.0462020898792472,0.7249343478439768,82.25370429243257
4.59779013988998,5.627755154698545,3,0.5295695098522938,0.6991938013417242,293.85826543680673,50.66748356415707,5.416981993836984,0.5460507424478791,80.69188958685758
4.626274937766171,5.4561310959437614,7,1.6581389305708958,0.6489495317131804,403.109808315975,94.30576064328615,5.249055503613624,0.4716977599658154,46.60603214370165
3.597608195311957,4.417487840176715,2,0.84460142024266,0.8918234196149406,180.78339944581296,4.5706401144726305,2.736334233814774,0.9442786734236629,98.47381065898611
5.47576983299974,2.566456486678528,5,2.0881709250956155,0.577966466506053,409.4096048229663,105.86048121949445,5.179801480839971,0.47712461232701203,36.168992320679266
4.5634638808091,5.821026778641931,7,2.87089389877446,0.6271328988628099,439.2897528906855,135.30592086297412,4.2065479302196795,0.35608566542399767,47.57283268391606
3.3087891794585023,3.698808868023447,3,0.8156734807446397,0.7857384451318808,337.3175051359427,36.80448673824266,7.932599449114628,0.7788726440647379,98.42464504562784
2.3210537160379854,5.459493164688287,8,2.0568105416824882,0.5837958192665267,449.6994100450735,74.62291039489683,6.976842910751352,0.5030015757834377,45.41475468029894
5.190710457767833,2.070829510638141,7,2.4029945664394057,0.5612832586006158,396.34443407987754,78.07838664375873,6.397977545096933,0.5975419172656605,35.20122925030306
1.9633669207333941,5.058706964324814,6,2.1943158792501514,0.5336235403580532,363.93963976828724,54.15621083414365,7.1913966566690295,0.595117310792767,41.46952414820255
5.982298917955742,6.8338574089141275,9,3.6339611916172285,0.3992476069214624,403.89843615857865,159.35288583785805,5.822168597099654,0.11730495101336494,0.0
1.01042200809092,4.783212965259298,8,3.515463747277469,0.46046521705139326,458.28386628366314,197.85232281853888,2.471695185734019,0.17374800535332866,0.0
2.9683243090163,4.748604991306905,4,1.361032065269574,0.810069383309122,251.19019031913408,18.519570038471674,3.489908791629061,0.8393444073401107,97.70109263171632
3.8233653474434792,3.260628083158381,3,0.7875943453889807,0.8043997704161603,205.41441522243983,2.853589502512427,3.7539810161168896,0.973490372792874,97.10687890890702
3.498812594251401,2.9913800485306283,4,1.6634085846701074,0.7616141636091617,274.5334676329268,35.67563097413865,7.969886071940129,0.6587876493511112,88.5916650171624
2.826686961216375,3.84657071599932,1,1.4162659086652354,0.8015024921425978,255.59514692278827,35.1603847042335,6.968621064289895,0.7545955934931078,100.0
3.491877592945759,4.2449075542732375,2,0.9104235208496866,0.873963865945737,275.5768510154993,12.458196352651207,4.378557452220704,0.8755142069617685,100.0
3.525887348433777,4.934697223934698,4,0.7712186465090702,0.8647909501979149,205.27064940990056,19.95054703445459,6.014012944364745,0.798043862169089,99.39469371774419
4.772288809099052,2.799937920074041,7,2.3037208497352384,0.6694120675287906,406.0236356643132,91.6430665041551,7.659853102071942,0.4334432692830939,53.84815820001862
2.3263566264956914,3.7966155880838683,7,2.108321786367262,0.6013202526870838,302.7937183917155,54.430175502056024,7.459059665234333,0.579403694300325,59.11255496153387
3.464156366888595,3.779700188911304,3,0.6240538023484203,0.8945435516133425,227.03055557609255,2.2723685149975115,6.5241147766234855,0.9806784886509147,96.09087042966773
4.665090197791941,4.636802256274766,7,1.5338865047728503,0.6673416468640406,312.3790881503215,77.46391446507731,6.402456170039325,0.3877935810821476,60.21933462268147
5.458233805611693,2.541073053025792,7,2.6477870040583813,0.6846820388099977,322.52773544868563,59.74208243860582,2.002164871212699,0.5262177291857241,50.52338051560823
1.4542400462685379,2.9576813671835325,8,3.837550543229001,0.3729258827428303,410.67916078582965,189.1687627693077,6.967454455168429,0.2274280773739776,0.0
6.383773316244213,3.6058353790418,9,3.2526210773034956,0.41545037126519807,589.4908612519026,160.0729552607123,2.215174399034363,0.2803971122511974,0.0
4.90808679225429,2.9537143758964186,7,1.8577448442092424,0.5164010709900733,390.03874218624964,85.16483758223163,6.370691112499237,0.3164529479339221,46.88705465058663
3.2042807861435727,4.500134442356576,2,1.7325315236369017,0.6695656899201214,307.5892152273739,68.41353804906835,5.87116479975108,0.5596733494595538,85.6827865075463
2.2011344307448475,4.673910628526892,3,1.1882483153012835,0.6648212808132569,253.55284043447054,40.70847064029896,7.288290388048599,0.634442433244321,84.82664363665157
3.761767402436434,3.089336350301034,4,1.3334806140720559,0.8073276636066722,272.5135965218423,1.4245352491181198,5.804217734667258,0.985295219374686,98.00389721924066
2.1657328452055946,5.1058007618034855,5,0.3348814741086624,0.6773645171377669,242.58322623400244,26.390184391999085,7.037285285683372,0.6612194892013263,70.55350663688502
4.706868931686741,4.33261888895691,6,2.9423573659078377,0.5369153877118416,388.6268345297732,101.70148491146969,4.8566884748388315,0.35069244255294413,49.634545798263595
3.7070049180089932,4.7634209173219775,4,0.7815599815450822,0.8442632329560089,250.90707333610996,12.163536986572936,3.9129250752976326,0.9096409799898858,100.0
4.598231924285693,2.753162500937913,4,1.5297053133306695,0.6836589252359961,238.94517855384674,21.121031140436006,4.566328872537021,0.7600774731019653,77.55216979525339
4.9866680877656435,5.50381496480977,2,0.6233749577135979,0.7480693087255431,332.58361743952804,95.62595519054987,3.4969325214807188,0.5055481815844013,80.7503160726828
3.448071003955152,3.9258635207558825,4,1.1671026202368988,0.8676598099929428,255.0688145084548,32.83017621437376,2.083872084475705,0.7219274697304394,95.2338547070452
2.5085954016881336,4.868871979783299,2,1.6264113276375318,0.8001742924646023,348.0122030898063,39.73872452726954,3.500450099615252,0.6910676732824,93.7508403075187
1.3611697617012262,1.8798505820517541,10,3.9424255332356033,0.3812350959144243,574.1895507276053,178.04917476672279,7.108782429336399,0.2837196448279479,2.4229104249907762
0.8543031118207713,2.2906320766695654,8,3.948948321086209,0.3606603343035398,584.6865701609385,286.4502681184433,2.4909818648134467,0.055705118958059345,0.0
3.0970843386686475,4.561008402700978,3,0.8103152445187004,0.8058087600259549,254.20522095036569,19.003135422283773,3.1196022746793908,0.7526303874442715,99.9175190060695
3.3903406583515223,3.1134587103280937,4,0.503540466749996,0.8571573032435653,197.20889543213596,3.9237915763182944,6.003954445165853,0.9451590244927074,97.52751079426217
3.3835811040073294,4.78258267756761,4,1.0773032019098676,0.8459257825999931,261.1884990966183,28.065221377802107,6.0077197170702386,0.7750556998572068,99.1620368593914
3.690401706495261,3.276004425488456,3,1.0212231820429314,0.887393017715313,263.4042951006754,11.994857678737047,4.306651634942142,0.8648887323602304,99.129467461791
3.366403380782803,4.438379873326166,2,1.0711171464082536,0.8397977662247033,233.42427391225323,22.965415985754994,2.4312010802720527,0.8094748720125762,97.83418570107366
6.006167791863565,4.404299910125657,9,3.9492554248604907,0.4647579279827913,502.4536064887896,182.89788303289166,4.174509630654996,0.3294696553764449,0.0
2.6420670539394533,3.642671943892685,3,1.3308183643797213,0.8693408530577097,266.58875619522837,26.005372078012762,4.812421741149753,0.7587879607776313,98.25848614360581
4.060050062130602,5.560962129305367,4,1.009377301006816,0.7363866607669145,229.03988262737076,25.02444629411415,2.3423373131157437,0.7914099565671668,89.62276126437024
2.7307413583926534,3.194921397066724,4,0.5313762626576011,0.8516911143772329,263.97113442414826,14.533090095860885,6.966501071295152,0.8571357074080654,100.0
2.565156046806194,4.625716925432183,3,1.0546643424108004,0.8432385703374295,236.49800910258773,9.770459150766374,3.4584384684180822,0.9239523889593735,97.9306929874886
4.241155969059764,5.765514357304492,3,0.7736841454885364,0.8335380767957603,291.4084548313121,45.36566228939096,7.977736942439021,0.7342704068820319,91.9840630008886
1.1195324021899875,4.530330680989292,8,2.6122016596060056,0.5406141559117313,594.202987622221,258.9230907587547,7.0218721035565625,0.22857237185793577,8.23287289686612
2.7973881880481306,4.80836218028238,3,1.7680743038520121,0.7506876148598035,290.8766421435421,73.6958154507331,5.650511483648917,0.5328416706093987,85.32944886318012
5.434951582758912,4.297272393347871,6,2.318280942842576,0.655754394234955,366.4193341839049,49.175539039246765,5.006897795710667,0.5746472557943054,45.474406848950714
3.504432297979955,4.253563614285132,3,0.9604428306624626,0.7828936192048636,256.9021842476007,39.391325499895714,3.740354844670139,0.6709360303265364,88.90495799247707
3.846706379276276,4.699015581158904,2,0.8259264676969236,0.7156577897271984,226.75594829763435,36.01823565309479,2.5824067502291874,0.50588257215834,94.84052778373012
1.892962161624357,6.464800837443194,5,2.3488041893108234,0.5612956237005899,439.68985272157386,56.71063039307357,5.036570200452051,0.588862783958677,39.69320206148537
2.548672134275119,2.6974139475524646,5,1.8689674625271764,0.662328155113289,161.4245157027111,41.93458777646576,5.781276230431746,0.5543751825494833,82.2171058390155
1.5435834604110341,4.618455313545456,8,2.4123853453380626,0.6339661273052372,339.85239185092723,110.11053056534297,7.066278484524956,0.3350432191238545,43.24690660854357
2.974220441955744,3.5105172022922213,2,1.1236031044595718,0.8084786540533723,234.80707107261154,6.630162772618752,3.035258447534213,0.9212974957790088,98.13754524392283
4.5886768574370596,6.228776976838652,7,1.8955304097922672,0.6868521979974472,344.33637636056125,54.88568606845323,7.4769947973048865,0.4973999417130811,54.46345649114896
5.471843344784064,3.8222212367729864,6,1.8589015411953973,0.548830890276359,361.03407659367286,115.53145495634107,5.938720232582978,0.46382927242607463,46.834200089672954
3.6606692919897315,4.80075386410723,3,1.1533514417535597,0.8676607505708639,192.2974419837674,12.797283420194834,2.889675472567151,0.8297837008710142,100.0
2.880030561077134,5.870813235049206,3,1.3056474466764845,0.6977865218435633,324.1472491768989,34.873622303225225,4.189539884272326,0.7755192653157104,90.72708820305719
4.519333867145177,2.8025432501282097,5,1.975849819075158,0.8255665983155283,237.3063495395804,22.718481165377984,6.298768539248304,0.793558531429103,75.10811567360315
1.6345470508282651,6.162228731805248,8,1.5558006407486957,0.5962505269016578,387.70005034936116,79.58297749711782,2.5445987199513,0.3502012759546117,30.888366353056547
5.543465780217982,4.961225384209646,9,2.6868181091817216,0.3930220067298495,404.9194581094148,122.87038153505131,3.334124862042625,0.32639651979690243,2.820606119383091
2.399980945705713,5.124916487944749,5,2.525970549005752,0.6646542231906629,422.922963443759,134.77526985839248,6.496039124113555,0.4263870328753859,57.65372807056062
2.7087668455076095,3.8224096376046965,1,0.610505001606961,0.8209093253987472,255.6605296415627,57.283584855841,5.579905247324,0.621157243208029,97.40783011025619
1.3108349289036891,5.622322303401175,9,2.913944352837638,0.46027479089523526,593.5401766090962,204.72731637707818,7.6571215290141454,0.3380809760590619,0.4213723692796001
2.3434895359698467,4.859566921229515,3,0.6159928940999165,0.7182249215499618,306.83304455977066,43.149651484604924,3.616120973827027,0.6660510346362004,78.71271301775484
2.8250941521261734,3.546602744488348,3,1.9813830653468563,0.7094396227504386,316.27138442936325,55.43623033963543,5.549260109115282,0.7053379461363379,94.26779240793499
3.7050149511687716,4.156428427008715,2,1.349458457999237,0.8799285632859111,206.28996216902553,14.826637945582585,5.312573441137657,0.792729496098811,99.1808070642178
4.767135771561707,5.831222199671167,8,2.0590955062295144,0.6683366131854908,427.43505099707863,90.92273695928597,5.462432174314179,0.5291625030391749,50.12751189625826
2.4057293188753177,5.4296777714064035,4,1.0027487179933894,0.8356949913711658,202.21497719622243,41.653114831439076,5.564039176724019,0.6487768090466289,86.93977354798298
1.4162113091027217,6.6675499798077675,10,3.3585051350365056,0.3575445870331103,492.01215856276576,219.5036163330614,6.619029350853539,0.10738351914275275,0.0
3.498855923550715,4.530204245133583,3,0.7981863291427181,0.7135663658909415,168.6003304945992,23.763185620520442,2.101130299315999,0.7429924677115318,92.00751027837765
5.336603648665355,3.4935541144089206,7,2.060578938343314,0.6065236300537903,398.33210350599376,111.33396348619112,7.718793572959524,0.42794772984473983,36.01743838089807
1.3062981556863253,4.020360593734947,10,3.1115994749878526,0.5207270227100553,543.0471302147644,198.28112854465527,2.3319371077205293,0.18457701216137187,0.0
5.462496010681009,2.088520416342733,5,2.3172094995921304,0.6005257358412924,332.10997817485656,64.96858770687349,6.8112200159936185,0.5167677025918583,46.497086701182305
5.417111851668475,5.954335594375934,5,1.9653892534608133,0.6819382397285624,365.8402282529494,91.66965875168768,4.669623315689343,0.4846519999360111,54.3365144804033
3.4031571545114687,4.312375982117073,5,0.5215542793710924,0.8387530068677769,171.31650216079174,23.850611748112144,2.331079266620348,0.6798476194235068,91.2594813538098
5.5754139291041875,3.5432133683336664,9,2.9581106551986505,0.49316074606042304,587.7101467435898,251.0167269767061,6.4942980496639695,0.28743774551772655,1.5778200818694155
3.2322995520612188,3.3444643287414513,4,1.0448894669146798,0.8110173160328826,208.40377703189196,27.327567268055848,4.126997856989519,0.7362397979590075,100.0
5.40460384337247,3.6182981899580104,5,2.1764191949962863,0.6478102065014607,343.201797805826,89.88262216017839,2.6244784335587674,0.4356487999406397,44.71284698584469
2.821884726542468,4.3585859303191015,2,1.4314117830652004,0.8767820585441136,235.6705549019643,26.17165989174237,7.865358244611089,0.7410369020789341,100.0
1.4269902785929616,5.108084082101317,8,2.58939176023,0.4770268209412247,444.41409177100735,185.8360156355711,4.988931682589995,0.15435436031885824,1.5060410260371482
4.04560293179593,2.552156180178824,6,0.6276929773137366,0.7933089395298365,205.43851043302496,27.54717534839566,4.019643029019804,0.6006240672601555,74.82399668292469
2.8071341812728385,2.5305603354604473,4,1.8802860654312998,0.8181313028409077,209.6956228666511,23.975620274589293,7.0750059405981975,0.6799165763732992,85.9058897731036
3.4204339188239494,4.773079997638358,4,1.2126144782587749,0.7401044049846623,245.5595296860251,44.38434136498392,2.3352682937427613,0.5542980514712497,94.37989987651203
2.4639178317402015,5.010688954555516,7,2.3154836394785914,0.6981805057349706,371.41392109453363,116.01457613074503,3.7990571958807293,0.39778085816818726,51.33886518730461
1.3721614155997301,6.2968719964528574,8,3.8466805184366204,0.5064160348648784,448.2230463093299,180.54182997764758,4.235253017894747,0.28460782653233335,0.43659480322962807
3.623620922038078,3.5791645985710208,2,1.2488378088343415,0.8874597558615143,233.29003055314027,14.599987893892132,6.513983798648047,0.8669112109960447,97.87562036098596
4.7170057557321226,4.0600121109041005,2,0.9703020287174882,0.7541110553042275,272.74546266666175,35.575842452263636,4.6771333953660665,0.7690976867075155,83.32657903795298
4.690582924527833,3.793759086570141,4,0.5001371245111856,0.7302160294246943,287.3283961943416,38.150762483741595,3.3046389405814605,0.6091802388407059,84.48647003042578
1.4597840036322114,5.805010641380474,8,2.9540253144125845,0.3761476544405434,597.5341202314692,145.4637957079317,2.516705233270552,0.23974602540999335,2.3096403189291936
4.229113416294864,3.9509302079036077,4,1.7062505289599645,0.7195628316042995,182.2919297325149,26.40335458421472,7.255000178687769,0.6442460852706587,78.88116084188144
1.682523783078746,3.416482846052138,5,1.629116681683781,0.643908252911054,444.3839617896645,146.855168818516,4.487328330505392,0.34074761663054964,49.49264205031675
2.080249188467087,3.119021195841377,1,1.3597430037293412,0.7411391033356609,331.60992630781055,36.10288506272043,2.968923179606628,0.7444161229742684,85.45975102159858
1.2556479652135213,1.7064636529909012,8,3.902338399383681,0.39635099754431186,504.3188581336969,234.12924730869065,2.5513513857333985,0.018241031600564384,0.0
4.348235540877043,4.536561719662826,4,0.5018540908578062,0.7486303106907212,192.8269231720074,44.73658012517155,5.8308528761356255,0.600772938559455,76.68134997115273
2.909144917697429,4.499974980904385,4,0.7379824768104868,0.8109524800255312,193.44824134884172,23.78785444611558,2.8480468035435704,0.7326493233255326,98.31077808998273
3.4138171719472648,4.486995534319846,2,0.6561493000820432,0.8408434918028501,246.4951681149947,7.109646428575109,2.477477729903512,0.922944558546902,98.99160400083026
5.166233299595424,3.860534353547201,5,2.131657363801694,0.5946345779868912,345.07615606899355,109.1078597527198,6.290288347819597,0.4138178084472248,41.0316466917822
2.215370359114649,4.111644413054465,6,1.863373301992778,0.6870045092768153,435.87653121700333,136.62189186221428,3.0432266516756914,0.36935476692250696,58.23626314561208
6.296414165670185,3.395270297005626,9,2.867512263240907,0.4573633575435532,478.26396781782137,161.0887932637911,3.2167195051272093,0.037285294029283336,0.0
4.726366519440882,5.71980023731306,2,0.7757877011436052,0.6680112143528825,197.26425261915043,21.352703132369317,7.968184078875411,0.6450183233662871,82.54555203044066
4.694857949426827,4.808302303966078,5,0.3124920871633233,0.7137268058029683,291.70971302739474,36.28414158605048,4.155315465547737,0.6343560125687827,70.25561938102572
1.9763163951728029,3.13781822316926,5,2.5885250954090413,0.6074531676493892,397.8309435262168,81.81530588529404,3.1445212336578514,0.5233211128586326,45.64077640624866
4.424499325982842,3.0492010765806534,4,1.9183120248256782,0.8374319783636105,235.70799115658298,22.774573109681167,2.5660698390489216,0.7635646252564555,83.1335146540551
2.200869003761915,5.930946477659218,5,1.8468419978335753,0.55461036668919,411.6559809698971,145.08145793259538,2.9237864439026273,0.3129854216181886,51.67384835183888
2.632703454326535,4.211266466504534,1,0.6823737730051573,0.8020090011435755,190.9890399106416,38.1791271331869,4.499984336196892,0.6471084857125741,94.44721117136974
2.9430568748651944,3.011434661303136,2,0.6076509272472022,0.8369461122749525,247.16268706535158,13.254724548539308,3.429732457474083,0.904630737230743,100.0
4.038963788649907,5.347664551870251,5,0.35373618581526,0.7608558179706963,183.61313822740712,41.28700756049224,4.88546772525285,0.5726087041555835,71.31373291676775
2.318297155817967,3.357874536022288,7,2.061980175150707,0.5307301490374773,354.3425909078465,87.85675033083714,2.5295018117984482,0.49682693329970007,48.70865482624813
4.152220072144468,2.77405489942099,5,1.564662624981699,0.808541864606035,165.3073437973491,18.407251344670023,3.831956284647861,0.7608864300337342,80.68986896320979
2.5163274548264556,3.1860719723830675,3,1.0944408491617499,0.8787449396981849,233.45315411671768,1.733329309976852,5.31909402574953,0.9772719506108621,96.98730630517157
4.161629247388275,2.856025708758451,1,1.6512171353313463,0.7289015350672468,335.6809913557112,51.55322352874517,5.263920535801015,0.6902633018616433,77.47546079367325
6.101675713655446,3.193860389280901,10,3.5622555454062153,0.4934299070905256,571.0667555169113,186.5599375905949,5.146770817878509,0.11299617873072498,0.0
2.6511830633755413,4.3843194303017,3,0.7003369978316888,0.8547287910212249,185.0707539915176,23.723518659709026,7.609410138665951,0.7049323745576757,98.38563959476897
3.657254499286676,4.614418927366161,5,1.9780208776321315,0.6857211564245425,184.15601507768207,19.45412532692494,6.582282532426149,0.7083102635930413,85.29112411101679
2.4259892874065723,5.238059489909169,7,1.661238592119071,0.660273511706298,357.56548947481514,74.67825488945338,7.405880815140362,0.5719452010639474,57.87682497938003
1.7211371113192122,3.6009750215469816,8,2.4660049743064323,0.5729007379077066,435.58312665674305,93.63779959269613,4.29181375892211,0.4585441609381321,34.55532565161738
5.49129507253878,2.980023416483504,8,2.0528852054981352,0.6580402633778587,402.2814984660156,67.02480043241142,3.7787544574126053,0.59619706748184,42.67434591177982
3.024870391869305,3.9373275597015214,4,1.3956997642296924,0.8803186191142277,239.91211810890698,14.81309463414404,5.40889246172636,0.829417321838429,96.87943720527973
2.03257932221371,5.189696656650662,1,1.907040845652869,0.7587687720708364,259.51288127070194,33.15884252481822,4.308887095862168,0.6303276910622277,75.24559175825374
6.45878165017019,4.952780180837805,8,3.391321558071522,0.5281639594624775,592.593599130984,192.95069331401447,7.566449265715159,0.17666902272426974,4.004607869818253
1.4756529354093892,3.9998693114124846,9,2.591954037804665,0.46935055290343997,533.6412144932794,200.21907520543485,4.9964972844749775,0.1289438560839037,0.0
3.0832927995267405,3.6796510666297433,4,0.8833674990011076,0.8472924418697837,275.67664591935966,12.491725070659976,3.1391888533869663,0.8624014125754246,100.0
1.9437633511859183,3.844780766660117,5,1.8611188435308763,0.6842727584102742,396.6146471137804,80.44451296187042,3.3860313535322257,0.3655354740146158,47.35390186744402
5.940351389873429,3.8117064853003426,8,2.953784229365493,0.38790987836880336,428.0817166660946,168.2649690951135,7.871904156904465,0.30558805173695214,12.81731573712542
3.2168075212966754,3.415365772917627,5,1.1546813954365391,0.6763478425011962,306.94290107278425,36.952801673410484,7.988238559627668,0.7974334078937468,86.06210981226525
1.2187696803779617,3.7406007942282278,8,2.7018756256938823,0.4406138203810867,524.7902774155493,246.66285162192028,5.634180050807883,0.07379018873344943,4.728077087654875
3.0133303749947973,4.441486031158091,6,1.693214001261854,0.7615460962039023,167.8224300869854,23.70334655348037,2.79088435553343,0.7185572139855803,84.73137321127736
6.119957357659424,2.094015401560368,10,2.6267644702880464,0.5140997203259583,491.32548250695373,116.76921852530343,3.501171698209572,0.27124490554541175,9.689642472135244
3.762055947123031,5.458268772285632,2,1.7822781554849598,0.7471535811305842,227.25615945207872,46.64940088426055,2.127598986783008,0.6492705533523719,84.6756974169915
3.690652763814298,4.4943711042861025,4,1.3947457394836449,0.8918049676761607,267.7090258178063,16.715074874115338,3.019567231007821,0.8289799647092236,100.0
2.035516312096751,3.922482444856855,3,1.2173115528707947,0.7790759546806283,272.0352566970112,62.89907219600338,3.822088783648239,0.5992638645107492,79.11778097779884
2.2504026796851764,4.562805467115494,8,2.1952236293049645,0.5931544252007264,329.1920458984959,61.09502575552695,5.852048162438192,0.48073329996466,54.77875722523062
3.9868801151839097,4.178716812437127,5,0.9640376730925097,0.7421083526486338,184.4959954958392,22.356188021443277,5.518850236848153,0.6254608994705092,84.9579222992633
2.0779301186927035,3.193813641175209,8,1.5592513102872845,0.5633725812237954,383.50361701033273,118.93432097413795,4.462271051709588,0.3809328500653244,45.22280505285531
1.1862997972561093,4.064722186011564,8,3.5955620610041596,0.5306627622929505,464.1655315531961,193.22726946389784,5.523074810128405,0.28293668371923436,5.80807397199476
1.2066631693020873,1.7797527837210085,8,2.9355912286652037,0.5132421821946087,497.1972153345406,159.19060147072847,3.230649984285641,0.006457238331879234,5.860889833019524
2.9690060053141374,4.186226893573982,6,1.478471537945136,0.653403154432776,259.4007396063578,43.12330013080102,6.997417942098421,0.7122688845640857,92.83075266604845
1.2477395147409958,4.311279214999673,8,2.6890920521364943,0.38348730328208847,514.5926343006619,109.59192927951487,4.610798912028229,0.3851248673770541,2.123085864189144
4.817125016911082,5.498774324914397,5,1.2668226216017002,0.8088003106550223,195.16126767192316,31.504828825412705,3.2609208509687075,0.6753000285964644,78.28396591790718
2.6070006712483837,4.800289006170795,3,0.9346908537979651,0.842576012703015,185.06540350650332,12.08367372623092,6.235943970688976,0.824002821949435,100.0
2.7555419262247076,3.098329841083453,3,1.081213273470241,0.8229392738456572,216.4379135667692,21.025571790853732,3.71161185023902,0.8233403730797022,100.0
3.0474907523116066,3.752580215592705,4,0.5143985852631991,0.6805236618737992,233.74287601214968,18.681287637339057,4.1254415938083655,0.7620284601760612,98.30387736968424
4.312249552012658,3.51099429760122,5,1.8866218366893788,0.7359221389499646,189.86847717062744,12.98747918470111,3.3829784139815766,0.7889065184294922,79.30910088783097
5.132082329071242,5.387913443684128,7,2.5777400481839003,0.6630548619579016,361.4623008948623,72.44773774212558,6.341763358898823,0.45002578520715114,39.19127609887679
2.6505272219861737,4.117270881074468,4,0.46780549671048344,0.655605649681492,314.41377735368746,62.86642779150725,3.343528989483981,0.6600399117432508,93.0467252846256
5.085030528070938,3.2607666712835965,5,2.6434965240840658,0.6402658562407771,398.73780082721123,103.70747382791956,7.8421737480284275,0.5176193007478957,46.05648448086878
2.565546849575764,4.286066793556984,3,1.4008733105023667,0.8398817826486072,269.2040759363952,17.36265471053998,4.771416780203703,0.7893151475048538,97.64272111554897
3.9173651831487217,4.610875930674492,2,1.1794858373397936,0.8219272048701228,186.22835744080245,18.68924437906181,2.495969612393653,0.7188883923559941,99.47961583653465
3.0067165213729052,2.988190633714773,4,1.8377344272382397,0.6507780447059278,227.27329597533938,23.094724936060913,3.6682675785107395,0.6768919034886766,84.731328980136
5.174815917233323,2.609394638647845,8,2.9518306285369666,0.5252783058436749,357.0985405474085,119.8809601120572,6.699381637135864,0.3848748310190187,32.60179226848779
5.046881086839786,5.367139907915065,8,2.2366828311996847,0.68845901438373,387.95133595002346,90.54942399694346,6.572744074116903,0.48144409473819194,40.76546831843865
2.6832860831453003,5.327319464111363,6,0.7195654525612872,0.7683455775630751,336.06025387012517,59.178368047557264,7.546355747867308,0.6037624806568563,86.6929613930043
3.343779372666137,3.3923774513301477,2,0.7804183357625221,0.8286590225661343,275.87690423089435,36.756617702445794,2.0066291176899327,0.7734737136049538,97.26175491162913
2.143867855434247,5.330802745981896,7,2.4867498595451214,0.5954306136217283,382.0337060195189,105.62334525183591,6.544948448709345,0.4129166482289682,41.32141341448649
2.1830555207045395,5.602684986514403,5,2.988623206328388,0.6476988785183051,365.16816558280436,87.48674531727455,6.173496559099443,0.34422986640919745,53.40224463250112
2.803895898892636,4.428689805710066,2,1.2675948470711944,0.8813840497715957,277.3652301170859,10.3827794091867,5.6225001773993,0.9300045686722284,100.0
1.0286967412316284,1.9306198012488056,8,3.2199206443585195,0.5077658883283678,479.8563838973738,253.57080597956025,3.492310724179543,0.0354359125574407,2.4441840631590583
1.604146854644202,4.669566368595251,5,2.17794961352503,0.5025427232760136,440.39720270352,83.69158198304612,6.559763942914858,0.5187451806702441,43.070524600854945
0.9135802940425669,1.6785372123159683,10,3.3969569682071907,0.4146407416487718,451.4866041804551,162.67637955731672,5.74803172710656,0.15221098542402187,0.0
2.6639508041661153,5.654694763396611,3,1.251271679884543,0.8125439803570783,276.1596217555776,30.658334071576608,4.229770092044589,0.6648267317585249,96.45739244556444
3.8391272554753506,4.019356091605333,2,1.1687785323670368,0.8040649904462399,187.16604550928233,2.5559797970307643,7.403080716675587,0.9687039322361243,100.0
5.098300695302372,5.801353594776813,5,2.3516907756070613,0.5540679822287102,392.5857503653981,64.27404086800642,6.62567550537713,0.5132446094686585,41.55138957678127
3.005872091316099,4.941198823597176,5,1.4173956866067758,0.8288093379384825,158.942085384572,25.767494934911007,6.148242309564851,0.6930111703137002,89.08058888854671
6.325064969913011,4.857877676926751,10,2.999503802784203,0.45248429267900636,465.36260508280213,207.9284026955728,2.746559958035622,0.2059824481322966,2.1662074761722505
3.1106379066475496,4.604806013566995,2,0.8825846325380798,0.8345108009658958,204.02090095983655,26.63759640123941,3.5349347746917537,0.7359666487494375,100.0
2.542266535095696,4.036503362158412,2,0.7998886541789113,0.8055085038185825,245.17272987403496,20.59119657497904,2.42761779640808,0.8065578322445426,99.06228989303618
3.109481835614446,3.083746249598369,4,0.5156092812439325,0.8386852913993449,182.39523102072442,15.486704084627688,6.737222523945225,0.7755218220033333,96.57755519952137
1.1292160314245558,5.910503263416946,8,3.4649784902115606,0.5142809757280178,419.5841102966043,167.7087908436287,3.204035410119939,0.32856489859824684,13.673562340500174
2.1600633334890578,5.029710989613824,6,1.5559402733561871,0.6916764517326011,361.70434426934673,124.58519227462851,6.0005177126060465,0.3337867280778624,58.25765654145496
2.07502761768689,5.130085931638793,6,0.6534232583628219,0.6888897797847685,212.08359993065645,36.15732762291828,7.82632842558964,0.5754787019407572,70.89839209831786
4.569537230201851,6.393279191765284,8,2.421056604337574,0.5726648292099501,376.6818681573319,106.04987924674204,3.2311955095321805,0.3158218638637895,35.31115161138223
2.621291386484691,3.3749767897897214,2,0.9910229187460161,0.6882909052929985,286.9914359465401,43.45725220080673,3.5682162948430567,0.5377782556441331,91.16446983128512
3.08060330461299,3.3055097285110806,3,0.45140929015658693,0.70542257944355,224.27132349430866,22.566050732618358,2.06075223789835,0.7727504083275444,99.05789931771443
3.405086724259271,5.198110763813129,5,1.8695693716323667,0.6742824947136462,150.62194570341194,22.141949933663554,7.261097100605099,0.719201727025398,82.79576557939058
2.266897581512753,5.78818818304702,5,2.7204914262132354,0.6217771795563855,400.2603485485646,94.37522669754149,4.236281095844877,0.5915129153582217,54.72487578652084
3.2255498324334804,3.543273203355091,4,0.9349461799284585,0.6744733921034954,189.73630606777766,28.04009592529506,3.010966057562128,0.6651957118650073,93.00961195000528
3.9488153514984856,4.358167568425923,5,1.71382183760175,0.6992028464421239,263.02106730731407,49.12943267852621,7.721868762981811,0.5699714408110418,82.71923832028604
5.365022727029869,2.8552620681782357,7,1.843788600181644,0.5658756410098301,355.31581316899934,92.40549514891772,7.981973387291898,0.39711361403587797,40.97924516710813
2.7042718638730006,4.794268962971263,2,0.6301916406781818,0.804390862490225,191.78170685030733,7.988048004728162,2.23030263404607,0.867114548480173,96.81989239214103
4.623080239884908,5.952077679158822,2,1.0262017229630602,0.7240934889723873,158.7191250113603,26.716455499429152,3.715617384103628,0.7014376598708781,86.51563696258766
2.4820214080462177,3.3707447297964843,5,2.036343370277561,0.5905977156728361,318.7505751916333,118.77725050943695,7.233359819332901,0.3390177301557447,51.64044524087211
4.665823750557327,2.2291989661408724,8,2.721263531755685,0.5899967354478036,420.2196809980729,75.211673979511,7.965573126267001,0.5684496800708647,49.66636450069845
2.3596452343127394,5.535881352125377,5,1.5518152346306788,0.5459747974065843,419.74772325281447,81.08816417988577,3.5254360745646807,0.3720729185727416,53.27171446336062
3.309009254648518,5.173609401004099,4,1.5953401218302208,0.750179878041743,289.20699067459043,54.86997150363094,5.513539253388567,0.6336121856807673,82.29628994581847
3.7887995692930985,4.278459394078618,4,0.8919394170987914,0.7279981430698037,259.06035983283454,45.90363642573936,6.1677317883628895,0.654904947006111,87.27873981507864
4.590505396139062,2.9684679038196897,6,1.6818788838108922,0.7290004184535411,263.40276362680345,22.32893819662681,7.323566165477558,0.7708511798513776,79.73308140820853
6.443445663086752,4.721074526196142,8,3.8619534916952,0.5057106279176311,504.04914632120233,176.2077716770192,6.54966720086562,0.13315805603912587,9.638989473380938
5.820935093080786,1.9048783561003786,10,2.6312668572567173,0.41188330171218834,567.214262172224,205.14557472306336,3.0348188857265046,0.3561447382251357,2.9818035345605196
2.526986694346533,4.181051097861516,1,0.7231122059734049,0.7175042868440985,153.9632528106361,22.5692434928978,4.124713939491587,0.6964974813197022,86.29487096810614
2.297848441526132,5.692861393816679,5,1.7229594323885948,0.6102034218626763,368.4281727214615,93.88290023386963,5.38851337146523,0.40526765944861576,55.997525248310595
3.6214041917459676,4.169573182908471,2,0.8944058700068263,0.8312702587791626,188.67768578324603,12.235851516249413,2.4299769982323633,0.8864165441919081,100.0
3.9069760317833824,3.5427749637006447,4,1.1059090332677397,0.6703281919615591,228.1987724361971,58.5453218511949,5.454562274326474,0.5650729450411276,92.00092091690315
2.598355232241332,3.157010869460339,6,0.7340978710944003,0.693295956631788,230.9718388473452,54.33065260455762,6.5805835017761165,0.5489621047229752,89.09166132013729
2.0007293204135603,4.804399096555655,5,0.9511770329331769,0.7333341050385798,183.144632220896,22.760875132611186,5.783011527559103,0.6281255166427502,72.28755872237564
2.299698663460235,3.654540803629598,7,2.99522829724887,0.6909974076509063,383.69681733830595,66.91275528650995,6.87561368957897,0.5834889496269605,52.648535388447094
3.7429650495502504,4.31663392899691,3,1.1813516042378498,0.8167154486530671,254.358531885168,9.76779511180312,7.145047054977416,0.8943600082067891,100.0
2.7787363631781377,4.6444006953039905,6,0.8007111537589996,0.8247900240842263,253.74382829305708,31.34361678763767,6.693198999002873,0.6885621420969777,89.97576861319357
0.9188657388523064,4.298044735532389,9,2.8061558144259715,0.3539528099219446,586.2165276034979,213.04541000749978,6.277269265819243,0.3638398865204594,0.0
3.6880830120840704,4.932291119373414,3,1.5788266454019588,0.7614639042662433,272.91800875905295,42.63483296956119,7.416019338687317,0.6656914487908239,86.11016971337642
5.039496782081727,2.7537238705681646,5,1.9104024455113313,0.5059544529466347,446.15923033923355,152.28035213411695,6.531995044851316,0.4031256832043055,43.0927407357639
5.447548320393029,4.130274914165567,6,2.9100597516853637,0.5320707426233384,308.2910853438689,83.59072678181948,4.132871400644364,0.3795747598550619,40.62537103712154
4.145466915112388,3.6349861773022916,6,0.535858481876222,0.7405877188348567,212.91997780776845,34.40561149265795,7.240362502674986,0.621183774938993,78.86820313193911
2.0306768467742238,4.184511704387265,3,0.9692876805959433,0.827642814218762,324.32028767265416,62.95624065204388,7.633564219331248,0.6285811470626165,88.53858065177148
3.7142130218217178,4.1042082969415565,3,0.8647500702860484,0.8215384232549248,256.11447537755384,11.513130393102129,6.316529921590127,0.9043421456133439,98.92963569343635
4.7140630401268275,2.262492441802908,8,2.996069108692995,0.5860755835588664,321.9115782900165,64.42157428703536,4.998752720180228,0.5712756374649695,52.56747057678931
3.7380774355478885,3.963585073015061,3,1.4059957987156908,0.88899508321066,250.41748816242063,5.452041078255171,6.2304070895950465,0.9390982035210775,97.49829898357164
2.841450927994418,4.541945036526794,2,1.5997963918141502,0.6809045857152073,261.63788162172676,40.23823094083155,7.213982522193656,0.5007423012340992,86.70851828871598
4.553907881400546,5.662140257745966,4,1.1222843639273135,0.7278379781453701,181.14342953381765,20.215028604432224,7.924760859403304,0.7965861952737822,84.98183438883164
2.672576551901966,4.17533545474507,2,1.5866001965601475,0.6923766539254756,161.7531687779017,26.494521225249024,5.315454928862379,0.6641889199002858,81.10459765493847
6.191482285637657,2.615577533322275,8,3.9115963548314543,0.48841883051750373,553.011785004516,284.4590914741317,4.691479471818109,0.08611885782516207,3.980556043548865
4.878434818571702,2.8307562045976375,6,2.591624478777239,0.5595469807872508,308.52742294704797,64.48487102407314,5.964655242843336,0.5995958502709655,56.96704759245781
2.4735866060952785,5.909328964391857,6,0.3771488885458196,0.7581613621233143,272.0254722314922,44.99892220761982,3.4484998618863525,0.5619592857877637,73.12969585527475
6.4869773247256655,5.893494073639923,8,3.2128376815428816,0.48013565778255796,509.3778507141935,178.067374439007,7.730167691150043,0.2031379629321508,0.0
4.8138996880958675,4.34212202465374,7,2.0467969317918233,0.626715483064235,389.5173134046807,113.21175892983513,7.295218854753823,0.314104140110297,41.52982721676178
2.584321427435243,3.7082127200313026,2,1.9998546303482354,0.7126274921174406,311.72099232351627,51.02091630172876,2.69429098439889,0.555067797437214,89.412182244907
2.947469394878387,2.8760891651474942,5,1.235144682925896,0.8075290397739322,247.62955662384454,37.08377391385437,6.368640992393851,0.6067282003202161,87.24831685737372
2.7515778780376667,3.4242508674564487,2,1.3318024911813602,0.8042337396289927,217.79569071117024,22.2155611494631,6.131374454365093,0.781515353822376,100.0
3.9824869341052334,4.115595865124499,3,1.4663549910146458,0.8876056293444828,263.44303026193404,18.37624386128424,4.930735248190966,0.8525063610385417,95.53839180767224
4.222461376282611,3.415291916571224,1,1.1457137976769167,0.8266064199474965,160.92232114390208,24.702922867302583,4.9617405446759895,0.585392860454563,82.32637445163923
4.88416188054371,3.0209619953524354,1,1.2601262245135187,0.706290460129966,268.09302514109254,38.28819165894298,4.662373063394106,0.734465358084896,82.64034254159834
2.1923291098964546,6.01432355260299,5,1.539279979099518,0.6541466642913588,433.98963879390647,89.08201347164507,3.444551915086065,0.42631791450636913,54.98305320819895
2.108757886749202,5.1652119416777715,4,1.7507181816519606,0.7736625770810648,298.33812359411456,29.932623137762743,2.57467330474112,0.6905139107004603,77.9366316282156
3.8431204285521274,4.675869419091068,4,1.175565565744472,0.8923053505143762,197.35813055807625,0.9511258294638266,3.03012448145698,0.9905406964705166,100.0
3.2160201894526272,4.854899395354206,5,1.3262763483052453,0.676598075356233,260.11691976113826,43.82372611976109,5.1090154216306285,0.5490291234939452,88.39916781098039
1.9482840341567544,5.143055334980088,8,2.6709156997864474,0.6342596969181781,336.3249155835932,81.27655284233347,2.5736181588620055,0.5259592836287237,40.27967233779677
5.6632895799935055,3.0067471548409266,9,3.657139341503302,0.5304628590193209,441.53427276639144,139.69944683341004,7.8057331967652415,0.2599045340910885,5.393070724248038
2.817037968608096,4.846716641153256,2,0.8761504062886215,0.8505013751231114,253.89756773379577,6.41268767254623,6.554500107085952,0.9424064322740027,100.0
2.0205014626499374,5.018824072336478,3,1.2354972537459323,0.700005588597664,162.66306665546452,17.164392759808734,6.061745375521896,0.7142768192379753,80.9327459442009
5.433066610374861,3.260224410108612,6,2.7123284237189513,0.6867285298327732,381.46275949578717,73.89115310312444,6.478015925957967,0.5946220547530747,53.52706716956589
1.4625578358345213,3.4258243061741163,8,3.763066115860114,0.4791470741178182,430.551347841532,129.90714646927205,2.6578082189694965,0.2509628415552014,0.531128549812635
2.2313738411769273,3.704107214186256,6,1.1443891862210416,0.7898640117902674,221.28696889443736,30.30986989501347,4.523112847018965,0.5440269131795938,77.48463115618159
5.1060747020950386,6.411841614864243,8,2.0739624979240436,0.6258947901730157,310.60808251284743,72.4648793834797,2.380723819403115,0.5531589584543126,36.7678665547701
1.8349739678011239,2.7272858689510784,6,2.2678437591592266,0.6932454659168664,318.0783075411555,95.24095370766779,5.4364084501170264,0.4568068740626992,45.77154162237459
2.406750748289027,2.3864785930519203,5,1.7830561306435313,0.6903599148119792,340.77874571597783,100.30410258944238,3.76933929227517,0.4107089380719355,55.25397244888545
3.74286779006093,3.4039369426954442,6,0.6798647200634569,0.7409971218917197,245.76421226691303,39.35459520958192,5.754047894891294,0.6829758140682776,85.52281330016443
3.568941145473942,3.7225520275860826,4,0.7069132622484939,0.8156127647775951,226.51918012849404,20.45887265680548,3.5909970757643572,0.7244163543434443,97.70371950921182
3.9958324043869475,4.469378686141301,4,0.8781140742685424,0.8624730471484955,199.95719149484285,7.987115688804835,5.589247371146885,0.8700360788231448,100.0
3.9674292905535467,3.3605441001388785,3,1.1188464102300637,0.8397506309598599,245.38741631893578,32.51832379138025,5.912709345183022,0.7454601280498876,100.0
2.2184981358660827,3.94661405557693,5,1.3329367217031334,0.8207558238427448,217.00494411800003,35.83192933748359,6.590478651088638,0.6000782910349226,78.24088710352473
4.632572442212492,3.165352898344076,5,1.9541045521208944,0.6393774043784991,380.4200841877051,63.907320453018315,6.753802751555193,0.5662538808475348,55.31721794255902
5.5343115352987535,5.0232393592982945,9,3.4090368157926387,0.4167439672490782,549.9104251347495,200.8957418316598,7.473012748936156,0.2069617698200557,3.688241843438085
4.846954785229903,5.650399913569396,7,2.344985001550847,0.6013358174662202,444.1388529975793,113.36070228876859,2.224971975236026,0.49490237494283207,41.571212963324655
2.0440506744756517,4.124149058979215,2,0.5564161859180242,0.6953326204033226,312.7221930686957,73.50773571737312,6.605351103570522,0.5692198114485055,84.3645544968693
6.253047518001148,1.7941391813646599,9,3.1006857717949488,0.46328899142626506,423.6208486672359,143.54390085778147,4.170358290380318,0.2723794171025204,3.7454075586325364
5.024869122117888,4.620123877909275,8,1.7040485217445152,0.5417745923872994,420.50315509713727,80.48579290461348,5.5472996742580065,0.4042226868913139,36.34683464723244
3.3239637434257805,4.038923117164267,3,0.6229845868838821,0.790609616885872,239.0614402245824,34.57994627374629,4.3474776503097665,0.7156517643261369,94.7990774996804
4.187297348512665,4.574850058165965,2,0.34958823537946265,0.8219241584572159,261.0069719347578,49.91693699363446,6.285389749913712,0.5151795097783549,87.92385348849619
2.0236261846334007,3.094735779642419,7,1.958838219678045,0.6239442250919495,302.1104526056172,76.82399718427722,3.375754850896755,0.4853530876879224,57.66153681281786
3.3266896510629693,4.6576278928698835,3,1.8451505146983462,0.7148080871866669,335.3053247698503,82.57133444799963,7.128812405541113,0.5311471844011919,82.13007155071107
3.8793582453084143,5.540571851163898,2,1.0074279728348952,0.7502845806222229,191.1876515198714,29.183907344746075,7.60485402593145,0.5704434669954271,90.89412488447707
1.2841614662100145,4.00570847755172,9,2.8909422838768775,0.4289739794819238,543.7009297712507,249.41306103911083,4.957217633238929,0.046794152994136695,1.0972179350471967
2.1812117706607803,4.218147702002991,6,2.295601986030744,0.5666782312579098,429.43364491201925,82.16810766361343,7.856171712080621,0.5077244720669777,54.022990383621476
1.1894272030760702,5.590056859262651,10,3.090935492044103,0.4737972622905344,527.8342715569452,230.58493943495444,3.979075951945736,0.21015944110739812,4.040393788501996
2.8073602020969544,4.781465103277074,1,1.7587273281645746,0.8462663321558206,290.70279616291026,22.15337370757112,4.291281209975917,0.7590279430979537,100.0
4.828323305527206,3.298341290955734,6,1.6527230954904752,0.6871371548036236,422.6128871941635,113.90506957274917,6.730222333739814,0.4670750475471718,59.35557019825337
2.6105961594158256,5.661532149190146,5,1.684060665719708,0.8118974341727615,314.559173721799,41.74022223335491,5.721061474120054,0.7302632449281887,86.77283953885491
2.5466594561086437,3.076573776898058,6,1.9597562303147518,0.7250079654709795,256.85090331600713,39.61685581333104,5.711367595875824,0.5669281969005445,79.44347741354892
1.6587977385653134,4.497835906428888,6,2.8745637563997772,0.534078792137675,380.413350236934,110.60284572410279,5.059274527123417,0.4295793323346147,44.96075553958862
1.5631156905420123,3.2202942004739175,7,2.787183171845494,0.5130854909835791,387.8186936434092,155.51256959474395,3.3587470763530973,0.3034269172927809,35.73229524230271
3.373022198936157,3.5935436257175746,6,1.2268737935429879,0.7962234447498059,309.1981421618948,33.24832296326746,7.401836214044295,0.7596834065265058,88.54635136964944
5.278029371000868,6.112952044273506,8,2.51991299439557,0.6540625912879111,413.4047956946487,83.00566923808022,3.4102565134510647,0.48247002747893536,34.238558593371344
5.369876593455362,2.9387995853201017,5,1.6126421733401761,0.5744734230744831,412.98936795361067,72.13942139958638,6.213179581432522,0.43152274421248804,40.713418187424224
5.073659953973665,3.3449289574394143,5,2.196927454238369,0.6570559761183549,444.03041672605724,77.80599363589573,3.722166104485343,0.5949215397727903,50.12417283559106
3.0592857621567005,2.832928533114114,1,0.35523267858601837,0.7887413851763118,266.28030805198114,21.428287346046638,5.356457868051243,0.7989441568647273,98.78614498524585
2.254528366008322,2.7032287175074674,8,2.41475490862615,0.6365285138187231,321.72253542264826,113.59510439433558,3.0247071752278436,0.39431434485892286,50.09677990907997
4.122362513540292,5.4296642589349,1,1.2122294635380757,0.8405716132014065,326.71689333820296,53.03945352586898,7.43989583577532,0.5418710113791332,80.22645713692954
4.118776636343172,3.3811730906668656,4,1.1926265612673503,0.6569165340070309,320.54699656284214,77.2252365747677,3.0147158899672357,0.5844566482598387,79.83536633119773
6.053320499761631,5.899452422833005,10,3.048253945669094,0.4435900185644566,596.4907913888895,255.73434227514744,2.805279103243956,0.059902082219142685,1.6428057049094935
3.827516121269582,3.8234171710504508,4,0.8848315800326234,0.801690222633537,314.0186456427215,48.3226772535364,7.011692360467906,0.6546327158677421,96.62930181989417
3.4130963998065513,3.8409219683767004,4,1.4013770573709223,0.8593714740673378,218.3152152646082,17.400309974699585,6.140115886550558,0.8641372058022294,97.52500362450206
3.3871053140746437,4.314473076843653,4,1.0487245264281255,0.8248190536545577,250.02818934725443,14.493868654190948,2.8798248590813644,0.8898517342963168,98.29301720955426
3.8918679511708314,3.337958096626168,4,1.8124321495014,0.801038861407968,347.59500673448895,71.6160546876444,6.878407138652317,0.6352166641487448,91.71253093937261
3.684237054530579,3.5119924561336826,6,1.4060320238075286,0.7138661441393427,237.208355017486,21.536694268826455,4.623325838458921,0.7855965098889379,85.68002043543747
3.4130676027974927,3.944279167391133,4,0.6066783002641462,0.8450209229658808,182.92426836092739,9.80768839178987,5.659595065965236,0.8842966585877605,100.0
2.8111868285513104,3.0914222951730537,2,1.013715576116897,0.8922148108709487,248.84065538096803,3.132582786394725,5.003432264408696,0.9675695281314127,100.0
3.0636351410691383,4.565791235301801,3,0.8911483979692549,0.8477508841976946,219.93061657083496,4.204735098312885,4.092058504396742,0.9416383129762681,100.0
3.9908209324148123,4.116549957430142,3,1.0002387288923726,0.8376346383158528,187.76511552579183,8.108569387811436,2.722624434385619,0.8993386774880032,100.0
4.677870958267865,5.714579432647707,6,2.7553694603850896,0.5630129189580652,396.4297477287512,90.28023929212368,7.357185213774831,0.4245072113583981,51.55883991920258
4.449987081545299,5.122724262732492,6,0.6576284668276358,0.6511476411945586,290.5179895811838,82.54355134865386,2.2449472150408334,0.5040846235032702,72.41036274684089
2.020972736626513,3.5781672504618514,1,1.928319980462843,0.7497857826129221,261.8636903655602,28.845417399144203,7.784445652265004,0.7528811013463566,75.79658900316372
2.978828621134879,4.081888050543604,2,1.197591689475006,0.8127269952137702,279.86611559120337,27.74709197384976,5.69518246682371,0.8124718616583065,98.32766306449342
3.062133114389447,3.2299576839570143,2,1.3630393766926412,0.880849397660408,262.2131085890987,27.69678281487892,5.880090656529028,0.7080387965154242,95.72064870444297
1.2156652633857055,6.347936978508638,10,2.900910079232867,0.541634165345379,432.47453801242017,125.4798080289285,5.987508514661313,0.2819032157448531,3.460151575321604
3.4592176047098406,4.890719208779403,4,1.2590067739592081,0.8937230163343631,184.6265507926525,15.385783743561177,4.375831004165002,0.7388168608271356,100.0
2.3918177591698306,2.534419756420282,7,2.5697072568029404,0.6885067291824585,305.39729317641417,75.70935030263489,2.0752184985542046,0.5867741890967192,56.329098461159106
1.2061367216441627,2.7726548285058,10,3.1789938990005373,0.3675442714868293,478.78497804600676,238.46932729620488,6.031117529988853,0.013639142147733763,0.0
4.404673172181122,3.899048539849097,1,1.032835412733481,0.7787594362151479,232.6560824485166,32.87425486341067,2.682182969958557,0.7337333085982877,83.19161699499807
2.7751501997448837,4.170236784007722,2,0.654364734754048,0.8573729559143828,183.40173748140404,7.758530526040394,6.508074345428396,0.9163788285894625,95.57006787120172
3.301827599148367,3.8402954367947544,4,0.6406817894324138,0.810772047673808,238.3376409053036,4.992260202095125,4.58729958919257,0.9382445328919442,96.63344747037621
2.059549573209768,5.071311842087856,6,2.1393168590882508,0.6030649312114794,400.9746386081933,135.9247480664421,4.353879776406058,0.4012304062066269,48.90680495305129
3.082391237470201,3.3061006215462596,3,0.6769661956777807,0.6882702771774201,277.03879958984027,38.99582619579974,6.264259473947304,0.7099580648182947,97.1258915387904
3.066012790154308,4.135937906789635,3,1.2824257381520072,0.8443672140544572,274.4470566443252,24.169201700776686,3.737898761792204,0.8318358979683973,100.0
3.781676751578833,4.268244011664314,1,1.1706811810107727,0.7291984738627941,307.5212384185874,31.96567416854594,4.4640153398636135,0.6681693588373444,90.58758829446268
6.047282473893047,2.0636659635382304,8,2.638724970937888,0.3940575110414619,589.8536239493279,153.60143312425484,3.3176618699698386,0.33333978984763524,2.827195005664783
3.3623605613282606,3.5286240432919262,4,1.1795607977798812,0.80984501732206,274.5726767597468,14.002054107762914,5.374378613846781,0.9135193186430927,95.96215850754288
0.9763512845228174,6.904461944190101,10,2.9117322889307062,0.5421975347470793,584.4867327318678,221.47294696451473,3.977947051324398,0.12480448977509835,0.0
3.1246029288031076,3.5777970455869905,4,0.6257567200616915,0.8383324548688942,241.19334321986165,26.690919725517272,7.161598646115322,0.7033282512178208,100.0
0.8318698578895842,2.5001073899221,10,3.747024154939947,0.5455297002093974,537.4989485979708,134.9971951985463,4.700406884424145,0.2405148292476882,0.9910055430243558
6.292355984680918,5.065963948218455,9,3.823552181859951,0.37101144963191696,560.1056233484445,173.0478534033675,6.6783508119450365,0.22025429741288183,0.0
2.3101458626710434,5.7184430091770455,8,2.424597449608557,0.5003684426071231,361.4368413663944,103.8528037971512,2.4039432361513473,0.49879410476481795,43.72485995098573
5.269964056208861,3.054991311823862,8,2.028908598819933,0.5037620639460684,410.80229164654895,94.11861705421806,2.049096871420442,0.5719734708461395,43.77327240999111
0.9315168353739282,4.659681512210421,8,2.6247162320751296,0.37672189117514654,594.9985720100748,270.3611097209612,4.7153939960192375,0.12378428744861161,0.0
0.8491544569972109,3.094888639995479,10,2.5951841799471946,0.5156616620807499,518.682528259254,167.54335053353805,7.884960424991758,0.25428941038486347,1.0054024478261772
5.884275752982971,5.213716431066831,8,3.240455408738062,0.4672748364372639,416.35920618860297,152.5492684585359,2.424432668621829,0.3554265012682215,6.260024393319864
2.2358908146720493,2.560633442871411,5,1.7833142660760803,0.6460960357207618,429.7641440753716,116.72058795139091,5.477677051675588,0.31814694488386697,54.26695149913874
3.8063047141341584,4.946756432057285,2,1.4675478910470623,0.8220789949954419,222.45714049147756,7.120543609435993,7.0647245744814695,0.9303223334430589,97.83759871207916
3.266466951289217,3.6225177259299897,3,0.5085419629237283,0.8721652470225668,197.3715022719338,17.354348723130265,6.218285688890975,0.7418438365850328,100.0
2.9711358554657243,4.855788007451018,2,0.9676315311637839,0.8403315704120875,244.24445624454552,9.212722041751459,5.7937559465598465,0.8776491880684859,97.5805564994415
4.1248220470046935,4.132323586743798,6,0.4638080000334761,0.787109034594625,264.5909560676344,66.2600705859081,5.221010402452407,0.526580368302491,74.95781613083945
3.1294435379027683,4.004472850036648,3,0.977824714546348,0.8183763367791511,246.15713021565736,31.338707243685338,2.563666892909868,0.6765149085211061,90.22712807809599
3.7980617780402754,3.8041857470194564,3,1.4845627157728942,0.8176521700459569,275.26036610583026,15.91300253713717,4.428928000462184,0.8422659759427704,100.0
2.0258119888869426,4.30070053750771,6,2.5206789814949406,0.6617247041765424,427.30502342739277,135.72652620021466,3.0242419012512705,0.41906888885710963,53.40797359397539
2.158061728491313,2.5249724595751015,3,1.5606487840786398,0.6868179712694075,202.30992543413663,39.48448144494756,4.705731852933151,0.6644985543979192,78.39737948494007
2.6478936019793724,4.23982700540753,5,0.9946152950791917,0.7489156230950316,292.6580481363274,48.503517475930344,4.222019616874365,0.5795499902531983,80.10843109011293
3.6144956606070355,3.7946291049800633,5,1.2187483460785762,0.6533888765317202,297.4442507391319,49.29078126300397,5.598295781866981,0.5759841311399453,86.12645537750794
5.711791733889621,3.0577351779853412,8,3.431927947976685,0.5173123975426952,540.9802626499657,226.04587140043913,2.071122120190127,0.06765696131129975,8.56592760586256
3.7958754683206326,4.693917824808445,4,0.7275455766569775,0.8974942367070695,196.4944950832315,5.9282203631528985,4.847195605488954,0.9254008889337492,95.81471914053418
5.197681106816955,3.0992654487115763,6,1.941331939571494,0.6193893552109603,408.2635002971076,100.16788076291128,4.102598167479712,0.34946219938203954,45.38196419349875
4.7854559542597785,2.616406326675903,6,1.5181509674607194,0.7072858553023659,162.7616194194821,28.196408621011823,4.574301485240047,0.6106185843291266,69.27257943065857
4.92897254222057,3.481299554483986,6,0.310496252143863,0.6691904141686128,196.89255010817385,18.784331820797384,5.1815863453648126,0.7440347496077282,81.75730610807307
5.959217136042982,2.0891313696210623,10,3.102650822429205,0.5292052701951845,475.69638714817387,175.30294297654459,5.1710408218735235,0.16379784275838702,1.2174696687768682
4.609084785296101,3.7653400524475513,5,0.9049820931527548,0.8462076364914733,340.78098945587243,43.965119408616786,4.276910831983486,0.6062955449007457,78.81825212874575
5.487641388178275,2.397040326062248,7,2.796303578006931,0.6169129397347585,321.27655294769244,91.60484259355032,6.899089437319227,0.44665230983354404,36.70983000565234
4.753444618541422,4.4047580055185,4,0.32812027578706693,0.772380782915065,289.58112328643494,30.876241712076894,5.49980466033284,0.7251406530798099,80.90407070412502
5.129731534729834,2.91478050436712,8,2.7062192095518203,0.5509418587046531,391.01548428454214,116.62616281063917,3.06010413065718,0.4956338932490668,32.30146383425933
4.20208195776259,4.907981570254245,3,1.5746127572110353,0.7090577278948377,170.0836023771731,26.450942802644175,5.436878390001651,0.5202460179248035,74.03619924463653
1.657225091914262,4.84159373344465,7,2.6842488302279746,0.5368498940611806,411.1044829114933,131.151304404722,6.186221208193929,0.325959126666893,33.618253928110526
3.02510518507764,3.462736885939043,4,1.2381069995587421,0.8105874717355428,248.04596511210883,24.65323186845592,6.782786337407494,0.808850292224718,100.0
5.97489076356878,3.18173859307168,10,3.4151464242538636,0.5120673962436842,583.0387047782697,219.32059624618947,6.241200439157628,0.22146043723168135,2.566739316791886
3.43644131601635,3.693456374020162,2,0.61668713182819,0.8951769626438087,269.88565016236305,43.21099914703746,4.707622601332314,0.7320997039902193,96.61423802520046
3.3501943159566947,4.550672689700368,5,1.3158880902436014,0.6726717554169731,264.37340066638507,60.398958105674325,6.725304732358072,0.5458211646837123,86.82873725452443
1.6069992717544948,3.617866445786242,8,1.7511399615883187,0.6684245253980052,379.0716947989302,62.40532105823418,2.056106823857241,0.5037541634553417,51.26097658690092
4.614240866535298,3.646589204186339,1,1.0815465614980488,0.7852172087191845,161.81659552744082,22.552170318277767,2.080664720006553,0.6651660704172013,77.30005043511808
4.8091173404620875,2.911430269907983,2,1.1515158332812356,0.7150595838141075,192.7007879607924,31.022021000957697,7.03213619040032,0.5320915991939871,81.71801106166183
2.5369766475602673,5.624493893967562,6,1.9970393340187957,0.7725980620070667,293.37697940169005,31.264762717669424,6.81153539133812,0.6494255723744954,81.74110069924795
3.2529485189030174,4.043517297582499,1,0.562742837189391,0.7825704194309389,270.01341991966706,21.302169823387793,6.771266283145835,0.7930448664107183,94.32238222075325
3.7688692028872675,3.913341472410051,2,1.0250381768021186,0.8543289550330985,256.5149621013015,16.631255501501233,4.53627006271768,0.8370019777871732,100.0
4.615029527671469,4.769511094418254,4,1.1361646417898226,0.7611927783530438,268.8182044357228,28.568933303030768,2.684747153797188,0.7083671299275902,87.93807414848992
4.008967387477677,2.9880474719962273,2,1.9743370555583508,0.7676382047812532,216.63254583279692,39.688140630823064,5.886430991225184,0.5984961469241868,74.07848246739987
4.324784048446238,4.066684215637499,4,1.2160711374454385,0.7430665148511897,222.97285468440563,27.051286488943575,6.066036072769048,0.76811849752903,87.7186753883062
4.717932061248662,3.429527678964275,6,1.506855196184272,0.7703203804127967,188.506972443966,16.61293517229911,3.2460183261440143,0.7572162497704068,76.1637709677161
4.841566100032419,5.967148344391349,5,2.345690237418576,0.5408165624121634,305.7783361573392,88.10070822035948,6.724406661070957,0.366946623635192,58.65929770482326
0.8745251542769561,4.445461078293187,8,3.1571058753380576,0.41904872794339987,421.69242753855866,184.82973562435618,2.7019601058454508,0.21765246425161433,1.1375762508895826
2.298238382769612,4.663425952698721,3,1.5294590169423103,0.8033125197108747,174.28404920074792,22.317101505449536,4.136825830237067,0.7106520165303545,86.47885198213383
4.78448404109842,3.2174243525308235,1,0.7032118876763083,0.7578095918789507,270.7135887683456,21.850834566118312,2.9023115706468117,0.768767547461166,82.64269206605127
2.10290054569924,4.468469660226645,3,1.0777904456252805,0.6844102952296981,172.6160486749842,26.704370057404123,5.207962830015944,0.725722453664765,89.53603919609688
3.447822320891035,4.773521278415814,4,0.6441247401670162,0.8388628490598437,226.0436597115987,3.658305837708811,5.405665745086182,0.9621961649112014,100.0
2.6991854994582827,4.106926883130224,4,1.6329976615798363,0.7488045625270827,267.40263988466825,68.4179780430068,6.852259883362292,0.5701879108157731,85.95659003386065
3.1136191426153963,2.7714542459482705,1,1.5970049319339357,0.7036312136276893,160.08605822828713,19.870481495052257,5.315877243368492,0.7661047544737991,91.01232310093889
3.438100178865968,4.078644223454253,3,0.894133596353068,0.8954046200627725,212.09819314504674,13.059752120061512,2.3264867342550186,0.8521159342560475,100.0
2.2042856073638495,5.7652614603543135,7,2.749284976193391,0.5530243732638817,326.99395834706763,77.84398661160213,6.579268142462101,0.47085661739640466,52.699058814466724
4.7189773088884674,6.022819212008155,8,1.5569249465969686,0.6154936353483799,335.32589280227575,135.5783846881605,3.9921914272619503,0.32176172379078927,48.408254284741396
2.6908961496522146,3.3086409433910537,4,1.4692571371645515,0.8332682920771375,193.9188097517482,31.809084167418614,7.222063058047643,0.703371375376369,97.71831807267179
1.6370765428160352,4.628959658849446,8,2.299368508695769,0.5293313783335082,389.90731899389596,58.47349692547166,5.669359104936799,0.5746280891105061,38.30482455937386
4.329117767691155,3.7497922671011743,3,1.843581699462964,0.6903254319403324,235.1705284685282,43.59699456370687,4.096540186882259,0.6859989667373494,71.938883847209
4.546438044635888,4.676601390827977,5,1.932930134950567,0.6935227012600299,282.7827815389155,27.158867121488548,2.937661419968396,0.7699334051792762,70.9131977956556
2.269253160585377,5.690232928339854,4,1.6171035632931532,0.7865271691993758,246.7479249044051,36.9706233922421,6.150427100068555,0.6163090198472045,77.02019365554916
2.642618357315705,5.475092652866691,5,1.378009617315405,0.8366516258398113,331.55439818441647,64.94818817796627,6.310004947239387,0.5580253889995616,94.90288131652301
1.6575521462126634,5.938984567832975,6,2.768820852257404,0.5009478379018819,300.73108739900067,75.48424833323902,5.355088275252568,0.5067363165886337,50.70840698263765
3.5904052280867993,3.8364771869261096,3,1.4717894667240317,0.8445515047314478,226.7498423848343,8.664984109762969,7.603732661042104,0.8885259742089292,96.27270346322814
5.7195249596593465,4.21790231148199,9,3.6403945285618002,0.3855209311400083,480.97625351954673,186.14298463688286,4.73104299750694,0.2924121449488322,0.05884919073682715
3.345301291795504,2.651800610162381,2,1.657121128291153,0.7082145578253832,335.18826263152096,33.09784473743031,3.0104478987926324,0.7714181740483326,94.35795929910508
2.591849962256756,3.3735577330752653,4,1.020373864232347,0.8016602595748495,241.7845532583457,30.02986550772259,2.71755201282139,0.7593976022950994,100.0
3.732315460962102,3.2765915494844413,4,1.4431139552853751,0.8472182029885621,254.7514094341849,2.1980605007462,2.8915975989455855,0.9835855969464334,100.0
2.426115530183431,3.5558507241273274,5,2.7449951972145774,0.562576947077641,448.4790063510781,156.0276854186995,5.623790806653617,0.38820837856125767,46.450469840548394
2.290056364834061,4.891833113157489,5,0.34602944826078225,0.7774550039979142,184.3850674138392,30.891270186264794,3.6854768693138604,0.6560518856314274,76.99996140984794
2.243084399333445,5.148756210888457,3,1.931579909498612,0.7342051987098468,241.94509206916962,31.761168528401292,5.84714626370003,0.5947789429510449,73.89005040474476
1.0901471406951777,2.088350679180394,8,3.9740638091366804,0.40625705054921274,460.8634485335202,128.88156861175648,5.691433035458335,0.2515917883224358,3.3704144609197395
4.382414785573081,4.809403119482557,1,0.3005316667631752,0.7474565360551865,310.57905811005185,41.2931936313149,6.351498159453376,0.5584639192985944,75.59465531379831
3.133455408186684,5.289665155401185,1,0.7633089081131226,0.725131510952421,192.5886016543194,21.40779737003202,2.942452381490396,0.7166070171423206,95.17343180772168
0.9358265703405861,6.627298128070626,8,3.2390828289266462,0.45854791542556933,414.6702197775315,115.89776026239556,2.0166361163556585,0.21798804333233482,0.045740940496579174
1.5790253612074088,2.0992049464991136,7,2.6475283670342717,0.586895325825427,410.39208848024924,153.6910262991369,3.8730246417684953,0.3438607747789228,33.42820897217214
5.737812203462623,6.504091267977129,9,3.870524898847219,0.36823695179932026,521.4910006986393,266.56278248775214,2.106991553946373,0.1231543443078885,1.927809942665294
4.906796580341828,5.073338286215196,6,1.0172424471800667,0.8214935634626013,267.53907757331086,68.85017166966999,4.263302559796532,0.5533678987079923,77.70457652270889
1.125752151551123,5.246258486663324,10,3.17278194435232,0.47762325757936674,559.3134930666762,273.79808515220986,6.352198368528442,0.07016852566154345,4.104063755556464
4.458079092454778,2.910501934472195,5,1.6065828399975437,0.7934360880434724,229.04735244048646,54.351925193092775,2.6004155591309166,0.5210581085098596,66.36261612635423
1.4726751144039127,5.6086961586146185,8,2.8066477081656487,0.48024361505112645,497.93148107749766,131.02295311975453,5.130309032514754,0.37562065547102796,12.356785315280908
3.932682620433698,4.350017345635336,1,1.7692888800580058,0.7960596007468892,309.4324761580317,91.45984362945062,6.14327992339783,0.5020499893248114,80.68807090754014
2.784984499860351,3.492205255599554,3,1.0619035880859287,0.8577080442758682,183.42119720590557,19.511144982021356,2.563245835071263,0.7315527927914562,100.0
3.719848691872989,3.8920241300502547,3,1.2899958438657229,0.8412747648845388,151.26682050694174,26.595641517909392,7.961354041036021,0.6589410494235749,98.72135414430385
2.1982177962230653,4.787685401861499,4,1.8584279775950754,0.8274866311956988,218.420057853453,41.51697670536866,6.851928336564219,0.6762353144561283,84.07614549541293
5.175723894567543,2.1231214344559923,6,2.688165648577385,0.5275497863616508,349.8047614698341,78.10153686247753,2.551870703586121,0.5012855445888856,41.63166881051007
0.9894551696309547,5.1003194088705985,8,3.675086017657743,0.48548717897939975,509.7770583020137,236.58507922767927,3.6046172667720118,0.11879488634755031,0.9585537423389823
4.825409325532668,4.059447504630978,8,1.5665881696372732,0.6613300948496902,301.25487370251193,80.49528957638796,2.9257327815321306,0.5175551331332967,66.4083634250761
2.50473621278456,4.533651000475534,5,0.568025019383695,0.7341960307662686,203.24644974738732,43.717688557166284,4.375252981997161,0.630576043051525,80.58624403667571
4.83863024701739,4.57428252489991,2,1.7516751744758248,0.7587202781417112,335.33352041557976,63.209772844988755,2.4281524935365697,0.5428860770500548,71.36859116539281
2.3134279726996185,2.812407942456967,7,1.9477830159525389,0.5275761120438898,407.515970730962,75.03109349128009,4.2225951208393635,0.42936992047222916,48.47421116587773
2.705766492844284,3.9874673110915753,4,0.5310608757255348,0.8508638051635226,278.50140268342324,18.364163147757772,4.691518442452881,0.8887253021954342,100.0
3.4050384817444552,3.5124709246448074,4,1.3880200297437364,0.8039495675423965,278.01842147847753,6.698040807464851,6.095065638080521,0.9584615865874714,99.93179227467408
3.810289415346109,4.404203022299142,4,0.4430722047362582,0.6718350450913393,328.14464677717234,28.265743602980052,2.79441752099491,0.7515423524107276,94.02893525095575
5.241851623700102,3.812445448413926,8,2.5549974994898954,0.6017116307599021,301.4980058495723,73.02148175255653,7.210121572072439,0.439224525895203,35.06378188390226
1.6430728955417302,6.41321603427969,8,2.284196221808483,0.6476394983377306,303.0767607538184,74.95125934979909,6.723500939401488,0.3623169270528681,32.96380430435545
1.1792789619097248,5.747295185405461,10,3.925449910135793,0.43507850545924986,528.2900541710655,212.09885237770771,4.25077071443245,0.1907311610365003,0.0
4.721623111847806,3.320589342874495,5,0.30783489593568014,0.7640608797473146,156.65601061699667,39.137531137031,3.240238827153335,0.5416135854471583,72.64802896902017
2.2279891128639386,2.070956879464977,8,1.5857877935226394,0.5882599514650434,355.6824543110181,73.00252536814567,2.951226768839412,0.3767329947474366,45.4511278997057
2.087907029913799,2.9234737344004973,3,1.3394843373549283,0.7348251474241877,173.67018434461357,23.257262883822857,4.128128591262602,0.6297578902001241,79.16098639317121
2.3567060223394383,2.2772383351146845,5,1.573515065350632,0.546816125133889,388.4629943573971,84.11759393586354,7.548488799654342,0.3201691160389971,50.21437629930733
3.163406854345201,4.661418625258776,2,1.6808222821329852,0.6872383827582283,250.4319281519946,35.10884242445227,6.99772885212348,0.6125764507487169,88.26113640545121
4.150602220428652,4.259545243000117,6,1.1347333604356207,0.752399178434529,191.69517082548967,25.055943150217693,3.795869653820388,0.7075203582386032,77.27903668789577
2.364884720329356,3.743539802729788,5,2.463731510993209,0.6511201719500702,342.9030256289671,87.27127930804552,2.8369901502827632,0.4832602750525532,62.62063091232447
3.804439375475626,4.064250409152121,4,1.123583793711631,0.8689901895562335,251.61001078061574,26.399400677647368,5.991405682380808,0.8141358412353353,96.56850074347764
2.447929846143381,5.600429448883452,5,2.6795690228075806,0.5917206210693641,386.00400419143983,67.05627190667508,6.181226789679535,0.5059667344409412,55.70358807888361
3.35953181662747,3.3072077140334013,2,0.9806552253291274,0.7597231645036859,209.0273800911775,22.33806460514617,2.108719534329599,0.6914852716271354,94.49267437352886
2.7518693094563837,4.037385677733097,2,0.546390562444434,0.8163102846843454,252.66603395752892,11.842936279909074,5.786835906150982,0.8582793238640899,97.36953040690241
2.703529755159331,4.871822267974471,6,0.44668108483946206,0.7563541497050961,265.09531625952314,22.091430874741892,2.2235374245388897,0.7435936282891883,86.2778377841487
5.280341826934347,6.038699307494966,5,2.0679533179361407,0.6941617627328456,352.5303491313351,54.5251180183653,2.4630464855712484,0.49510384351380304,39.13123801332215
2.6231652965306145,3.391917135981825,4,1.26800402033063,0.816679198770631,204.71094035765,24.143913091981837,5.768750840174054,0.7161899807726978,100.0
3.9961641373774435,3.4676936410376413,3,1.1494904078488521,0.8362464265270405,257.64423747036795,13.584176101695308,5.1665000269813826,0.8486585509455121,100.0
5.243055037403426,6.007460930110224,8,2.334516641082219,0.5413899002424915,414.1664916371265,124.55253385011312,3.919720617091823,0.35536895885971315,33.946448837281295
2.239443495425701,4.973196365505574,6,0.5653701600662187,0.7274841150411434,201.03393795502643,31.633863978163994,3.442518130841715,0.72714905433869,83.37037813205471
5.602515081489348,5.363753206202336,10,2.758498916583652,0.3886659670761993,522.3945767874252,133.60427869106826,4.855795457656699,0.19048586258225556,0.0
4.7989842634386575,2.1331795527484387,5,2.6468019951633655,0.5864008451329158,417.03070158008563,56.84582892233726,4.653662292355705,0.5755096209671604,54.56652453496634
5.3037098073628295,5.207657714446819,6,2.1186448513856977,0.621884910115317,317.3400678155591,63.74029399976613,4.19762781295898,0.5120418315091314,54.124873616034094
3.6537197648304707,5.722938351978957,6,1.4695886544550134,0.8322145187712132,249.21341462414094,48.81675487463636,6.746878496953649,0.5441400827398847,89.2085974678079
4.783681043702027,4.792880493927221,7,2.7759849353337045,0.5277921985504953,307.6782661391179,63.369698060941396,5.206172356186819,0.5110436470132301,57.81152573417512
1.8512096354024563,2.616440728955914,5,2.2556640394683827,0.5882909422755198,425.79466363944124,123.43553491295924,5.354121324983659,0.5095748473553258,44.93831190728399
5.488446249786952,2.3973670685711053,8,2.216953419625403,0.5849463888872546,443.55204141908536,98.85663614668637,6.315281471208225,0.470732966669049,26.146960767102332
1.5147525795619492,5.267161012191341,6,1.7757973406426655,0.5911633719211806,373.4852801564302,97.64834483855641,5.466725995364253,0.5088363685088597,48.41261108141108
6.355136884943509,4.848496288853544,10,3.0589233110281477,0.40930785616782606,425.7769349829318,183.00996282358938,6.306254329371896,0.06143601062351487,0.0
4.585340119477922,2.0434942350527217,6,1.6679419217850504,0.6750935087179925,380.93402110945834,119.73163006136214,7.103437491968266,0.3606810567639806,54.84430317767891
3.6183307840123753,3.636874106924711,2,1.1557204042808684,0.8773378011287822,267.34773916035266,16.652579522123776,3.2918453037188073,0.8268293376948139,97.31123962069357
2.3106501003373867,3.586489611749646,5,1.0936835965188167,0.7419045419735437,201.68029340291656,15.824878476602594,5.667427947603986,0.7877241203820242,83.71811447932416
2.6619087260338494,3.095958582303446,4,0.6081513610318795,0.8318754383222001,190.6071198481747,2.7876949714046044,7.701613036605742,0.9724758366312815,100.0
2.090897696972807,3.748758290855251,6,2.6044275775125505,0.5028908339281639,374.5025347130193,66.06111049337122,7.571662743438993,0.45193023968824886,54.39591954864835
1.6139094401457168,5.842375081629155,8,1.765018843568096,0.5472358988450146,302.4000129042554,84.04407004426987,4.924261546529026,0.420666024457606,42.80210284036243
6.339109213477602,2.766370028067679,8,2.681435746958448,0.5179571123689225,423.2669233238618,94.01894038035798,6.379075923135798,0.2987720306051651,18.144838800664576
1.0423251094908224,1.6352280397803123,8,3.492975958741088,0.3657629679538389,501.48166731294816,162.62713052267836,5.020912960282856,0.2902884128800582,0.0
2.789303728585459,4.2132089006932345,4,0.5957541746784484,0.8179788492424747,253.2069298070542,9.299716169633596,4.122088392090836,0.8853220451941445,100.0
2.4640799133394213,4.229662306036034,7,2.0464478718892316,0.5894697081057533,354.7703657445746,60.594403650528335,5.925492995837919,0.5015561957457922,46.19530294408305
2.3044507131078773,2.5637948429948185,5,0.5938161209088034,0.8046973159352596,303.74018132026544,27.389882653765525,3.3281555335010378,0.7312995651273082,85.99159020397919
5.0403540624273155,5.324376944644237,7,2.0963381265656893,0.5986236023099406,423.0416940612454,59.64483212131202,2.836638255036503,0.5924549861676571,37.94107977807097
3.107069450387553,3.109961865879523,3,0.5996129400673091,0.7479815730478274,335.94729449504644,47.88998294250404,7.626348278099127,0.6774340281564816,85.18032226515822
5.66757988644703,3.0665200151427747,10,2.689989751094931,0.4694505412828602,506.1152652638522,158.48951150992954,2.3053123877603747,0.3317005692332322,0.0
4.140381239917149,2.868129639402729,5,1.4429889102482893,0.7295516037147879,293.4060632285383,43.59020569701271,6.946341612045794,0.5247497134362712,70.99046000713528
2.802652174806564,5.987461426853164,2,1.5371474454711378,0.7705494753038967,319.1804294363411,67.88972878880675,3.2517285420823914,0.5328397816028881,87.29740728061496
2.2577779040793557,5.553123710465415,8,1.5337687942734801,0.6605831185109741,444.266235191519,69.1245209462377,3.714017080867529,0.49934035249080216,58.86079467284404
4.897471261370452,4.1297689305550085,5,2.0458869696344775,0.6820356087160511,391.45950182437593,113.18000758512662,3.927293578370252,0.46859350776942305,56.01172229010733
2.475652730233435,5.9047739683709946,8,1.8361224523849675,0.573043450927587,358.23918660019615,90.03546521692148,3.986082443024355,0.5602311898085636,58.20171301394668
2.3987946516053102,5.927837059559444,8,2.682806707594452,0.5177608985735924,344.796388672183,102.20805504376314,2.883100099196762,0.3214840764206538,51.54244002380532
2.3360205743646336,2.8615824138885673,5,2.78550993375581,0.5878436534326297,312.99980434798994,70.41308200695588,4.265845862049317,0.452639236832946,50.45368318905879
3.999175501208622,3.891520444048078,2,1.1933322624961549,0.8935099841097137,278.1580481006193,7.266431546358849,4.994612838729146,0.9249359379589516,100.0
3.3842491281832925,4.04374518243824,5,1.7548398511419592,0.7709073564425074,291.3472177598207,48.91859277547294,4.491289535538385,0.680680147493854,75.29195021428977
1.5059326744078456,3.6017556183634705,6,1.576512462154083,0.6134294542431467,317.4528747334375,57.69499139144656,2.8108577821133913,0.39421560033649866,49.01385870504074
1.9759608772300692,5.823607210106239,8,2.706162584813088,0.6206387773798193,414.8406487983306,92.12368360240092,4.898156453945768,0.3590530529543548,32.87660560670915
1.5027138512675948,4.63186127240908,7,1.7803355139243342,0.5122595763892113,436.1385385583032,97.39399227316602,7.818698039213484,0.5451532682906405,46.54515736709263
3.1342507101442036,3.8035236803383077,2,1.1171381701075305,0.8749779861279072,252.8432874905181,17.48421892647946,2.626169991501155,0.8261264225249549,95.56112716881722
3.3611284073462593,4.073570584645361,2,1.5267170925566533,0.7603706410923466,329.9332506313181,62.288306573578794,3.1189395525969354,0.6533935506564816,85.19294461278123
1.9589419447935157,6.002935391530808,7,2.8375135536416694,0.6180308541110033,364.83259712632446,120.97121728656121,5.0662684598076115,0.44185489748639756,26.728410759101877
4.403821143884235,5.4195652178905025,6,1.3000750906808565,0.7906666208446551,247.47457552386092,30.78406378643523,4.9532712545393665,0.773448815876983,76.08290399452939
3.944258846284961,4.738581291486374,5,1.1560339590698117,0.775447873609357,172.2934041420559,19.824891788180462,6.341050009671102,0.6229419716507443,86.9046288482035
6.340519609456514,2.3140641935819737,9,2.911513499577653,0.38386572872678615,515.1283859632488,165.66034675373913,2.729409101094693,0.15193975922051128,0.0
1.7612820198479535,3.6616442535412532,8,2.643593064392478,0.6806113824056812,432.9363425310591,104.32071003359866,2.1071232700292883,0.5793547982019972,43.79961226429646
5.330494889436527,3.6441230075310607,5,2.5005666561923325,0.5432868256765508,362.98257519346225,51.07995080352932,2.6018840225324995,0.5858658324255864,44.999356998035765
2.7180921124002313,3.4954200937233293,6,1.1681883379713467,0.8319815275557524,334.8289805954526,80.97671568303078,6.906128535133027,0.5712234345207315,90.49236185360623
5.454102536569171,5.211154086715819,6,1.9658823318349912,0.5925528598788008,300.78465431510676,68.16752664652499,3.052390240251825,0.3839032510821205,45.52691169105386
2.4259364514923227,2.3588715776137796,5,2.147589464890207,0.6922982578132251,371.0369505363883,83.90018112645643,3.0384150959964,0.5399495216202305,55.339683749868506
3.5325058083059275,4.8789731729276244,4,0.6872982988745818,0.8608735067939797,212.71651911037225,20.04227013922981,4.0410888271652405,0.7128662392030102,100.0
5.959473235516655,2.2425355843104056,10,3.3257938052154543,0.5184220105810674,543.7037264130663,216.12488390880904,2.7611105737564507,0.09918540584922426,0.0
1.671356465799741,5.6020147881686935,8,1.8266176528347715,0.5819233247888822,408.74200593362553,123.64005833207095,4.750984750309099,0.33925690587831564,42.81418394241459
1.6565846679679916,3.3020191837217743,8,1.6461000123047569,0.6499919071105174,439.64074260877317,96.98662235711222,3.7900091293231384,0.4646159149990444,40.184605183091385
4.63145066482592,4.085207123924168,6,1.2704142463449273,0.7852903272485071,280.19530679705196,53.27614450290683,2.6401237803489384,0.6543808429879613,71.29300364650271
2.1822697330314758,5.400981456807149,5,1.6910631650198895,0.8266806446933164,188.77761010237342,15.91211531412778,7.161229894073121,0.742385290144579,84.07051179728316
2.6386167670344935,4.332749261101965,3,0.5000901327770041,0.7162947532776494,173.42090032957984,27.250514873438966,2.4762076238140156,0.5788801060726279,91.4138860093358
4.028085751789397,3.5339523440310248,6,1.7890295624580401,0.829495704349856,228.9841372836681,39.59676272906605,5.249498095189333,0.5999722019547868,78.71225574832692
2.2398592337227603,4.542990410733017,5,1.8560086883897333,0.767589982277822,311.0638358688072,45.046658703595526,4.384806166943231,0.695033433405263,66.11346973214998
4.701247116002413,2.151153241786729,6,2.5713021421954823,0.5016774563307337,337.99069075918857,80.72856436559903,4.073642254303293,0.5945200621496666,58.42975373638909
6.45910237167946,5.07450490944713,9,3.524623224942115,0.43452401166987886,474.4352435481611,146.58628569194505,7.714907466457534,0.12195111504622168,0.0
2.608277897978495,3.4596295799864496,1,1.7642852602255186,0.7465119406202158,175.04818553883547,30.11441205399757,2.954962752967325,0.7006559894911963,91.06466830506403
6.159809294567622,3.6560605318377593,10,2.6565236427755012,0.5203941147607057,460.7190451464596,132.71903272746215,5.282304893620142,0.1933792145737915,8.762975265552381
2.0820939839049766,5.808303485246137,8,2.5255623691229223,0.5235110431702087,355.1167391189906,66.26696917007305,6.403532472188281,0.5678657215194193,51.91382734754046
4.2171553464624605,4.785256762997486,4,1.9881336052634742,0.7953789793529797,178.2300689926066,19.91394222824799,2.2534764609106683,0.6975763304048457,71.68936145931912
4.714586965481881,5.184978496366848,5,2.622462060054922,0.6914371212953884,423.4243562503804,76.95743876217787,2.71909543779877,0.4377395793521043,59.718701646788105
5.878845568838952,4.436639431879878,8,3.940880590505359,0.539764172762624,584.9348363157943,166.28603484312924,7.452907965608725,0.3711700640846903,11.663734501392804
3.132693012882104,4.9736072697224,6,0.3568748494316079,0.7426299795988771,153.72596230386551,20.973440196777013,5.00904677664937,0.5894793896915492,81.71345723442994
2.224695566266748,3.8245535536173576,5,1.8950417036428344,0.7538903371351928,341.39318224073696,59.517250980312625,4.432221496375568,0.6232234343791823,71.49674867713499
4.468194676151348,4.2747439999770345,3,1.146320999285109,0.7436562702642615,208.33509889697817,49.67821637390199,2.651281972670306,0.5078584723493308,82.07561834525868
2.4780858477268968,2.913807680519349,4,1.2678630321206392,0.7819584685410119,150.53835153517184,27.639738885126775,6.068353145270693,0.5782523553605543,84.84078248273741
3.533724395383509,4.121513591391784,2,1.3702471168764956,0.8158224273050693,273.0661741050543,22.99744181002292,5.636159358884498,0.837535401907428,97.21255180754846
4.567906880139875,3.02082609215481,8,2.69175631973055,0.6994751564953609,445.8337666880152,121.34737767922289,4.78461897285092,0.3617543549202991,47.35994739758462
4.78018604054878,2.2356185445520254,7,2.2993457256441143,0.5855089239050719,410.74913196426064,96.0010940206915,3.7779268519785463,0.4142937027100666,39.77354284546848
3.7576468962350047,5.594322962535865,3,0.9701244418334731,0.7649873858214469,197.14020716483626,30.251282565151417,4.280945011109209,0.6196847720171152,87.35543752482897
3.1654922706610007,4.430887846558034,3,0.9575676882939078,0.8674365518540341,278.9301948363974,9.551922125396386,7.207749666329001,0.939242914686438,96.12636735617832
3.44621210517011,3.773641194385903,2,1.8531676730879665,0.7959418077464573,200.93132989570077,50.28922529660727,3.8104156047104736,0.578793490363159,84.08094173560391
2.0175839101374162,2.4526680092324256,8,2.745044255440877,0.5158845596326485,368.6020866167682,119.91236784796243,3.413819423443007,0.4297137015575416,41.585270058192904
4.646176900353938,4.077986344614156,6,1.3835372556321825,0.8385769954407585,172.2868971826315,35.34635217065384,4.2133926401044395,0.509941872780356,75.22379582686526
2.82279865012862,4.992035409745578,2,1.0065939255140512,0.8088299412365691,234.17867723125636,8.967775561775833,3.6992550238096293,0.8936787622010977,100.0
5.180069307692703,5.015948415286632,5,2.428420253302922,0.5494689662252531,440.87939247199057,63.117032764804954,4.2036352090903275,0.5669639324888468,46.130728882672884
3.3495556749428417,5.292799317300845,3,1.289548295348012,0.815749019420314,216.64624754027548,35.17986973743864,3.2838821802921796,0.663168485691888,99.07231714709556
4.919210186097092,4.745508954758001,6,0.6552257778627173,0.7328550548486489,190.83910113847085,31.510657375645625,7.3210161965842255,0.5953374632797288,77.59872132137772
2.8941906056146656,4.483385164283556,4,0.6258389388292367,0.8977124739996756,268.4886648915246,10.280657154249424,3.3550415645087703,0.876097474319097,99.83371708611917
1.8877174692958087,3.9787780337026635,5,2.579298574792571,0.5514524633715316,425.10731753474954,58.10353180951263,5.424575970371283,0.5908463133714711,44.421888651993164
4.1947242189054625,4.951502106447968,1,0.7627157702331039,0.8229479757497897,168.91309777581307,20.299031957396334,6.134231145792264,0.7431877640867675,89.92442470119262
4.359586833483668,2.5675299490768784,3,0.778185400530713,0.6723739219171361,254.32457019478957,43.484376057108555,5.925115699971196,0.5207768692654178,79.22584623928155
4.324184089502605,3.7029949848587185,1,0.6952986308293122,0.7951052382469154,194.60836411105225,38.049582214745975,5.5908683285569545,0.5620695264545913,84.93260504473118
3.391780246251605,5.939092109643946,1,0.41185114514254884,0.6694844796072954,183.48723653740643,21.66182477286568,3.2797202002703973,0.7674768448748737,92.42688567999087
3.9540719892113994,3.4682829329299256,2,0.9704143575058706,0.8432556207823148,182.969240200033,10.102842544836896,2.976100707601123,0.9025077032751536,95.5848053770455
2.086052923589565,4.437934596098091,7,2.4463007702132242,0.5699217959830345,377.5750768143579,89.32996449893768,7.1590527638475265,0.38458123336125494,45.06735028401604
6.119223038226008,5.527313017161579,9,3.0724974038348885,0.3534074464259934,540.8804562824357,295.9832769237398,6.937484116837759,0.057162291469588934,0.0
3.5977610677499396,4.999458578333439,6,0.44462964943869626,0.8263455972053447,322.708084252027,67.02796854467425,3.6867120585562,0.6333814456711978,94.70288502205038
3.8126456730700595,4.540963652497068,2,1.305335811292474,0.8256660555934743,238.7079310664048,3.054107340221155,5.222693037499645,0.9620735921922798,98.14342217983878
3.5563673340701127,5.271244703616041,5,1.535904888899974,0.6942918891068064,224.30421076050854,42.9553794816562,7.879467880244526,0.5298879312837033,75.67622691373855
1.9458311180389096,6.483696918270114,8,2.196277071161112,0.6856718622230027,332.85025567934605,85.06169307747703,7.466165476762933,0.4153004905046502,41.232515390552834
6.218380914702119,4.8604917669038255,10,3.2829317913184997,0.5427584369538831,494.37850981882883,164.02261232642005,3.7313163300183225,0.1940357768221478,4.295738961140646
1.7866625647820693,5.880608213921689,6,2.6192253981895535,0.6617808499751485,398.88030597999244,88.83662696149091,7.766795824046679,0.428703744450509,47.51499868673349
1.7399699685988037,3.542629626729633,5,2.0907207815071196,0.5822152679427796,405.2564374843241,106.60490821260727,7.054853412211106,0.3469858859407862,36.71754450404859
2.303463837126612,4.004691581524657,7,1.696299833584912,0.5437140273076164,322.6510108312633,112.00906092167548,7.3172301743881425,0.4004299903812609,51.59506747194312
4.7821075998836315,2.6150746959248443,6,0.7165612305487774,0.8328124828802855,319.6287473883424,30.018078876135867,7.5249007201075795,0.7519498790915845,84.21324284801237
4.42216117933682,3.698519751044867,6,1.346140331724077,0.7223150176470237,312.3394172872253,89.81955456385559,6.173298226575034,0.508733703631238,71.50186660719093
3.9199504274895403,3.0620482471999333,2,0.9545459832959954,0.8974858928851766,215.30001712434296,7.983589825877388,3.221525391220748,0.9138371494879566,100.0
3.9391132854468176,4.5480070248748925,3,1.3377967387699008,0.8177944770125704,236.16168740911482,1.9031888304007496,4.989649248565117,0.9849545444360934,100.0
1.7674977177082019,3.759649983023377,8,2.3837253906780838,0.6003741224580199,410.4975874367161,92.05407555659885,3.494706357298682,0.3561827477950966,35.75232026490798
1.2846129037862901,5.373714442956724,10,3.158428881866723,0.4471039454614809,573.2847856540513,177.56462680867966,4.90979724672266,0.13128652873690702,0.44326316915762387
3.7816833767441738,4.063054658159247,2,1.3396515510843758,0.8428062884057331,240.93150707483122,16.94654412517964,5.8123008287063005,0.8108779716953197,98.58847152227249
4.170867855012122,3.105238843641512,5,0.8561736408634947,0.837063219133718,301.97516711175825,22.87470580742293,4.040500073327594,0.7801304537770767,84.59331336927772
2.1441051311210026,5.920479399439868,1,0.8549816260292465,0.7334237991403716,233.6769886317035,23.731639127463183,5.071404861566889,0.7668617358661591,85.39346365738601
5.13477253002967,5.762641339645537,6,2.3838545612527184,0.5563202917213916,323.64286163490203,72.83981516936956,6.185547258512669,0.3998348677460966,45.15613098112495
4.674101326793731,5.766783703405473,6,1.106922285610268,0.8343980291105577,157.12766463139297,15.561739372602455,6.590790689809696,0.7687974658629687,82.7184364273314
3.5770944341103688,3.4605532207894707,6,1.4968466113702878,0.6877780076633353,313.10768403917916,69.65309130933507,6.485305791129759,0.5126431704424439,83.10511457144554
2.6465592916236678,4.755919818526364,3,0.5011811182439238,0.8856888926741174,258.16314226192964,12.379214528371778,7.703749342413079,0.8720938173094533,98.89645739682756
3.12548855334245,4.184086106157536,2,1.3495811794051442,0.8570305777210672,224.37657143116544,8.68535464679296,7.261395070896279,0.8913543966699372,100.0
3.9310376728161076,4.906826236751682,2,1.3084918808566743,0.8436405423333263,226.87245428585663,26.488759776399203,2.3391037528001526,0.7876718134784705,97.35523501420109
5.28044490055975,2.667009459312926,7,2.8732495989714764,0.5794621786546995,347.71541536674033,86.13796074748967,4.183354308286013,0.4265846125453743,38.166923173102575
4.011135080305262,3.9299805912328605,2,0.6263838623072047,0.8499369912878192,345.7826869963078,57.19272982468188,6.749846104238682,0.6013590191474459,82.64005333749
2.7438152042906303,4.120103214373434,1,1.7046798644424632,0.694890067761113,333.4484640857853,64.48104620261832,2.95720313318573,0.6554349237610974,81.22220815635752
2.737249662055242,3.1774849415957367,6,1.4048026586444122,0.6672135452175402,273.4414570610036,34.331683854842886,7.162793658651202,0.6097520543773821,87.0176255083662
4.657934393975258,2.5692972763831583,3,0.44772270163214,0.6871608843453052,165.4035948641896,15.045235428814967,5.99388723749273,0.7251029866274923,83.24518810712858
1.4197416421913769,6.247289597417046,9,2.8933484179994164,0.5014602755454833,596.5390431360072,176.12505956791682,2.4440618100918705,0.28550948491973904,4.218400353894376
4.544597977726438,4.037998689901744,5,0.3653215500290953,0.8420323295013681,334.9843504520353,51.60345667042194,5.115018071933987,0.6879640023668326,77.90667710265949
2.9292962507911975,3.2024105163512573,3,1.0248417433839494,0.8008857259497306,198.90923235656874,14.650298356833169,6.73322062082881,0.808593673956503,100.0
4.765568147486946,5.1783705062345025,4,0.9675314540399599,0.7530573958926229,295.98293452080424,67.6145816897823,4.4798425556726515,0.5333988402360241,81.6753252286345
3.5360584859200848,5.00449353388981,1,1.7150336871066647,0.7076757399737973,337.70046704666146,29.08991377137982,3.446569482109454,0.7628700954258012,90.66135492021148
4.851564681776209,5.455896115908037,6,1.9994293245647552,0.6882167352644913,345.30450178580634,80.06444583436489,3.7591792268323205,0.32992052176873365,69.09140414477795
2.515472911788227,3.5396344168904177,2,0.8669612358533568,0.8780297740807894,256.9671933038276,20.63506135672321,7.760573149035959,0.7429037313488963,96.19753317058219
4.795866621009357,5.06492642814826,3,0.763410356057102,0.7066686493243081,269.9424076630551,49.80145610090283,7.589979707477863,0.5700981332759275,77.83408547177312
3.404414897321838,5.781456662934507,6,1.0463000951110266,0.7391259232461078,162.39122357902446,27.986828877811053,3.8158825601247446,0.5309089872513589,85.60570590660807
0.9947866488554845,3.6024849986120238,9,2.669849398105833,0.5456543354635249,569.974181315939,147.56537473831193,3.586444605236185,0.2242305986581115,4.925507739483859
5.605921667584612,3.926396376938998,9,3.029056828829129,0.4591036588329562,527.5712809642895,155.97337428615037,6.162941356360816,0.2268277695004017,4.2507493346593055
1.8996988014340088,6.143398522783267,8,2.255228180819125,0.624913265609034,392.21527102414035,108.50480748461872,6.170813674852637,0.3628715940581144,25.395815589642474
3.7672059927852812,4.415863919754042,4,1.2892468529654435,0.8382512039800957,215.6920885139861,23.1220938727563,7.325660913159259,0.7458846665894912,100.0
0.9639769540152928,4.592179670248875,9,3.27964491086134,0.41943774039228227,479.053341758605,114.21307799716062,3.7153469950184017,0.2518035934736529,1.209282089986089
4.272214732670381,5.386284426915967,1,1.1177643221442042,0.8480253961928305,290.60274608755077,60.66030765388338,2.4284421692824782,0.6327401303560463,84.45638982881148
3.039387783390688,3.0734205393205323,4,1.9833803490027062,0.793766582183506,156.65903271441167,17.481231840546858,4.5860009090230145,0.6878871953969372,81.7904939924193
1.5881292287574404,5.423040411967158,6,2.6236353628813043,0.5284838012784826,321.0141930303304,78.70733757736664,2.2218655311259785,0.5266094326044907,52.768191980078335
4.5422973382254,5.956229905812787,1,1.3596993057123117,0.7744168212092459,241.97291080785516,59.06455050241647,2.745136656105484,0.5500303038275698,75.38324376400658
2.3151287757443515,6.007261571278791,8,1.7314047305136016,0.6821262722786876,410.8251341518114,73.15322267927223,6.694009990191186,0.4658449786816286,48.14180987553108
5.916207016858803,2.166852382722819,8,3.177810431962933,0.37853160785078177,490.2666586000645,177.37165688867415,5.216796544397935,0.16179270732533246,0.8720920411053468
1.9590247920095436,2.023036836556968,5,1.8455491710348422,0.5714317196486829,357.187187708903,89.36551613016317,3.438947264551685,0.5080166639170173,41.04179071781533
4.7269214305950875,2.1732319442425223,6,2.953945253450776,0.6842444251406916,341.7959362951572,66.55098605790788,3.683439393714942,0.5117032703134031,62.20536390334144
5.042700670839899,5.8817428278516,8,2.0201146785331643,0.5367703855784438,307.0885642535749,77.54478884624137,6.475338531526891,0.42162975184531787,35.435659971551104
4.232743758273105,4.177413020513319,5,0.3869029839144327,0.7958020951865568,272.21592987994296,24.77232015454387,2.4804111823636044,0.7777600002619368,77.20446481463146
2.400220818225926,2.6766002116151206,7,2.468328492535688,0.5966573338958022,413.47097069513865,83.11337675119796,6.691614735292315,0.5505649095253684,52.540648155295095
4.9161632002479525,3.286926660206404,6,1.748080061476373,0.687563133670917,216.45335235645817,26.831317001463162,5.042515663517926,0.7829254544161769,77.70103675145691
6.228520680547592,5.873904669877451,8,3.9838679115727627,0.4455446098915045,414.092449012703,203.94231683377748,2.6417268075023115,0.07560807511355475,0.0
3.007412354040784,4.7399352676079864,2,1.4357735839812455,0.7869197749017861,212.06545505428582,24.617224335034052,5.736472157227518,0.7830112610603959,94.95398368660568
3.6427866906835575,3.9372344150044727,2,0.40875215693005607,0.842339261829635,177.0142360276887,30.14915783839121,6.9371493623609926,0.5585212265729153,99.59452589832527
3.8437854479959226,5.682672558159496,3,1.9970230891088794,0.7627443990862788,202.18867268678162,26.556147933985542,6.030782658306323,0.5792412614702954,81.57648482076084
2.2245720437672927,5.245335977029987,8,1.9412670214341041,0.696132645308479,307.8001706388839,92.3810420528283,2.338937200187021,0.4322316420242687,58.44498322490332
1.8415337818642854,3.1976807526031905,6,1.8764523820341197,0.6348031119808113,369.2746551442353,94.53270263329452,4.719955493269765,0.42463722872609183,44.3525392808498
3.250303545372314,3.694676025153125,3,1.3938247886653112,0.8045942887574061,210.84920110894552,19.982006933733327,7.9880468825970725,0.765383967927603,96.07276815212929
3.186948000068498,4.429931467471933,4,1.3511814370980826,0.8452248905961811,213.5035273871251,9.178036616108827,2.719123889403374,0.9123848054747593,100.0
1.0177763445816013,4.830068736297362,10,3.7841389366649465,0.3513207435415899,466.1192899114348,251.26900180246338,4.0558182053841145,0.03523956031826483,0.0
4.703162761483553,4.8036698093283805,3,1.6535210087642327,0.7383056791940297,300.6979542926145,31.086755156154517,6.391580679903025,0.7777219595752424,84.36504064439733
2.2954091689041887,4.520865847310241,5,1.5335117228155932,0.6725060169727053,354.5421130988618,73.76107038231149,7.231346962828604,0.38769783684750997,62.305090740891316
3.4992130780046,4.400178586143293,3,0.5743895685922082,0.713614071500578,319.8241474673279,43.78151137248651,4.670276037560056,0.7147113694576825,93.38168973530989
3.3404548553126547,3.805117886990196,3,0.3039013392199873,0.8255217715027887,160.62621950107516,28.423012978726014,4.10681855422452,0.6856553198459336,96.54325053664982
2.531899858752282,5.459088195536113,6,0.731238445626946,0.7745041018481874,339.9307963896564,41.05848043365782,7.6411086573320235,0.7435937377407407,87.41936388149081
1.3730213837902256,6.954549835609923,9,3.4168132132267033,0.36532405476215235,403.00570190342404,97.52670742516003,2.8678483051009462,0.3566811444730068,1.2641686348778558
3.7818682413064124,3.8802177642009905,4,1.6581931219246315,0.7297702470699974,218.27308071416223,22.551228888505456,2.5862682241683554,0.6878189353652356,87.54703156067897
2.9913815375847497,4.96892511099765,3,1.3137285594389336,0.8905071265610336,194.01805804755617,27.515529164087013,3.8202250904743638,0.7378043755353436,95.65529018569687
5.886023009822935,2.407983949444532,10,3.919161040719347,0.43948225117061196,495.86726482784024,139.16501120674238,2.5887508079990686,0.35335536003796814,0.0
2.4531937211832258,5.767680103999852,5,0.6296335555812614,0.8315452885107912,197.07331795872537,33.089787424647554,3.77231423435519,0.6483037136940258,76.07984848217367
2.5864416933234953,4.2700665364287325,3,0.6470321621660624,0.8407359283945474,240.83334382749243,2.608297432678978,5.4559328758566386,0.9686919787405551,97.04644326978904
2.6797353348322703,3.100266759638187,3,0.5181464628037308,0.8292012565183089,242.96821518240708,6.288590355561214,5.06631627752339,0.9261475036241871,100.0
3.1560159348145906,4.189005747587346,4,0.44657239025619344,0.726661183226867,224.039263432531,27.449367740914173,3.618556864760761,0.6810409905433523,90.3004365743588
2.567592725003668,4.3600399971111585,6,1.3394360729110562,0.7777403474017532,233.19039608837704,40.47637959714964,4.096713972739767,0.701371362751642,85.75459115062411
2.2575878027125604,4.530263515230738,2,1.1243557660238563,0.6594052363938158,268.3351761257383,35.0469807861798,7.773755284760272,0.5759341735771194,81.29545998922872
4.7429199464899225,5.989733541033531,1,0.8028372682910248,0.8462630898456684,283.1003082531353,53.10029685519166,6.687750804304781,0.6308255260996225,85.50119940784836
3.5650073144181356,3.4377614858479966,4,1.0621013423578307,0.8562548266774908,208.7886084955575,1.9533249353439919,7.449297814181326,0.9822357826200752,96.23765313413838
3.888018008847895,3.5132910985145838,4,1.3639986431604276,0.8340172624239884,182.47715114999548,18.055720442870722,5.824184926057794,0.7781183045959057,100.0
2.635306648518845,3.9428777773735995,3,0.8524455009888308,0.8146547276277004,242.61502816502517,18.45623291499153,3.5547707434718805,0.8626604757234684,97.2649753118369
3.2757806345120755,5.651744968660493,3,0.6955661451922917,0.7634966457865714,194.82498260101275,21.13193766732395,5.748263357124329,0.7879678315094094,90.06504215053425
2.8511291162786074,3.0678422166190473,2,0.5261804782592253,0.8310992880897952,182.24847978428033,2.6474783825135018,7.0951104508155325,0.9661279014615487,97.66233469616938
3.2503398342478214,4.702380887681354,4,1.265771111481914,0.8044514053241381,277.41440610090746,13.522444204915253,2.205754430907785,0.8490973280713311,100.0
1.6096231553487415,5.352256556277995,5,1.657646412216196,0.5076555139267762,443.57803903355693,92.04796977003586,6.442480873795403,0.3230349978506685,47.52004118051283
3.1693809907486585,5.957816178734482,5,0.9935604341152857,0.839711141339327,270.7714342785408,26.66847136559238,3.8614107405415714,0.7625943241569482,97.37887834463147
4.295635077080318,4.68031361009247,6,1.6687254210422036,0.8203173261130454,161.4577256043727,26.057804596287724,7.914466676067458,0.7278659943032781,77.52532981327518
4.900250305457654,5.825725610422216,5,2.1187297587036955,0.5622128392351087,417.1375943613531,137.83008692291233,7.085944111744798,0.4076298031105077,50.262457206474984
4.326731683548937,5.195249040104168,2,0.9283872721363344,0.654123093394792,295.7971570525922,69.15833578665406,3.180170009716376,0.5568948170671281,79.90477763231284
1.0444168752549683,3.2361096751595224,9,3.86084199010197,0.45005159443746096,515.0438891652558,166.69411601163384,6.18345969244699,0.06319946552011793,2.105386283767874
1.5849844518453202,4.350055964757174,6,1.7968502542306521,0.6045696538404874,304.01933983766116,80.26082624431345,6.2249008681870945,0.4880575168365345,54.69263939388667
4.434308925144302,5.5465935761694665,5,0.6515664676588407,0.731577388877339,173.13622618681214,26.714002062517892,5.017575764679593,0.7352249226892958,79.80388237224672
1.928336495899274,2.4925774282270603,5,2.849006569925891,0.5717262482691267,363.2916739344702,97.2532698482682,2.4227925538447037,0.3753607440570265,33.53154847504351
3.91721658634261,4.093038369222152,5,0.4987253521907021,0.7913194476256856,328.49441360302865,47.062418452570135,5.974595160555105,0.5811236315459443,81.53096896009586
3.702608460371269,5.843681782965048,5,1.971591900010917,0.6673589624706827,170.85162651787843,25.77633684330252,6.620372654693656,0.5254751873937301,77.50175632543596
3.4934307724163727,5.669653881874522,4,0.8666081251880497,0.8171418608015504,155.03476212341647,25.456870807530805,2.0824502890956325,0.6552675468240483,93.9696822230285
3.882045822592813,2.9515620419267172,2,0.9392449961688433,0.8283718825004521,297.40817545636054,40.68486478890742,5.085539047514219,0.6851138333128177,92.55327574042086
3.647693112563272,4.979545965706476,2,1.478289267634611,0.8923247848458196,279.57194766219527,8.267364169866868,6.025835564671054,0.9386851876860872,100.0
5.533786720731944,3.8593874791815863,10,3.2118419421437685,0.4614774116839471,496.2215464218559,128.1402157179874,5.6772742779287615,0.2041874394717773,4.437312050315363
1.5393394532367255,2.5103454422972713,7,2.6684510794199268,0.6437395993809668,335.0450493895719,83.30648076019622,5.091422913177524,0.5813814337870732,41.038644653172355
2.0339706727422406,5.82239438887475,5,2.1675245810859876,0.6899734433987148,368.8827394133579,148.55908765058783,5.075695628745892,0.3260850942766355,52.2767071537086
2.1992572793785814,4.0221096026695236,6,2.9861200962411987,0.524784735695136,331.6924389815026,112.3906079935144,6.977330579829362,0.35220339930251165,56.69436218923148
2.56805521753396,3.4121469623819443,4,0.8068253195313156,0.8605753139830645,251.36736155338244,4.081138073112463,7.976384447284502,0.9604949197847674,98.74820747601409
4.93448664266637,4.828627367000788,3,1.2326031554248158,0.840245838290678,342.0414950210032,43.473813085281684,6.173776075368921,0.598393954056633,85.57793133349186
3.252186538991084,4.253034596012975,3,1.1687484877925622,0.829997888273374,198.04883202034887,8.870146425572447,3.540989834011686,0.905657286129174,100.0
1.7795922283539127,4.3777647710186525,6,1.8494499912597369,0.5794168528093742,341.1526892656744,83.98720071601457,6.928863260946173,0.39980886043117175,45.788117445413576
1.9498001785234655,5.394216180947586,7,2.18041961159157,0.6581093438432701,317.4497081135775,72.5587610675136,3.7153256767117964,0.34149694630587607,43.97663399664951
6.192198153967658,6.736191787921159,10,2.6713941934220764,0.3764554252290578,576.6756094359712,147.12330331344236,5.383177405828423,0.2547029411418806,0.0
4.902844129005916,4.492123809210899,5,0.8142425571421316,0.7961846286354107,343.4891646249228,85.8897505467036,3.482590308111486,0.50844556389363,74.58283150227383
5.098158821583538,4.9408182629019635,7,2.530197935085872,0.6173855995922481,363.04577322999864,131.50968529230656,2.835805145562969,0.3255901271375762,37.019877040256056
1.6197163412236146,5.038894347001303,5,1.67586302313778,0.5074844148678518,396.9935409998173,94.59719697684349,7.452442483434144,0.5677921695558852,51.36880209130766
4.923784463895435,3.3545108009706786,2,0.7633421364131661,0.6658387783480078,233.28254202449688,36.45937997812403,7.954499168064052,0.6732385716530457,83.218036098129
4.8027811466937305,5.736776430827791,3,0.6830524061477846,0.8419529904280846,247.08540310517583,34.321735763445446,7.810604088260752,0.7322791647171786,94.05415188275857
4.915156030516048,3.109972841198705,7,2.0348906173721537,0.5668478363980208,405.08792885205264,143.86190281060072,4.002265574530245,0.3155705112625696,46.40322828970793
2.6789283839466926,3.334143729028003,6,1.1515481727051649,0.7409178745617431,236.84666621193463,34.88321924994524,6.198357441110144,0.5385033087833139,86.90020033784472
5.68822265476888,6.761821513765947,8,2.7944731281851634,0.5282039209584029,521.6334321652699,202.90111774123437,3.457721164738702,0.07899247481536782,0.0
3.361479200385704,3.497300187272518,4,0.8684752869255342,0.8392611477674002,241.0544132719556,27.853404452095717,3.5759573801831834,0.7061303221275455,99.01402426554252
2.8649431282584317,3.975487857537765,6,1.7712658212535304,0.8108040043038178,209.63811320296378,26.058971755983478,7.350625132632061,0.6015871222666654,83.49245710122547
5.867893844354489,4.807951773813996,10,3.7421212250892397,0.38588564411617254,587.2102135904516,137.5915032696407,6.084410575761426,0.244728864564442,1.142264411617857
3.4758203013438322,2.6821200210462477,3,1.9606655789800658,0.6938698569604118,297.1479686393363,60.35184764453874,6.623803415069885,0.5289059765149018,83.01807491133245
2.274162239463707,4.517034642462969,5,1.026512270024211,0.795461502582668,335.94764347704006,31.74708992418128,5.655683097562773,0.7058897080494108,76.1192607212019
4.633123336289902,2.9091468294616023,5,0.8640249373535281,0.6540385422050377,281.6457658603683,63.11815851230459,3.596729164581914,0.5287164656144604,73.46741483224929
4.030217202673394,3.556913303949684,6,1.9682250646270465,0.7846597711618121,171.04269502953673,23.39471687328042,7.918314119459311,0.6725242984345846,70.77664920348117
2.8804924655672792,3.2141378669685845,2,0.8696143649732375,0.826148135810954,216.65548445170074,16.165733122949675,6.860170450467535,0.8648113338724143,98.89852222605468
5.318408361061252,3.3587440488981244,8,2.156401959085377,0.6549220546474563,329.01405615676254,73.7293691330986,3.668607212058979,0.46833160571175136,44.51532327706799
4.409000039980608,4.215718883843486,6,1.6384654277885051,0.7158300440062448,200.84045953766554,30.278559058070403,4.738652804039334,0.7328064880661693,74.18145687990312
4.224776222796734,3.499163906461605,6,0.9065071848133581,0.6887184845085045,258.0097940350498,42.04047107462192,3.2322210899596615,0.7271150384097027,78.15872308438091
1.015565355990035,1.892353492845057,8,2.601424064738005,0.45876920960681555,597.4110685171984,272.7061091241425,4.528734904118558,0.0687674597883237,0.0
5.262308512401373,3.895644435780423,5,2.6789750025942425,0.6591418850608418,345.2349737883298,63.30838941413292,3.0482768140609924,0.509255506840551,54.061036033491604
2.329692871934034,4.424841214816107,6,1.2463605082729845,0.8004270995916816,177.5902941173742,43.84441854966941,6.296939942989569,0.5052262086294151,82.94474744855157
2.1379731166227924,4.888547824780774,6,1.7904162546930353,0.6819865765932932,248.8500291709246,29.904167860746718,7.165787010382868,0.6203319893476562,72.87568719641887
2.664072991865162,3.1687897918946355,3,0.7768328947368908,0.8072341924130391,234.6123132275884,22.198464822843988,2.1299391297528136,0.8241843266513232,97.48065917521595
0.8582963621874612,2.0417070196139684,9,3.5489100184993103,0.4172315007031011,508.26553398065334,195.0304739011798,2.5362978178425273,0.25235200509282524,1.864732506445671
4.639967660219902,4.547688746035325,6,1.3940607341330338,0.7566467559078004,193.6448863949472,11.823092041201386,4.803453698595887,0.7994646399041649,83.38435742179412
2.930202997429073,4.2023505979285805,2,0.826821714219685,0.8297481949081082,198.87519690490518,17.951934837177763,7.168740658211034,0.7538128370999411,100.0
0.9242755812572233,6.154996078166986,9,3.223106037371894,0.37437420039176716,596.7084683986277,268.78594258383043,6.941914797609945,0.09684705919568898,1.1823189467322193
4.417009203236239,5.974930557506133,1,1.1884753127819394,0.8151525874116549,172.94090700379198,28.215463065768706,5.1711529945722035,0.5355528244474809,82.43113219711272
3.023097330161913,2.5268927248143425,6,1.3588525623245382,0.7512769014634981,263.1276346783443,44.31524072482975,6.669835240421069,0.5357926859027771,89.37124636610237
2.8764967133954196,4.762278258800786,3,1.832823369856918,0.6792513989449616,152.26538704892943,15.95693057918868,4.538051066488982,0.75874807711192,93.81889495942185
3.371503652208536,4.7158640046358675,4,1.2546268012989923,0.8617150006080501,264.04481810875535,28.5834566281864,3.08946396484885,0.8069874152581237,95.99696807812698
3.024589930953357,2.588588201326373,6,0.9820295623281946,0.671260167934456,207.60893861112268,19.373541734916873,2.2224284247049173,0.7953877387480011,89.15874601241752
3.9658812369227467,4.475597435008492,3,1.077850185950612,0.8079440454338745,270.9521172718819,22.999699300618264,3.4495288007214864,0.8482947068072966,100.0
4.934683908420879,4.275790054673637,4,1.2094538117751454,0.8033252288934474,335.1196228167057,41.23156011318793,4.983267629171069,0.6100382458206712,89.26449385678725
4.872195742315244,2.6026513959369746,6,1.5474454438765777,0.8445809918923751,325.25135944252145,56.7887812823273,4.762407390326663,0.5984381126495559,79.3575487892229
4.656998718767602,2.3230738733004395,7,1.530670581761345,0.5786714803064497,447.82560345631515,68.45110158253823,4.842053121666687,0.5382678553766134,49.28281719170694
3.430349855732884,4.223305287434713,4,1.1443382281568117,0.8690993057636724,239.5822214499505,24.328715342113107,7.906190777239763,0.8232360950745506,100.0
0.9217280387482386,5.699599014799437,9,3.130081249496496,0.4288032893337317,504.2520067336411,184.3085708316003,2.1647560151613376,0.12946710627604915,3.2664219874767655
3.2244500749981757,3.696490530988557,3,1.4005829113565724,0.8326056222557269,211.62744048869098,14.904098087466997,5.121938073951257,0.7975413500425363,99.4289634006646
3.9291844114210175,5.277556799579767,6,1.420753837075829,0.7834871880964605,344.3812659827114,40.77277126239517,4.5738581723257274,0.7907674755466819,90.81030637158574
2.294605543088587,2.5564681308002095,5,2.2275430749400416,0.6749514738040217,437.46201023911954,106.30802630325802,4.7636931777552425,0.455754619225423,56.17474227069561
4.997975980510952,4.7086533724673245,2,1.4873767942580802,0.8120850143055344,239.58180447655627,28.929185995764406,5.485994581192875,0.5993601942210651,80.31338730362005
3.7641215728633544,4.460135515981121,2,1.2492343855266888,0.842165751346706,260.668391438852,3.9241877988203333,2.4993843341362068,0.9548285146482487,99.97503827413078
3.6085422638224527,4.338058248560475,1,0.9174596604297747,0.6811800780902834,309.0680033811252,53.91056789974139,5.891795794455582,0.6030316023997265,89.97440942472926
3.146848795114535,3.0913822833756237,4,1.2479314743473913,0.652903379006685,337.2055170474758,70.6729241509415,4.442808583563524,0.5821594659436323,92.48041785386155
3.740753661012159,2.974422993575093,6,0.6836182551577706,0.816624948345885,153.37776288121978,34.48185262226036,3.9410149438383186,0.5606211371351146,90.4324404529037
2.4056529165656917,4.4975004442005435,7,1.730429126384326,0.6639190893121275,368.60009023452426,71.21204936951254,3.9284299404661245,0.5780284496247119,59.040735667168704
5.20205700949096,4.5370024656732015,7,2.25633185685812,0.5289012589658705,331.69306445287066,50.220254443531125,3.0712841662565076,0.4962270455815168,39.607469473155604
3.417304135213932,3.1290970748769675,3,0.5916858327072256,0.8709438119284615,247.63865866949342,13.784976578920979,3.4658341678996694,0.823387476234885,97.65216283796757
3.6479461222420313,3.526809077215901,5,1.002141325564643,0.8397254097658136,343.29935382574354,53.61079796002152,4.203822116246428,0.7324256773508268,97.96818645066766
3.4748513031214023,5.472029319263628,3,0.3935294786017618,0.7963028141363722,215.71741908462297,37.15241576642366,4.4085884603505106,0.671639762415299,86.46662718030699
0.887900905943971,3.6289977163261318,10,3.9884486534610644,0.3898636758748259,580.8890472153576,164.2444590562476,3.1507114676236068,0.2595472559008173,1.163438972784946
4.824826109458943,3.747462548820685,7,2.3251804904174733,0.6120753051633463,429.8800624865016,165.29179002410905,7.55518237916483,0.33021695853903965,44.31872520436544
3.4102035968176634,4.576246877004718,2,0.9189858378119521,0.80753452923113,218.9989474362803,4.10818346552185,7.628491548914871,0.9656148185751278,96.85049959523694
2.725858373127251,4.024831706384763,2,1.2344250935793228,0.8688497114891081,274.6699074940996,39.60294016770421,6.137722773744668,0.7468499446607303,96.60996574831816
4.956357008533621,4.086155962901495,6,0.7747923083275284,0.7154555260576356,156.2827617452418,32.69983582362215,3.200727856794451,0.5568565576219887,73.7737581005276
2.23772261159423,5.771626160444799,5,0.6925002571414653,0.8313187159118589,213.47697377415136,32.80262125556658,5.305644022864266,0.551630137168623,84.48542964465983
2.321165384718746,3.5865892163905,4,0.5564042873419647,0.7949293815727808,306.8906505899069,59.56038115799571,4.386163046239348,0.5524932213896983,80.104976835242
5.80663457105815,6.940352282440071,9,3.9702593624959985,0.4730103704973379,427.0786956320748,84.26960065809719,4.469654463837388,0.36217816214832055,4.777367066490977
3.6525228893680435,3.1344333265491793,4,1.3143551464336023,0.8167410243195595,228.99360452189026,3.7172111772202374,3.577959211912621,0.966370081312537,98.1948771855612
3.5971840457484436,4.909848279180252,6,1.4890449271741144,0.8378074120282858,185.17315986575858,22.46967025656105,7.112131421893242,0.7334675471226966,91.73111769833277
2.8026292116682696,4.982544675146948,2,1.3824886472677478,0.886789879170476,275.4534005389238,0.49999837652691287,6.812141016181893,0.9952876511259884,100.0
2.196327233911619,3.0059091648356664,7,2.2889439375536798,0.6392151959007666,356.4171051323723,78.9530858094492,5.3422651533054655,0.3922194153178039,48.932116811001805
2.0084380778292643,3.7223489872524587,8,1.9298017566948684,0.529831420701585,307.26827823396377,80.29091698142378,2.9100339183053987,0.3672401890534521,56.65735006557272
2.1363313600656877,4.550019627835956,6,1.2043835000577197,0.7088256252719807,200.69532808884856,38.80149461412329,6.269942996383981,0.5965800699866843,70.23903864072112
3.8980078744272584,5.515530847918116,4,1.4115306215567052,0.798821611006717,303.145151242691,34.06683863311173,6.20037686113178,0.7530469828237392,98.48102940316362
3.587033741750866,3.6863685899365852,1,0.7614575948428091,0.818147040941996,329.7459984083861,31.985319520657313,2.1093363829009313,0.6962320224904515,92.23877973596582
3.053792765825046,5.2318232594462675,2,1.4358900664385126,0.8161578939828764,323.7027491328298,32.468797505772656,2.261891032167956,0.6840147296825619,92.33035633644464
1.590700123498996,5.052474500255611,5,1.5974299054622594,0.5137160497098006,300.06926778782446,103.5723646130184,3.409634964912105,0.3908507902539079,51.259195056921406
5.1792150394240615,4.448137555372439,8,2.477890457497503,0.6024109296002957,387.58630390610534,83.24452243203794,5.899576189307675,0.44029898396121103,31.08689285611099
2.784776019413551,3.6328559282248087,4,0.8356679187710879,0.8497291919741145,276.9241616072079,15.887935406573888,5.339257528098919,0.8937819034784645,96.98137605556586
3.3909021956752508,4.904609515737635,6,0.775254728801926,0.6994799598056842,151.00713375680485,17.46708581664186,5.997867478571958,0.6633999589261625,82.39691772985431
4.996939111139395,3.621148261853103,4,1.396987360361621,0.7975373043556196,331.65086527251606,60.53304374930244,7.428979044311064,0.5057760830410201,80.68898638591287
4.515874972054284,3.5250427318761393,4,1.3044984122295127,0.6890958868609294,307.6995888382054,45.451765051670634,5.944347407362345,0.5138193443917081,79.87936820838509
1.5010760160031165,5.587696475623085,5,2.532540578204488,0.5827576235653835,363.4301363591773,80.94906904672537,4.40455642725367,0.5204538161362247,40.97727310992717
5.352243855620932,3.8235237590097966,7,2.0719504481104454,0.6980243789899717,301.4034306532589,55.41122924586214,2.3580900117558317,0.5313541952430991,45.63145403693117
3.346960562217698,4.120052315072708,2,1.1360055818453567,0.8031653643066715,267.7200720629555,15.488326644741422,4.404586935916234,0.8256594950633241,100.0
1.3299519337633054,4.98196088579664,8,3.7579370677318558,0.43982333296217746,556.4003654306576,139.4927192617858,7.993229817465028,0.3322244711541291,0.0
1.6014892913574954,3.546352745257651,5,2.769258018638011,0.6576643120162352,445.3245626472068,75.20946218525167,2.622006556290102,0.5172919971965606,52.20131758325111
3.326620754364059,4.7978392523574644,6,0.6260717911996752,0.7477258110789424,260.61597225561644,23.780721371184196,3.2156889075077193,0.799581337550442,92.6603420277982
0.8637735969463184,5.389657955373558,10,3.0277547384366024,0.4607140152969826,578.4992328325698,194.10157055520907,3.707735732908996,0.05206988054662736,0.0
2.297357814414812,5.018412072000979,4,1.6206211278768186,0.705169354803025,331.28629737954276,40.76605200938555,2.8742625028467885,0.7870334054558419,76.45947672804897
3.3316109280779598,3.885621119926242,3,1.114766901626265,0.8047572649057271,188.979028865685,6.122225846648712,3.709175401326427,0.9113819714831806,100.0
5.8109725173689615,6.58675217088021,9,3.6178525017997516,0.4895772251569931,434.20486628516994,127.22407722365422,3.683748213477422,0.2987939387127272,4.01875713172519
6.136233319858807,2.1832799170715975,9,3.2970885458292423,0.5194963218950682,469.7101044951059,229.8145747838386,6.14102000095434,0.140006054878523,3.294683575142864
4.5156844404594105,4.848190766574683,8,2.0061178998001923,0.5718243110658331,364.32498477022847,85.73467614279026,2.6444128040718944,0.4126750994460935,46.976968386979166
2.3949496213820467,3.4591877078643156,7,2.304559497627984,0.5459317590258647,346.1543576614239,84.90678385695664,2.198805039144641,0.5110363249574674,58.54748067317279
3.984409138568104,4.7356779942647425,5,1.0376510642364762,0.7847929660367847,242.16832284115102,51.65804969633463,3.4881662384479872,0.552306751850634,81.91947698232963
1.171388653210598,2.205607356680526,8,3.1732155016580057,0.4533211320945633,497.7543877022748,180.56543017004446,4.740998516333181,0.3364813903049565,0.0
3.678387981609783,5.689333229234504,3,1.2538375164263795,0.7207217616597148,182.13749291666258,32.40689651722012,5.372288391836783,0.5261156461196043,87.57515591084226
5.549846056409954,1.806436899271615,9,3.57596089541678,0.3638517742798246,529.225686326979,146.64447121837273,2.3859640444275385,0.34907125898070457,0.0
2.8716036514868364,3.74545260696921,3,0.512014527635756,0.6911363385279955,166.52069920958476,14.20113000868106,4.423103150380612,0.7634954252064103,99.36286254990002
3.0484399544346807,3.5480446895217135,3,0.7649556123142293,0.8684260063448128,259.6788656485168,4.90635794086646,3.9304663668669106,0.9510807034967358,96.79708639135497
1.7016564552142792,3.887078179138012,7,1.5643735526471403,0.6208226510843164,363.33685967277165,75.34121307534598,6.420989433787494,0.5223289356979075,43.2031928130689
1.2997581899491075,4.110810660507371,9,3.395657474423906,0.5306132632033965,400.54407488685627,121.60835662034965,5.820004521968043,0.2908746739517345,7.939345729851874
5.282637088066894,2.2474854015591923,5,2.991050500747624,0.6548334220948661,338.15307907536925,119.66069997525312,3.4456789742109546,0.3526086368530059,42.670127410071245
2.1967727766699916,3.5753246749001364,6,2.934093487476903,0.5306683967629974,374.9899002867961,88.94544329240924,5.290889676273622,0.5062965541887634,56.00811521033004
3.6430851630445353,4.077586672050834,4,0.9716352048921327,0.8321610766288015,266.44913386514963,9.501113112518619,7.568870968350119,0.9236230844934016,100.0
5.1807966133628485,4.949011207969063,7,2.5485201229626155,0.5809396311216651,394.9954624647438,88.27425780997096,6.599574587301484,0.5315660031435101,38.8773837039556
1.9471497843647383,2.751118680658979,8,2.252878029841862,0.5722756598887807,357.9494546438736,81.19596418028462,4.314508436540759,0.4238015012848768,36.74692018049739
4.888921331526125,5.717158425981607,5,1.8648693434282557,0.5791610162095882,437.2081386506783,164.1878003889566,7.858409531566889,0.3427852107086874,50.47284167249988
4.950458632758368,5.030701236582259,5,2.3060894378133336,0.5070658952543785,394.8140502458367,123.0098448845483,2.4741100049666818,0.4778421056640406,51.947760645924106
3.078925316968729,3.4700798073001904,3,1.4327652901404115,0.8395724196111797,214.3333954014548,17.72845503357259,6.447671608730308,0.8615162772533709,98.60868114669717
1.8712757401605238,4.495314158024739,8,1.5494338008731516,0.591914616184078,384.63730337007513,131.00644103977046,4.898348906591581,0.35425309966685264,39.793633092667825
4.98485722510746,6.11687175938164,8,2.642415485753413,0.5086686269722759,341.6397091471284,134.45371051170264,3.898778577514375,0.33342531578634393,47.60600040729241
3.751248238194893,5.171332216036786,1,1.4024212094474249,0.6624173858452084,202.75851761789846,26.530556830708694,4.022036226802794,0.5702128860981707,85.85558130209994
3.0857013134105804,5.020073777105805,3,0.8728167360037357,0.7795943437114671,242.50640964631117,33.356252423544944,7.239650388156433,0.7267316610208336,91.07801074836009
0.9598844761677403,6.419494848660673,9,2.5026350659552064,0.5324510893296722,585.8115627496277,268.48619860071807,7.554495845182602,0.058655449175551766,0.0
3.094364129786743,4.432569724913172,2,0.7079028502375926,0.8436305744972117,277.2783366549179,17.7326896337474,3.9533325791704064,0.8207432259155856,95.97795110467756
4.363143747795745,3.9146431777637227,3,1.6391835379507835,0.8438104375415926,165.41369534954828,23.0417264671447,6.797689500091351,0.5990090537861864,82.89436553992867
6.0219330400184115,5.34855229436197,8,3.2359927123675094,0.3623118449640586,539.9265027003888,189.33358244338916,5.951621620631432,0.12599983478564397,0.0
4.76046359962094,4.960014938959142,5,2.7559652153748813,0.6891951276135628,415.8123129537154,68.23259850817944,3.2418410518068184,0.5709278412853972,55.61943460039573
3.9569349978369432,5.781199792813529,3,0.48595752708077694,0.7617741828956994,246.11210305917777,33.97109635220025,3.633474888690184,0.7025762653778176,96.47609801349145
4.688442892560946,3.783568106838534,6,0.8285995774978444,0.732474658590577,175.88705840355541,22.703645611804426,3.3769927822052463,0.736103754859689,78.6292353710819
2.6195291824770317,5.194806491341488,4,1.2239465848152473,0.6830389222564417,339.586718468321,89.08827809762634,6.8845602523423,0.5013456763296209,90.9463806082124
2.5419638151941606,5.352613423448542,4,1.598307681256038,0.7555745296085777,311.0007314058712,48.38029794915862,3.220921812602443,0.6751120873771288,86.09389553576571
4.576525712546914,5.300222959407871,6,2.3970602641766243,0.6472810567860648,360.3870059034084,113.42427520975455,3.042752544959913,0.39333382497913066,47.25065351892884
4.220551221153793,4.350336931502902,4,0.7367568587249682,0.6993777991843159,346.5183974373344,44.82830371749842,6.317234063715182,0.6181803537206012,80.00432796645659
3.42932678840235,4.541105909291698,4,1.396885689179192,0.8550477935061201,183.91174576857463,2.5467025599799524,2.0986149005712313,0.9767317310717168,98.69745232064662
2.991491432751576,4.086907027091631,2,0.7431167076302136,0.8468144437131492,198.7026776292045,4.575579831116576,6.035202366106493,0.9429963890488999,96.36912112015226
1.5682764415039385,3.0280079850168398,5,1.5101252025334913,0.5003856436684377,395.30784978594295,140.47718140922072,5.724428609686824,0.3819933205585516,42.329022570654104
4.883658818698747,4.133802944194416,7,1.6762845178781616,0.6891410248155068,448.7650194577227,115.97994712171469,5.067409264185315,0.3643782766992514,57.14543211122197
2.0436817315379394,4.724805155463221,1,0.9038795317586088,0.7385664517012379,316.8108453819474,54.954567987841294,6.886504304099338,0.7017456154154844,86.1881887799702
4.239101451660641,4.410279479301017,4,1.2822186199109076,0.8269316381241074,321.77068327310974,28.669179414285395,2.8456098241647396,0.7810634906059488,86.22871406670659
2.794431644782551,3.980400416960224,4,1.5527415351859901,0.6795259747789157,164.6978702074162,25.84700888180341,2.5883999406565987,0.7069330701209214,94.6224913557271
0.8007728604271671,2.6500051641324993,8,2.6075715968954074,0.49597794749099394,438.92501723538857,99.59297645467024,3.9628371026715135,0.24786434726371975,1.009349224851718
1.1535104562690315,2.722314705026504,10,3.073667558639519,0.4394761360924741,592.368714920218,223.93798361219288,2.3201680136507954,0.22530823296246935,2.918360396204701
2.2196543890587175,5.243138132440148,3,0.5038346659571706,0.7895289295686265,314.2604427476463,33.320310218514976,7.959764180484202,0.7112230519256888,87.91443048000434
5.567608274051455,4.810678614046977,8,3.8134708520664558,0.5052225120842604,576.7059726956311,187.67978977976674,4.504654879714237,0.3441821165050283,11.932698557896977
5.034201800926078,2.798629783101157,5,1.8186477287871323,0.6760800260258446,348.8615000958169,94.24781607496703,6.309828847513597,0.5344661335445342,55.374925977497966
4.681104672873632,3.643898084370596,6,2.906673543451201,0.637701592455467,357.0086087201105,78.60524952797611,6.828420789987885,0.5605041299228265,57.480788787993234
4.510296239437557,3.2045782057457926,3,0.3499196364464918,0.6620168106867675,332.1902081135926,88.210180127392,4.3792798911947415,0.5285728261028362,76.61539033681538
4.71528216822819,2.585430657976832,6,1.6397346110626614,0.6564398082331019,231.4729939618779,20.32970527058505,3.5158157611276186,0.7914687948559455,79.18507352201867
3.005591888013651,4.766560449291888,2,1.5209868297339089,0.8357276490566528,247.76479380575898,27.505540848340186,7.737735136807817,0.7572553082621392,99.69705205973145
4.877186080954524,3.4443457813479013,4,1.1118809868145902,0.7069038362399154,239.03272526144013,33.399142306156975,2.9087815262938057,0.7165047543038124,84.86875742313983
2.163493109616951,2.744549237913973,1,0.8486090857658335,0.7693584140100486,324.81673813295134,36.14752630908757,5.2007514012570635,0.6824232624096246,82.57199387289626
2.9445214214591404,3.4628248800319588,1,1.5402348379281912,0.7587698611897974,310.8678864773709,32.0838326959172,4.117490815183654,0.7742061413005757,94.65789287656527
2.1273526330874812,3.491810037880875,6,1.597866102453281,0.5973207905275492,319.57725845866435,124.06614368377095,3.9835690286939487,0.34357703864445394,64.01910073151014
1.371682086071966,5.326319187299278,10,3.696491599629945,0.5043957194083599,518.6333711616314,262.9256445293766,5.921237024875674,0.12657036120782958,1.4369096227742595
2.624637696516656,3.906105872674772,4,1.0479972565854554,0.7722582440256988,326.0024810857575,49.96275274643798,2.9710074011359944,0.5921118161283113,88.85094747883359
1.9985332694258695,3.140306489591852,6,2.717474361871248,0.5668982070979073,342.9212212633857,92.36407837968224,5.937220977011811,0.3018418464637727,46.49045861321763
4.919040368796153,5.167852129473188,3,1.6281338583063163,0.6907700544573511,243.86744967278867,34.12618811670835,3.9119809428466947,0.6479794623233502,70.91393914476006
2.2854213643303596,5.3934268573121535,7,1.847816846736986,0.6243800271775433,354.2530150292517,59.27444688039128,4.299786179436057,0.5365556050774752,50.92213975838327
3.4437585292591715,5.519022181803693,5,0.8285890383233552,0.6583659751001197,212.73803830525694,27.98456876197664,3.6821662900995142,0.7319553773084315,87.55328955879223
2.3160188569033346,2.103684532234364,5,1.9199851463405422,0.5866745123752498,416.1370167984302,104.58310628582952,3.986803285306844,0.49516496336762295,48.98108477213863
4.987096143589601,5.988776487790639,6,1.739905520290039,0.5068680334957523,319.61056613712765,69.58984280109523,7.082770891068102,0.3730473678923965,56.40838549515392
1.8340239268149185,5.1826060107556415,7,1.6186653061773661,0.5093984013972578,342.07408116073464,64.25891806808302,4.706324704870979,0.5632874391535648,50.178702958669604
6.050781968561825,6.5779217191806945,9,3.191071857104786,0.5435825429462041,578.1583258097447,201.74763309001887,4.835022066037732,0.0245357016236635,3.488738526909574
3.672157314420208,4.395522765934182,3,0.752578921631547,0.8696640043172102,183.77095987475874,0.5445150446883187,6.0058299161733935,0.9901984205791984,100.0
5.201626190357606,4.668081130075209,6,2.8871078241587793,0.6202154750836616,330.4454269016815,52.611867220002445,3.496269348158288,0.5950168843708672,49.58794924450741
5.288243370618463,4.00867844006308,6,1.5312461191376643,0.5655790104989916,422.63571871303895,108.39036891642213,5.540904352115169,0.4933521963627749,47.29748750647534
4.480009931566738,4.591048890844916,2,1.970262952336952,0.6995281362083398,206.49713690288795,53.01731489916833,4.429721090714329,0.5620379070972272,74.0606167538341
4.805188508069183,2.747239948872978,8,2.9630508017055694,0.588860931979168,406.2508070656687,122.14420122827043,5.079811372424878,0.31665653830279966,47.701212526105444
4.729044155093524,4.867359409676771,3,0.5918892813242217,0.7398693195481223,244.87229820029887,42.164986092882735,3.707516529187237,0.698613979388916,80.25614704803765
2.9902538488328614,5.587379657170517,6,1.3039808018144345,0.6937579750156687,332.89349040848305,51.670918279164695,7.650147551885399,0.7041906560525926,85.461640658701
3.838354775491889,4.921000114391621,2,0.8011631755809946,0.8269440018935994,238.14837571882896,14.138561185686674,3.9648189757032526,0.8970795639339546,100.0
4.492485392818583,5.379975025347989,2,1.6430081825992007,0.7527919673506187,205.5014408580806,26.556906318831203,3.096618454677892,0.6421739883694846,73.40806311566935
2.613055426673454,5.23202975135607,6,1.160333276543199,0.6933642658081111,274.0002753876444,41.361449101723665,7.959097291209046,0.7378295231648864,93.97631280988105
4.926531432750627,3.213337258653225,3,0.4837956923435702,0.8093587469805853,300.6787247069397,54.01234068301498,4.43573729693482,0.649897786299658,85.57117665697056
2.8082432502257615,4.671907178633196,1,0.7283627080245746,0.6969751171105143,239.46338581610144,30.087447565067645,6.281028214029225,0.7387438911133047,91.28690345959072
6.475839549358933,2.0404882102819557,10,3.9496800661926814,0.409307569569205,445.0478520886635,139.86887429681326,3.597504872475304,0.3632589283635568,0.0
5.154265929551758,2.9487365672510624,7,2.4017209623481572,0.6164393083177172,346.29667287934524,74.35322837347334,3.8177434933949437,0.4211582143583371,42.08183089510387
1.2870198751140682,3.3456433174829288,9,2.69298189028404,0.3953185296418309,409.6669643297081,108.37180992182122,7.179912828336122,0.32587859041576245,2.924235412481968
3.2019382595195784,4.956471469180011,3,1.2003395146669815,0.738110498276298,217.68959157623172,30.64555421439854,7.712672933615178,0.5949704538399685,90.65359017082591
3.7840249985531678,4.213887946309846,1,0.737717683219244,0.6504823239869572,274.29125902442166,29.749243632618295,2.298137419764359,0.7791635898905102,98.34994404195488
1.129696558365486,3.4311974938185252,10,3.2655566060596524,0.48825346620735666,405.6982993991221,109.81513344276108,5.030748452676363,0.22042496741145207,2.3168826106283102
3.8651131203664613,4.997953364750037,1,0.7650514027592975,0.7101241853251767,163.455806543922,25.059751246690677,3.9455811443181013,0.6251835175369123,86.05735727970331
2.5996115836365896,4.009094829817076,4,1.4649322204963338,0.8003276969619287,184.60748429933312,20.478026564208268,2.7867566372535224,0.7976291107356737,97.95348579208711
3.1520433571202338,4.706656627321996,3,1.013165904039651,0.8835555479023627,261.69892618484886,15.223243453447914,3.3960134052404207,0.8871540155021618,97.94181426322184
2.0828224933964132,5.950859919538573,5,1.7230280347253943,0.5675784434014098,431.7079459985202,154.94739675959866,2.6938386695735925,0.36128508547595956,59.00637350467632
3.8722869812512117,3.5828891886102996,3,1.0715119554177557,0.8823438671090849,256.4071513812997,15.097025380148372,7.674092437552327,0.8966929181997011,95.7733384476088
1.0782164871921953,3.732063176383922,10,3.8192699053551014,0.3562795603780945,532.8255289782664,231.86669276161174,5.764332837536464,0.015433059842860697,0.8702212691074662
2.8101343608265026,3.7698587649260995,3,0.6270944397943081,0.8011200686811564,222.25723269280735,22.165139307453824,4.9574223224189495,0.7706304991412888,100.0
2.4803191068693327,4.4845603631546105,5,2.0879993397173275,0.5746723247306134,421.5181251181929,89.31174074265455,3.9702006926354683,0.5388678440490821,58.01990292870967
2.69497384772548,4.143047757836208,3,0.7851440838720962,0.8847702841271046,202.36537465916052,13.483662315388663,2.34732472505785,0.7866109616776829,100.0
2.0385586208552446,2.7362582514013862,4,0.5420961349544419,0.6774615058181485,231.26722843103573,35.88761594921867,3.0862460210084097,0.5360975487138021,82.01320820643323
5.5696769661373695,5.366333643555988,8,2.6001877711228354,0.5080693643153951,594.4218619653886,221.2963085704751,3.81233597472266,0.09789368862814932,11.635926937776894
2.59285098658018,4.619478921672972,3,1.4960657172910192,0.8303883858607493,267.06127527023483,22.214144788375265,7.048674322684886,0.8594907556945667,100.0
2.4834316545849497,6.113666932501934,8,2.8803188003716107,0.6226562751344058,316.1235338670167,89.10699886582672,4.56534006430327,0.47994921663753665,47.83745276481881
5.420092549942465,3.906697508337453,5,2.898762309300018,0.5271661436054201,423.5474446071167,109.45908073591613,3.5807616982560964,0.3981809171566678,41.767691303994106
2.4083222399079647,5.3277932565648065,5,0.5187130702841852,0.6567446084878923,191.33912977119283,21.979683393273156,3.180823076379527,0.7699912843858011,81.23952089921636
5.621658021003273,6.202364054707014,8,3.4396796678894734,0.46970695497900555,480.60811586374854,159.82277075310375,6.46351807500332,0.014267362511251758,0.683486887659166
3.0854991292623635,4.590705363100469,4,1.0713114046309364,0.8659268552881594,193.8098107834281,27.184434977572405,3.485576664469764,0.7538998819402329,100.0
3.1285731422386354,4.131473872869237,3,0.8199794492868712,0.8589558721489972,217.10155901844828,24.34681844777751,7.193490558594984,0.7523120899524993,100.0
1.772864962101008,3.2496260096910867,8,2.831504577426361,0.5927353914744554,389.3286275035225,72.10713929804521,2.8147097447846203,0.591332343354243,44.708140838197
2.15983430446926,3.3600252312315195,5,2.7587478663247125,0.5932720907354598,356.8330157583388,130.15478775852583,7.576372760779468,0.38621695869823264,48.37246432906049
5.454251987394276,2.3091273708258973,5,2.571529050409121,0.5307443825597343,353.6767630813732,107.09592731199761,5.945834624770621,0.49045738700418373,34.77821942519134
5.711407681904035,6.492022972850446,9,2.5036094410976446,0.5312413488919573,550.4818706786015,229.44409444654065,6.012573569640344,0.25485650527503095,1.8527438258912754
1.6216219080577976,3.323946708396294,6,2.063108034914985,0.5673966340468055,313.60159985729945,82.71614230249578,2.973562168305208,0.3383690640559426,41.99260620343455
3.55557559251283,3.014836269787856,1,1.0394229409982505,0.8264929035775289,240.08007098531104,33.68102306564349,3.2956660039071877,0.619789752740855,91.57219446003239
3.4562104677856182,4.168312026128808,2,1.2939357389789699,0.8774803487667465,207.28004334486525,10.41042375651075,3.8754377131854607,0.89922473679324,95.77931794878712
1.6046089646260853,3.233414858854917,8,2.35967718821943,0.6077012425800501,364.1500491085974,96.187271869256,2.7771096010695837,0.515072429219961,42.48664403266894
2.8396346795078546,5.8990565849704515,1,0.8459627020602978,0.6542660797593498,246.2139826197798,29.872429508870823,3.1764342599579103,0.6522839989912731,89.2421235229617
4.386432016533023,3.8768282646532195,5,0.953902038788949,0.741344408983917,277.81594279326794,58.5238111972424,6.305284993575655,0.639228823148489,74.75540941360755
3.4290763564175473,4.942482524790105,1,1.7950498618004562,0.6798187866129082,273.175054547399,24.86528917251926,3.9902239706006184,0.7738170121830701,89.52606104233843
3.193879407041718,3.1500875962623374,4,1.330207948424988,0.8769672933847478,252.4984515827657,14.308713054847697,7.341091833790191,0.8410207134775838,96.4384927665208
3.73132641536878,5.0778403349902925,2,1.1777558695090629,0.6636637619382553,278.285998556047,45.96633186252599,5.519236492933778,0.5593674914797676,90.28813537798827
5.722075485953496,2.43766038712642,8,2.8295165448074995,0.42544635892038307,596.8968000416459,321.7123410206518,2.0667553741112457,0.05377425996246737,4.823457199035987
2.941531084739565,3.4396864929532347,3,0.847525668026595,0.8717073082804436,270.3544431673814,29.448600134019646,7.7191107062534385,0.7377479627154545,100.0
5.272257774046545,5.626547855717346,7,2.8832151323730724,0.5395575916681797,304.62348438669346,88.61713840921227,5.535707480656905,0.36636273813235465,38.97464117727364
4.614653048508229,3.6222648320071156,7,1.7479407706335648,0.5698043000535967,335.96713413081693,63.758100648292704,4.923973021128859,0.39543543843427215,56.70629251574657
3.364753997165309,4.929752613664215,6,0.5359296648160647,0.6692373705085083,243.08434605459806,21.488005560013836,2.2562661033743567,0.7360123219944344,91.79480032008341
2.2151915733129313,4.411336944545417,7,1.8252079210482353,0.590347291436238,305.5703708426055,41.758018513107714,5.932025285808863,0.5446080292832106,56.428416694586716
4.327108248450581,5.909692686613471,5,1.3841495288871009,0.6892019946284638,231.00435602016518,42.0678552932746,5.625978083476907,0.6036793921548351,76.05532814238205
3.2748802658982514,4.85588325566759,1,1.6319057288834453,0.7180360844447694,314.91498176243215,35.81523117704979,4.352029108507144,0.7088543795735865,92.67789332085634
4.793194733557794,4.744861651140951,3,1.6029434233734683,0.8075059264242704,236.50184118537632,41.6252247685985,2.29661060118057,0.7008127557215785,85.15503281481664
1.4942013688515214,4.76065845201846,10,3.5471310298361267,0.36436578067299935,416.67141131606076,166.49001771723994,4.154590439587457,0.2625650537589574,0.0
1.6927141361025568,6.024794406092726,8,2.5887923566497344,0.5060290849093724,407.17887715619287,102.16181053428612,6.599270483860383,0.5162794191918624,31.42192124876744
4.87116589746754,4.3792844023565225,5,1.1921287906787348,0.8234614857460288,289.52554882335556,69.7167630337358,5.332563887414771,0.5085291229965907,75.91186148707804
5.451424085207501,3.6545929500943295,7,2.8220048095589565,0.6574484739390415,312.632829177907,84.69190763435427,7.626763076135973,0.5303939988307748,54.24310866948376
1.0743028982047231,5.238492797504546,9,3.389314855943305,0.4993645361595754,486.162203502167,131.80237947446196,5.848784721809955,0.396880403721943,0.0
2.2986512976512534,4.898945085897853,5,1.526255802294916,0.8073072870793262,202.33183628292124,33.166619190935045,4.21712180144416,0.5775316693457292,77.66670557887814
5.648916924055867,5.684610726517914,8,2.8888239014802126,0.4210262827994238,555.9438663386535,257.797524363908,2.64929696246159,0.11952396403850281,0.0
0.9895685863574448,5.252533089520334,8,3.017236528834773,0.44871606868705843,456.4416155137234,132.74138406487123,7.448609356236962,0.29222070779503884,0.0
3.9972640923602447,2.568863653869189,1,1.3992893634797239,0.8146713975308926,296.7121077922828,82.79090814136993,3.745965496150694,0.5035733579110269,95.71786919577988
1.577220530409659,6.464374734068291,8,1.828027599259399,0.6340041803568336,330.35618111291075,86.69952122807767,3.18603828206924,0.42123445913712276,36.13535757625498
2.083873662509782,4.049134490536642,3,1.519816188881208,0.8259723221939493,216.1734883473799,30.914456233483516,7.49840185878232,0.7505581254866904,85.96437562159407
4.56242130882513,5.5101238421034475,3,0.7227393936488545,0.6661548611497099,176.56300111162594,23.691337304254812,7.755491512287216,0.6514729846211449,79.15708095286045
5.646262468432187,5.819173260754769,10,2.9516140646446116,0.5438643696336087,481.2532256993131,160.3948319821056,3.1880588580683256,0.32509616627479315,11.696277354580713
2.260716098787255,3.6323980650752374,6,2.439713479683925,0.6430799274536707,397.0543658389086,134.10169522717368,6.24182976813679,0.3080179438419751,51.56721082036961
4.154195663003625,5.746377410705484,4,0.6597368665367529,0.809661708126857,235.659225136922,53.62618674519593,4.4425807465175815,0.5323305721778054,81.93279133896039
5.942116408438995,6.949517947716142,8,3.5999170965526304,0.3533386074298784,501.8427833995301,179.88357288626304,4.038956362126511,0.024018180733930895,0.0
3.1907574061643134,3.3950127542721633,4,1.3928941282193825,0.8058416631523443,272.4655664931114,8.822133646653803,6.599727021819786,0.9328408167534041,95.162547470724
2.7171152796445357,3.3790861034966193,4,0.616621823909126,0.8635610687231032,251.0861949869392,28.9350478686872,2.731756535948884,0.7671220430545107,100.0
2.4469029968272142,2.4459686684705466,7,2.8290168005360647,0.5410067362748165,412.81157486687556,133.8617611128153,4.014120269797143,0.3623129168154621,38.24918943712732
3.777571918326351,2.6068494237658535,5,1.0328051529585625,0.7618410080594814,231.21935191008612,21.74661448830391,6.2153676374278595,0.7760690164939225,85.26578107655578
4.6761846313936,4.448180587287478,6,0.8916704747313176,0.8389290937075938,290.4939791442367,51.08185562298136,7.585276030441811,0.6816345546454282,75.26137900461106
5.08730758818582,2.32387730356476,7,1.5602274967173482,0.5433559790500164,436.92198163659873,96.91108898231452,2.440134108132604,0.3868240887398893,30.401075981078606
5.180970774923273,5.572899850867863,6,2.124715864243038,0.6639770782638436,353.2852993013458,44.604962092959674,4.987053748126458,0.5800819435128822,51.84093441215295
2.413980122882805,4.398003986895873,8,2.5540312831910916,0.6135707309212524,347.7318831123097,116.38397075169513,5.005858762967732,0.3824799403966095,50.5745671935098
2.148548205444141,5.168820079039694,1,1.1843420998536724,0.7115502719832639,225.64320934226407,25.854611379295818,6.455143334461665,0.6232365225580253,82.80140533774737
2.4206968568000287,2.816232294721405,8,2.1102362995380655,0.6034916011956017,306.2741841965609,66.59067681593375,6.585834468523859,0.5562530835308772,59.021069019612796
4.438758784722076,3.805712666249474,2,1.8338110462580524,0.6787285026068497,161.9852182011529,16.902693798417747,6.753109838294351,0.7508478365321989,83.51229333087292
1.0316493069834187,6.86049908541167,10,3.1796460548739467,0.4951071020188179,411.299136245514,211.60146536215754,3.1207248649586012,0.11899882720911026,0.0
4.554450978964748,3.8622980371486513,8,2.5516516821827175,0.6497308127504843,416.63087178742,96.07393496724848,5.39614718881419,0.5495405488196758,52.98083533672161
3.662034479272766,4.694738435709062,4,0.9109865597499566,0.8454951182259682,198.05865178756156,3.3821740978229724,5.466084331332121,0.9680610256080738,98.96872932817863
1.6109454503187162,3.900073307727655,6,1.9143446385116336,0.5909827344720027,440.5188666072381,105.08846626396638,6.378939623316012,0.3258696937414859,43.27221955672105
3.658578265382567,4.7956848002957635,3,0.5187060709059211,0.8701448990500437,274.095559812263,42.56915735572386,6.149049629007901,0.7132212491479731,100.0
2.411385105513403,2.899437439968148,5,2.2669873949741604,0.6307683858094552,397.9783029624348,110.88557661099514,6.726195679666122,0.518029581520026,54.90750934272529
6.232740322716553,2.463469428022999,10,3.009414680735336,0.4788131417048662,453.27843096665754,171.37117485720538,4.905097551272574,0.3387240047292064,2.2108806883737397
3.121644847706615,4.139956831155013,1,1.7193863680878907,0.7488607796383444,183.61902406638598,35.2581980678933,4.381625996386933,0.6281099660271275,85.66123598375324
3.116424358207282,5.785346053062502,2,0.4351546636521945,0.6583121104025641,200.00775650539555,36.01538915685343,7.9502011268023836,0.5729940081957087,89.93409082418846
0.9398352972385798,1.5506798455912065,10,3.2195346172257926,0.3795058849965156,592.0364140513299,220.27049569253646,7.005241170848791,0.08237712015473098,3.0338932900633098
1.6321024841305594,4.460740297928992,6,2.6949358108837207,0.6237864247063692,387.3781103945688,66.05512980665904,3.3132385128251762,0.5923124813245546,44.39184599005385
1.779988262938335,2.391830137950471,5,1.6156049156068053,0.5627350744569501,446.04423506628484,69.64516616752555,3.425109175723238,0.5355231047391684,48.55544707007435
4.678238675166943,2.877354213195006,7,2.865745367631133,0.5253514456051112,314.194456300937,76.39942137081479,5.170856608890331,0.39195916533441133,52.58573928785284
2.9888158182282396,2.7639001438922906,2,1.4084948246440927,0.669033621421933,254.903562706857,19.248173803485646,3.8829304489173992,0.7834250632857053,90.87521889962507
3.0741616392450495,3.546237764057547,4,0.9104468962125356,0.8684426849509388,224.98452261006958,0.33570468607190035,7.462275850569657,0.9956612419238994,97.59878763969792
3.4362391720605197,5.556711042141544,4,0.8704494679081025,0.8493496899153007,338.1524039670623,33.98350344037961,3.8388021197325055,0.744758105623152,100.0
4.6248642013255745,5.809069406935809,7,2.438691614566699,0.5069348655093966,434.9479735368342,115.55795718729179,7.21852438121152,0.43658014906239945,45.42524023621884
4.9638526747042455,4.176685443042755,7,2.953004883075554,0.6110356287517549,325.9785758833439,95.63866086484592,2.559420577501106,0.4398663923129568,52.389572956234154
4.248144201905749,2.517214426126499,2,1.5550366298690947,0.7988725718136227,208.31475012176207,41.45383555307687,2.8789035114551824,0.5376929991499226,73.15844106089672
2.0208805035616315,2.695636898376352,8,2.0959244296927273,0.6683936741439062,360.907508199945,95.20504362548613,2.0701984275298484,0.4702814920931441,52.46433371734919
3.381165007357702,3.287098651573132,2,0.5735593665790599,0.8237015350378518,253.14066035315452,34.03305091249434,7.0043438068632184,0.7557689180642052,97.9152047582601
5.222350579224676,5.035995193249766,8,2.3972087473826176,0.5800015818031706,358.4569708376866,78.42790234114018,4.410248938203741,0.3308862191875848,31.43241113513325
4.973586544730454,4.351276647807118,8,2.7774606036667344,0.5883170321480415,440.8621723107235,64.52654902303065,7.682607149894773,0.5772824503953842,50.06993263144805
4.379005365700363,4.826313133186237,5,1.093787241304906,0.7644003821786651,162.7494624185917,40.039694913775996,7.019167054407027,0.5328405851980309,72.9022753062964
2.707875633781191,3.5823678306607873,2,1.172174116307048,0.8142523693786369,233.97046887171803,51.921434202668756,2.347011235403519,0.5742135266013494,95.6069064755126
2.0273663348257296,3.383205639038518,8,1.8628706906562011,0.5773025146176607,410.45408646272347,145.02636414457484,6.012471107588629,0.32900693079518245,49.975300230315945
2.9766407439809406,4.6214014852815595,2,1.175660430107822,0.891645977159901,198.9079683124068,18.945726967627984,2.286657878887997,0.7196105467013265,99.639700858986
1.954234393760009,5.8400000445982645,5,1.5985989678416814,0.6064477945809295,317.5058300868294,58.90152173522197,5.373869000334637,0.5286946675526193,56.27636179714206
5.047605879007378,2.715912965091535,6,1.8440138649752211,0.6015492076587396,393.9405637359873,95.26304716341896,5.591805418610195,0.3759746834071222,45.50233694515586
3.6338893745604572,2.633292959501151,3,0.4917031726666558,0.815878534496237,333.3970987565976,67.96305421775496,3.9853631989747007,0.6139292863932418,99.39879851878281
2.9077415421417796,3.911792374374964,4,1.1223200732118188,0.8215168485162627,252.6344258265222,16.55495164030938,5.293769887708034,0.8248207560674053,98.26377805213687
2.9571676208360165,2.559975432477618,3,1.9187619116636374,0.8192227613338782,335.6074998218194,48.61761631536979,7.011483949551401,0.7396331877314398,93.2323509634168
4.794947828500149,2.586028407838203,6,1.6594540967987694,0.5325192071674101,315.8375860747821,85.22166371636077,3.055387359648662,0.5417577668757997,61.68952971235205
1.7543143743074874,6.19462901626144,8,2.5535140559831007,0.6244696326791612,396.89012306519425,75.49146773036816,3.733497781950005,0.41567494365570823,26.461121560251456
3.1441247364354368,3.6832901922501287,4,1.3648476653655477,0.8286030537456845,263.8800263274422,0.10158055192571283,3.3217935632833746,0.9992551891161857,100.0
3.2054243072413167,4.819473521764346,3,0.8184598212522777,0.8835101253285566,180.11894793192687,0.015996984397687215,3.2517191094936813,0.9997533981950638,100.0
2.786885781167624,4.754131624425576,4,0.8108991449789567,0.8891358996667912,205.6853857202817,8.740757387269833,4.690379830767873,0.9122899853070048,100.0
3.7638364377896534,4.783057501819853,3,0.736191909048868,0.8168817873489085,252.45176734620503,1.363463138899922,7.26660526285823,0.9825562472139543,100.0
3.945258315413221,2.6245224011406503,5,1.2753049903070839,0.7523727266316426,337.94105128398945,48.94547095013775,5.42106514815275,0.5555702851287877,80.0409711036612
5.448300963906075,2.6533937710682407,5,2.3120589242804352,0.6010628203875245,309.20863403836194,71.74973639233924,4.065997264056316,0.47597698134980626,40.05862019318736
1.1751722238420723,4.010455008250251,9,3.0502387795910955,0.503763425282085,555.2859926608255,133.03794137913533,5.407714734645893,0.3940182141319449,1.5663467878016024
2.456491649271522,2.7226830722117015,4,1.435426720774295,0.6936754835368097,256.21103490922525,22.079918220078987,2.552081180789738,0.7801899416079471,85.8844707628217
2.126237916407621,3.3899575204156887,8,2.25247070770912,0.5823915502421908,368.76874807593083,67.15509340604802,7.21132171821627,0.5125981794820751,54.949241785645015
2.299582778805048,5.676021144442522,6,0.9017386117528028,0.7517454658486333,298.72990977656633,22.997038296211127,7.38757908433583,0.7728199073025216,82.61904590179327
5.835260453116585,2.686077012663603,8,2.535876661484818,0.45987254060873944,412.7606728308465,174.9409288301716,5.18742351687417,0.1928235462679743,7.227940237691834
4.328721424150101,5.760435267118526,5,0.32687463925455534,0.7114783051388126,275.1073520453714,37.21037424804821,5.178409801552362,0.6816806721351155,78.35104695736904
3.651531416420276,3.311073164904572,3,0.7014557841071709,0.8015334280138898,199.1281841209361,8.325799286750824,7.843028819481839,0.8990846950592019,100.0
2.1220889025197334,2.6955164153238034,6,1.8690350739947683,0.7840464437396975,254.51324845036595,44.03529212977816,6.1965381778664455,0.560289179028883,71.75938372417774
4.438646983644451,5.5274614357608085,5,1.4198226430027117,0.7428943362289058,301.98532714185194,86.70709964658636,2.2757635598514305,0.5213277789122628,73.88758689978602
4.905812428324638,2.092911923876431,6,2.977978571245002,0.6058103096572461,385.48136797862475,133.24680172570885,5.856565864409102,0.3019336865586762,46.56191896386322
2.6225103000160077,3.401973982206448,2,1.2551613502582737,0.825716887763743,326.6547444391701,38.47698455199946,4.380577182503189,0.7787942250041585,100.0
3.3835747356595425,4.666496514111479,3,0.9580810621947441,0.8302126600871647,237.83330932403945,10.800965046154026,4.434679528504477,0.8987732812288818,100.0
2.1371639072154367,3.4630727519914712,3,0.7472503099091319,0.8352355232370261,244.83350402709584,52.07717692075467,3.706220574768264,0.5142307602347354,86.75092988051753
5.210276837689103,4.373221452892868,7,1.7411419162395818,0.6358518085023591,308.6038574544148,52.59352266763067,2.1094671741209523,0.5398709373815809,49.2568258545894
2.671332243607071,4.2494751823196655,4,0.550891671207987,0.8971027880498615,253.70792388855497,12.47171647402621,6.096782710272329,0.9128530469159305,97.04510014396479
3.5473891693366415,3.97200900139699,3,1.4903969448503824,0.882806063809895,222.0375163685866,2.8270843595862303,6.276359976237602,0.960554693676429,100.0
4.60781072362147,5.72757654948094,5,1.3994400387040347,0.7955264279185172,214.64039615867162,44.6762182741685,6.735129916541437,0.5024048472751864,74.14456492641396
2.50048298527591,4.303802117983482,4,0.9212927079806964,0.8616214463776265,268.68443942004745,26.49830190206968,7.99381469220801,0.7887512320621898,98.6716254143336
3.3642943607599163,3.4548136497498194,3,1.3232785941559078,0.8209474384857318,214.6258063516133,6.042977465650876,2.435027015121156,0.9407055327043902,96.75678729878126
4.074474392456175,3.9921617568488337,2,1.9756800100895826,0.7564474772975407,232.25235804089837,35.69238291047061,6.980891689714112,0.7359755115143607,81.76515776672191
2.9348027676637827,5.885954159224461,3,0.9143400427605882,0.8252300797171829,170.28104408707162,23.87891638901288,6.332676516591445,0.7322217160986971,100.0
3.426980036806537,3.7117034329420004,2,0.6549240023281651,0.8606673286161841,243.62366310499942,28.329308722369213,7.8803056610011915,0.7914809292842524,95.49653896940175
2.1126108487253883,4.225298965713931,2,0.6384502107388077,0.7905557209095995,171.85807441893397,32.39633884950887,7.360541683483259,0.664405836927916,82.0697623027051
2.7592873394148154,3.217553074621652,2,1.1833980629787162,0.8266462058256829,234.6158008937655,19.036599703046008,7.552737550938167,0.8474873839732519,100.0
4.69323407377865,2.07071855144349,8,2.838770427138433,0.5413399498388384,421.5277712770996,87.97561763436315,5.734656571841102,0.4622718555609086,41.52586473410495
3.4313780006933197,3.949223396173018,2,1.7589801123055584,0.7042755315233952,328.89992734609007,65.20952655358131,6.948220869948691,0.6555498232819215,88.23612989194217
1.7624559917682419,6.162010612519476,5,2.1564055214083595,0.5172094279318199,313.88573791099043,84.12018046380615,4.032385529829929,0.4841248605515519,43.95906280482387
4.925096994585654,5.998391988018648,2,1.1442081935646957,0.7976097194492494,292.81119057157736,30.5554489654688,4.642813121110083,0.6819463004688796,84.29462806769293
4.854337943958102,5.569129745281997,3,1.4030719406235914,0.6710229758188838,325.6995055661195,35.244170332757875,4.665458586637159,0.6776718223663992,83.48239266509906
1.31307091967646,3.9532176645273,10,3.2711901771833714,0.5338600150091051,519.9986633994768,131.25932334218044,5.567214287557764,0.3016049752303507,9.901240036699892
1.3370701823413804,3.8554127973018106,9,3.3914249173554607,0.4190395035479716,516.72791032569,228.5300223020971,4.013607756695265,0.23607623035990324,1.070691530025718
0.8640109604451836,5.892315642415402,9,2.987549731043718,0.4315261499393847,593.7734888882212,174.5225177081913,5.497457173189242,0.26887472505805604,1.067482275971866
5.492817760648975,3.14618243910889,5,1.5230291695710092,0.5262025515368505,405.3449847097021,100.42875013716771,2.864534717708483,0.459316179917334,42.16660672786413
0.960885723859807,5.8243524469451105,8,3.8564854953355416,0.39839392168858184,559.5353877849212,216.28286302128788,3.6334189574144338,0.30186048634926427,0.0
5.303075319842791,2.467746835762453,5,2.873440402749237,0.6678035364103752,414.7384326895443,120.54942266076895,7.86382038356254,0.3701515198183606,35.173184478829434
2.6241685851948215,5.896977896265795,5,1.9256530559637695,0.827448540426219,260.99583928933896,29.69263723242076,3.8199557903268504,0.7124087104680982,93.00258034077324
2.420138212663299,2.897757958455146,2,0.8537703531609508,0.8317713031134774,227.06377026321448,48.25964729076032,2.5006854915495627,0.5228810360712495,84.77155178453941
4.0232976718971685,2.6813663962449503,3,0.5756075224308127,0.715264101654356,166.58619028662636,25.46173386256108,2.962106711751989,0.5309125992835384,82.33319826114148
2.6029380778453337,2.632335079860569,2,1.135834569080058,0.6577117274021561,255.6254940366087,26.806207165034145,5.999026356996064,0.7551139218534165,97.10675350403442
4.790774603602677,3.787603389478132,8,1.8507960623529613,0.6200406745231891,425.2271102221266,126.207043671425,5.676657574129024,0.3792842242423156,53.6851973741734
4.983513101488102,5.613166074035955,1,1.5907175868301575,0.7878932751148885,258.9545855812031,28.602797999706425,6.866972379787241,0.6701667391526908,79.23179728765524
3.0855750275894542,4.31647515149761,3,1.1267950839972172,0.8546974712811806,228.2940410897265,11.140746568116933,5.859025752690827,0.8856160817758096,100.0
5.359555361851388,5.685360172012817,6,2.16082148346934,0.5984938243846263,319.47748299710184,83.55216014928637,3.4539480351088856,0.5471659196824686,53.90803810263239
2.9865923209803302,2.7469948351463773,5,1.111891793409924,0.8019668244433055,261.1271583722169,54.270176825876774,4.526875275014988,0.550995279037818,87.13682744378974
5.383901107645269,5.479937800876163,5,2.7135839244301017,0.5769902837376465,410.42585041818535,120.24347940263257,6.461753233804416,0.5008236170155689,41.83325016535704
2.5971443895732262,3.794799261804313,2,1.1273851383138478,0.809064184130415,223.27924972337613,27.369131425155395,3.8984282430547808,0.7722226748930637,98.29865685258838
2.815256005952491,3.3251613280218013,3,0.7132073380288507,0.8807089151199293,235.52353337164405,10.525098971947841,5.123476027107326,0.9055034050931329,97.36199329282267
6.298605939015121,2.7036822537353538,8,3.033209569367422,0.5239122505172074,504.0484311115392,191.65331154939372,2.158118858427337,0.21341791189348408,6.387366920290784
5.461905984335893,2.4223132081403738,6,1.8818052497920164,0.6260304108644309,363.175369989126,83.7013917056751,4.6443307533365195,0.44410434680201066,44.93781631524351
4.570856583040753,3.1425564617130637,8,2.175355984668254,0.6255791368142172,382.58095620417345,157.9413678674327,5.415507183701484,0.30974429615045623,41.91229864450522
2.761912034442712,4.950061840430309,2,0.8796764107360993,0.8147536763118595,239.33417405747568,10.05306893902334,7.470149937680532,0.887912999872149,96.05217855510122
3.561503702307388,3.8467746753276657,4,1.3409878518287808,0.8366898613261272,183.44909623979743,24.4786850854217,6.735762988354075,0.7577628019761331,100.0
2.4112341381644895,5.878393502989861,7,2.6170164473736133,0.6461238380397174,326.6437384655031,55.94115412402087,6.454428678758987,0.4376857326223884,53.261265548072274
3.8499795962768015,2.8993275763697306,6,1.4307467314774658,0.7521458230821371,184.74877636183683,37.32707036388693,2.970030003654556,0.5975949759339093,84.68341962629047
1.9357711306791034,5.1551581422629615,7,1.5733819399553897,0.5904471700549835,359.5377060862199,86.66996348979757,6.527294479004117,0.3892989004083453,40.38277723130782
5.16083800737234,2.1476056088427105,8,2.5161876492168758,0.601936034872205,352.22642994361786,66.37150258109561,5.90095160792405,0.4604285756098487,30.03900059830129
1.6593172060814534,4.1565135656601555,8,2.933310430820248,0.6868442913131952,301.4655511160023,101.46748285255407,4.61679038356152,0.3703182159832224,41.901576294558645
2.0681768054386356,4.48197703805067,5,2.3359977502426887,0.6370304067394789,407.3765163883019,136.71741518827196,4.301598315322678,0.43325096208273334,48.221209710541295
1.9871880107976483,5.173509069105243,7,2.49256020994086,0.6144028895942311,333.5418170409269,124.71280329550433,2.2412620368742364,0.3066586480773285,39.27600163713146
3.467632868077171,3.8542621373981047,4,0.9694659018060534,0.8322397038609992,221.6688752463081,9.190668454513494,4.17704289787157,0.8897583264445403,100.0
3.229780552278676,4.5879310858229765,4,0.7679093315508408,0.7797015076006661,185.59020256165059,26.570163318770135,4.15564709896577,0.7321380333256695,97.5133334970068
5.903984926425974,2.215876325478628,10,3.0100771836530074,0.3941324002244594,479.07517027794097,118.81474011087236,3.6487447155566795,0.2961560451983391,0.0
1.1071323130877346,5.270874458758724,10,3.738859469693852,0.3828946150868591,421.21262659404437,130.39980955285503,3.917075476694249,0.10887132659962165,0.0
1.6759020658171973,4.368777769504329,5,1.9525683329171888,0.5824616067021678,439.43983941860307,89.7606054088184,4.390283635418348,0.37673187366353444,44.193036350763386
3.771137157662004,5.561044058819944,2,1.9634424307192964,0.8467101174862667,245.12184647645475,20.302033728155028,6.564448766225945,0.78947822490554,97.398605482107
3.9606280906860167,5.410286027211136,2,1.4960310629492686,0.7471462457321202,307.9227982203864,35.7414236109598,3.556357486096557,0.7206840328374603,97.17538152380254
4.54893592248943,3.9206122247188695,5,1.1855485434682986,0.7637747018862275,238.12760056697343,21.627578549387607,2.2642896152023497,0.7614596487070011,83.98050370609324
3.969603105424677,3.550876813882724,6,0.45914274170004804,0.6837308670766037,262.41133378925423,25.98854687594441,7.409736883892506,0.7676474374212167,89.22763534241342
2.49122890119729,4.539964009053969,2,0.9834465250575664,0.7777300756495089,224.29691937774803,46.84009336317641,2.071400203166236,0.5409427197830122,82.96896127838988
4.0406464673486955,5.224662088221427,6,1.993333050701527,0.8170690506896231,210.30823148375063,25.825386235633186,5.774906475666002,0.7868210802255658,79.43717435722851
3.763018717347807,4.8090983657403825,6,1.2793258634987363,0.7407450994595524,252.97538483143492,24.050951394935677,3.44684654847358,0.7711244691132885,89.68173143544323
5.133855557809431,5.484381229497815,7,2.330916231357969,0.6241661408573264,351.3902156390609,79.31467531231733,4.112687606606549,0.570619092256856,40.25633226327036
3.321795996229586,4.520760827473483,4,0.5803168091729201,0.8761686409209307,276.7335458238041,17.35552537771864,5.032612822822051,0.8166472271618572,100.0
5.297103494835914,3.419545277125647,7,2.1418799188729545,0.6913642845993908,342.6085787956494,83.09524974047109,4.463121611375504,0.5652257185710208,48.14917754858336
3.8880970508322217,4.704730011133707,3,1.1513501200828289,0.8064888106405966,252.57544892132324,1.665082339558217,3.130434281749203,0.981416936357219,100.0
3.510197426347784,3.6931840879642825,3,1.0044144625058107,0.8827072620526365,222.90380597182417,8.83288504791132,4.419052310239683,0.8793739879701026,100.0
3.925641059773648,4.520375725997353,3,0.871433457235982,0.8064389984316851,230.92797011193022,0.6042830589373251,6.8152550788267785,0.9947832742557734,95.24829295655624
4.085115165236871,5.657339254971989,1,1.356608129366058,0.7823522970650714,345.20794752167467,41.604632360059966,3.1444309757805353,0.6781385153984466,79.50763237542714
3.4682529001337805,3.4841684820206584,2,0.7078931644312452,0.8033614775076484,241.25013147880856,15.826611555569706,3.4485215309618824,0.8693318597905592,100.0
3.6339086184624234,3.605441925404365,3,1.532264091617749,0.7316138268934247,336.5910018776866,51.6926143811232,7.78693574691989,0.6825991066710034,84.89771184413084
3.4186908283852464,4.892043655580747,3,0.5477450976214876,0.8811396051648992,272.63857200390754,22.013898095570866,2.284312260824576,0.8557147043302933,96.80078306726286
5.554185251564107,1.9640314770558702,9,3.508400439172871,0.3768196460138448,550.3180591053024,183.06896923482788,3.5211957281217154,0.38556247746122413,4.43506559485151
4.547357118682781,2.6815101849913856,6,0.5131060804856509,0.8049459071376822,299.1437175161409,63.85819663664009,7.614063946639848,0.6002168861411548,79.71675710846374
0.8198628643396084,4.158816766976705,8,3.2518253731181392,0.39916512071087024,416.60784199401405,148.8388655972994,7.900880049431461,0.3352621191763125,0.49729048715808943
3.8752346139367506,4.461009931178689,5,0.7541670857387285,0.7845336459140714,248.72865761160844,32.106085363212365,6.523728465357268,0.7483271799055043,94.98226900844813
2.4200489363639486,2.833342780294925,6,2.6744607431940075,0.530541608856475,370.4088911822567,71.12141558831591,2.964998490544696,0.5609877955013172,57.37222957913713
3.007655130337361,2.568297015551062,2,0.5516313171566651,0.8148522002737548,170.10220912954864,24.724061507164368,3.9042225994241218,0.6743273532796576,90.84010611652809
4.476502338124654,4.829613561179012,3,0.7445591686195188,0.6780549284014391,233.5561423575248,52.724032706877104,2.7571286474077423,0.5785172990992553,81.1837733075808
2.6489991675021614,4.888925599911698,4,1.2707968811578123,0.8986521714290564,180.64850340416038,10.229196194690648,4.27749719047247,0.8740194787500615,100.0
2.7295590941323846,3.702153095244103,3,0.7334626952927941,0.8857849239972623,210.4958945387668,19.42816088764357,4.8353541978678996,0.8008749548590206,97.86477514196709
3.570195353188195,3.3416640697574906,4,0.840702957711853,0.8279708461302241,206.84057340596885,18.297890142995474,7.397761521546287,0.804039651541505,100.0
4.046679206924162,5.34039220716827,4,0.9665335822372627,0.6680522754138625,267.08764025176043,16.322833091506542,3.5105569425216094,0.7964476206803996,84.02267853796116
2.1652286835395396,5.157150149044853,4,0.37435041769578037,0.8209452599804138,162.43084906673747,19.039413440234117,3.5324063865181268,0.7608765581732867,90.71375705283852
2.4972702392644526,2.2596291943631517,7,2.4984049697249286,0.6021919964322365,405.1220468651915,111.3603000377476,2.860441757352712,0.5087156631021928,49.9459731435159
2.457829503031916,5.056850093132075,8,2.852495082826949,0.5428490776943805,397.92179708719055,93.39249003423068,2.8492982327513428,0.43596605185279547,41.50474637807724
2.954212707155075,3.101117579245309,5,1.5844606931939178,0.6855993253368098,285.1133208549023,54.867575237303654,6.128633318456808,0.5229080181334745,76.2629405265693
2.872108628128258,2.6236630104507466,5,1.295396579944185,0.7660148366318663,200.48231159440456,35.82200014510814,6.288969087665164,0.6732926969400741,80.84089330224442
5.323249771201034,2.511783397598277,5,2.681940445026642,0.5394572079791636,394.1216301510731,93.06801385838558,2.7042818539091544,0.5233158033496114,45.33398427361323
3.5281072316624638,4.330984453160747,2,1.4425703332469633,0.806417591031643,250.45230042587264,12.832801523247335,2.3256792849664443,0.8679633343436569,96.3728678661178
3.39240195457498,4.325614038015048,2,0.609361057003759,0.6746651295109574,282.7116360377492,40.45886607693475,6.638243070992845,0.6576978978819759,85.8097492787949
6.491127623114937,3.18748644305418,8,2.904326901945839,0.40707121224906184,591.8375603482828,136.59412323003028,7.435947817063064,0.2568757764182949,0.0
3.4904010596194075,3.2031014320908264,1,1.6035091854459391,0.6808899149163192,276.39854467678214,35.83626878527036,5.3194702547307795,0.6044488778926301,86.8993446701826
3.2189232849634664,4.75072445814823,2,0.7561881887121845,0.8039692372034688,271.2311088521912,35.5509538024569,5.083884562138836,0.7164669475417108,96.91972850466843
1.7264143418841074,4.731469995636896,6,2.674155041965172,0.6655581649079344,366.82488617612717,79.64325421090625,3.222872787367378,0.5648996048232398,48.766205857257205
3.4924602623684007,3.382990064401704,4,0.6318767698498781,0.8588961458423883,229.88470033682117,4.4948322078416325,2.5858410679046764,0.9546798336057146,100.0
1.043885734973505,2.363872048407644,9,2.7088654268475585,0.4490310476929306,441.6442807907244,133.41687319802315,7.05542560921027,0.3161913788318479,0.0
2.204607565757872,4.678223829470192,2,0.5831576403732761,0.7326991641972606,189.44429368936827,14.738227189829672,6.659213292941109,0.7510206382879737,85.64705207310745
3.2599931759562755,3.308948113150832,4,1.3662377325761101,0.8781478117263333,222.2607543927533,1.9987025875935924,7.2904220713777885,0.9762148155890058,96.04370494719542
4.140183047558854,5.73504162921323,2,1.2070807839147268,0.7522359347244728,268.88002601789447,64.34338892126998,2.138604453810886,0.5685731249446917,80.28612837155393
2.2774246453118945,3.8130545618135185,5,2.7731973091512563,0.53880259155723,396.96442020714204,66.0614022475614,4.494485795158125,0.5214382348782332,53.19263945022462
3.717286072667542,4.394029912687548,3,1.362305202105028,0.8544847323678088,259.6302671205938,25.40424836985097,7.752727181564177,0.8095713504326844,100.0
4.677150310827203,4.157637861319906,6,1.9213044794462362,0.7911624145254196,233.95045710183865,33.409047962113284,3.2511643957587877,0.6924444032723416,71.62917013178604
3.9380880216491674,4.040789080367028,2,0.9655381993591992,0.8912486247581636,212.79601265196897,9.69490310465715,7.159105403764983,0.8614626753584941,100.0
3.8150657915266435,4.9843933182905,5,0.6135419052555489,0.8294037501978135,248.52504059046413,24.296934559372293,7.8636421762990345,0.7357052151293667,91.5909616048952
2.3545189230554953,5.326030676590859,8,2.137796421203587,0.6287969485807556,370.559229360786,83.47376145313501,5.356899578386184,0.36940447592929315,49.55703023348522
1.8033450403881286,6.06138928741821,8,2.0170623322741785,0.5539279209207678,370.36107247524535,127.60495582051328,4.263357120871156,0.4077029611499419,28.908149171768898
4.935312300957548,4.481512420751792,7,2.1057892405246514,0.5983088144698347,355.3339215515152,89.78581547599059,6.903872528507991,0.38594361772559616,48.038635934226704
3.243093211173411,5.722382025191639,6,1.6829417223195824,0.6917436420934624,243.0184089563332,42.176174003948816,2.7982830631020112,0.613413952545254,75.54898804999686
1.7788628493707122,4.7492415211534444,5,1.6876360959027372,0.5432766445468291,300.18864563218864,47.79292449019472,4.346532557821105,0.4773131751188095,54.663374900286776
1.0749199691221154,6.645586594551348,9,3.4911611769246895,0.3729032490299561,529.2658506663414,256.45922485149214,5.421976277908286,0.17116195157244918,2.886886095461272
3.5197718555811104,3.8049223921027866,4,0.6734659348526317,0.8987104293471285,201.39589875058954,17.593096261489308,2.8552584302299238,0.854264536726156,95.20800888795918
1.9920826887483405,3.5936511836734106,8,2.7544175411836713,0.5558832455344966,309.1439677105323,82.53398098583602,7.404812087579864,0.5043860341354627,43.84989155041482
3.9598005658604487,4.758447893134974,4,1.1755133291478166,0.8868259437930684,227.04295036752313,7.803421596384612,4.338327962818988,0.9139078545613959,99.45291136328927
3.5080899725207675,3.541697103605168,3,0.8737747654399581,0.7525422204297665,286.6707153844901,62.95509484508515,6.35404981339018,0.5832365901512763,86.10279830339866
5.023896417322193,2.817619554806463,8,1.5998935066583926,0.6848303330586112,349.73915463072984,107.6314848329811,5.428758811313353,0.44871703155218295,52.46419325808256
3.676169686143522,3.584956386504799,4,0.8026216972362437,0.8680999631967712,196.82939506750614,33.84934151548991,3.590293223037258,0.7048061023580918,98.69013356470802
4.879462507964886,5.044099533906189,5,2.0529273003787423,0.6689549464615528,374.2050908587064,71.73581962239925,5.099157277260149,0.5060024875705023,57.34303744195995
5.40545364122396,5.0623705389572455,7,2.0344844954799237,0.6003526655147027,390.43460512557397,123.03515612621266,6.121302244091183,0.4208267605352725,35.515794617856685
4.788676450629209,2.7740885007149743,6,2.6683177335686987,0.6695164094199711,332.3910178946188,82.47100671905811,3.598278587643563,0.4766464764022424,55.23697613674524
2.8122228850380395,3.3990829805168374,4,0.8646725262792052,0.8299893800573331,201.3541011856792,13.136260959170317,2.5573841725386535,0.8521310511339251,100.0
3.0226762670306755,3.082222097201433,2,1.1051068819212295,0.6686395246395579,343.0871612683902,44.46619713644454,2.927701426714294,0.633867092624457,92.73716623423351
2.405221889188818,4.875517709636377,5,2.538726319295394,0.5391318459561729,338.910691976465,73.33127313036914,6.710173615380387,0.3711548475017634,54.75744586358704
2.0644758900037385,5.201507505847926,5,1.829173440925029,0.6091966278041268,423.7814945268144,123.00772320623332,4.067250890577174,0.4756911198965155,53.58421150731219
4.463187185552708,4.692691866868015,6,1.0529462383840305,0.7106835411091426,340.6074754948533,51.486786959842874,3.967454914650097,0.6373392994046082,75.75491403622271
2.6379231590004095,4.716811559238359,4,1.4440295154449894,0.8641067752563438,235.9514532259145,32.50988188483259,5.465908868103834,0.70363920303748,100.0
4.5724167066915555,3.6923849296048115,5,0.4539160470008377,0.7800808677679826,259.7192300732427,50.53534441087844,6.849089304224005,0.6343178080153958,77.9696453586374
5.277007347132841,6.200863395883602,8,2.4866269623480513,0.5565442808286194,308.2758686227026,75.51938254213489,3.743541321578835,0.4193460304916057,31.44338590207712
3.013915232622508,4.577297848887189,3,1.1910567461495234,0.8561578200511465,261.0278041896081,23.190059418603646,7.042849619055085,0.8416248255334637,100.0
2.7276096331133184,4.288500162679311,2,1.145652198336232,0.8364672068578042,239.050009720112,2.3182737353681095,4.10189576920922,0.9755283861942831,98.6668870509147
2.755936206382276,2.801734317251695,4,1.4507108498164973,0.653588641281812,204.60024747860902,30.171607945594875,3.815647947562116,0.6173797893236785,85.35455301541064
2.414600958851256,5.804584418069101,6,1.8942700347994967,0.6064325046676171,363.454044064123,81.8736770328716,2.7634109184281863,0.3792681562466949,52.31211446752208
3.7084933423965096,3.725168328452998,4,1.240782727495505,0.8790746694534964,209.80875436896739,19.06131672270421,4.8641946053729805,0.7410466396483285,99.87192834014428
3.674455173785127,4.969584228524996,1,0.52026371209691,0.8473569139217092,223.38747825131483,51.44955701041681,7.025167355782655,0.5646057048176087,92.22455358549288
1.5178767385382723,2.1808288280232784,6,2.0594637802610976,0.6012212571813634,406.18852047278057,85.06887550344926,5.095874198686484,0.582665003776466,42.77836888265864
3.620677114019083,5.615500570898505,6,0.4225267141955146,0.7930087378989947,308.44012014136916,51.29668733882238,6.0494829622236415,0.5220738466801039,84.5775089265691
1.3855750231260957,5.846560393340768,9,3.3179006405500635,0.4477401775693678,597.0370589521277,146.48459248376665,6.980780945068225,0.2685103097995169,0.0
5.021081842376046,4.028663840064593,6,2.237136176866997,0.5441093994065911,375.18544629192144,98.98726297434483,7.345094844022526,0.34347772636051893,42.44490026668705
2.77202858819357,4.251865657914399,4,1.2133689888839685,0.8659101702790477,180.77943085282251,17.102522382867786,7.367086351557981,0.7009759132142581,100.0
4.503975793033339,2.9366211210134963,5,1.8523114043764537,0.6838578345502571,300.18565835020235,86.96340447550318,2.192269366181748,0.48634934261031765,60.079463702554186
3.4954663607097918,3.674842750481952,4,1.3579936748426151,0.8828337190290425,251.3503623378068,9.808977536681128,3.875548277892155,0.929193899770746,100.0
6.061194295559002,2.558653820390405,10,3.8067866787665685,0.4846029169404765,475.28876871427,236.3478980363078,5.853843681195354,0.12628187566762014,0.0
5.732748006090366,6.622856424645056,10,3.4446929188764073,0.4006751414452858,576.3931728455158,130.35260992533017,5.9826394130328655,0.3668030413574934,0.0
5.281986487111533,2.002114159922065,6,2.291746662832743,0.5868791277218663,314.8552611159976,42.75201672086407,3.871171377656288,0.5943802641686277,40.69670353966276
2.026747508861741,4.349986437157914,6,0.3146131308373506,0.7486138615727327,182.7646531774315,20.322435954715708,3.316036882007581,0.7748569738876557,83.71722121702639
3.4014558396045147,3.6970757458501815,3,1.3286086564893091,0.8068036447673045,199.61737279455275,11.581457213184198,4.209106352167304,0.8948794503757767,100.0
3.819805663754012,4.462098812283015,3,1.1327579685830944,0.8958490649119955,200.20973154923482,18.572456309668862,5.891235916738728,0.813535425609653,95.87446161506661
1.1967622555205633,3.8498552609454397,10,3.269656206405785,0.4511278770037173,478.2436238196634,211.65110686734752,3.512969950685754,0.08485833959054877,3.845769536315422
2.324181162345023,4.8809778283490886,7,2.8717694178768225,0.6448400491974542,375.1562490994601,86.99888918450931,3.675182212188142,0.42540436180729924,48.3430253129458
3.984200888451209,3.3724549738409513,2,0.5664126760613443,0.8558776293017848,214.93687135057894,18.747842130827934,6.4260318674777785,0.755558167326548,97.60865002917745
2.146277016857178,5.129880270902662,4,1.8064674787038657,0.6677911000957252,274.5174480502379,41.42076078074731,2.290531022265541,0.5090238585570056,79.6108256613102
2.218781672400734,3.205939936671157,7,2.8137534257632955,0.670945000307296,356.5681443721016,84.00232297842527,7.006964663646776,0.30368009385117467,52.98491870754451
2.5656582654797395,4.543108844544568,3,1.157261638409924,0.8997776730428834,270.70308918274856,9.751881493382985,7.020287399439878,0.9327198932957782,100.0
2.038947879863171,2.935774140216196,5,1.6070853468985722,0.6921993078066261,249.66842225321668,41.60818167949157,7.426811620705813,0.679185267561055,71.25375934206983
3.4173536856746765,3.447407536683607,2,0.6177829893493526,0.863546322199249,215.33374304548963,4.1525885708683585,2.474877457585272,0.9567289593190129,100.0
4.672947691859836,5.453945703490346,6,2.3436728901978108,0.5770554299737574,449.98912263220564,138.00152691440198,4.777222684267024,0.3570474935794092,51.041817770019435
2.2860073526433924,4.952379123830965,1,1.0440321656858693,0.6626071995399098,287.16000831562627,31.55482285966279,5.725745640882251,0.6666318878743488,84.90630356614818
4.5864733929049555,4.440344000192164,5,2.356796858652752,0.5837930639677754,408.15805633281036,110.22893016965126,7.493395891128239,0.38317373904338187,47.16383231916759
2.112784467222091,4.0215310364545145,7,1.9247890408649855,0.5134814614782002,332.74228504015133,95.25636548091526,5.298283654876845,0.30341980842502425,56.27623816202093
5.735370210252456,5.832259847819066,9,2.56425987751959,0.5009853616953657,532.4396750886774,228.931265201119,2.0621988381236678,0.2828209761361383,0.7974318181291142
5.908040218438797,2.5468587641870744,9,3.49377641531233,0.49461328051167935,584.1901109126986,253.0751126730312,3.16718825872894,0.1502862649518722,1.8277589985555043
6.418401045116952,2.5430845481917506,8,3.5130887324466413,0.4476888618262313,548.1283781053861,204.41726689900776,7.990198741006395,0.10459051070451385,0.0
3.678401792008338,3.384803248412961,2,0.984883360688192,0.8792443155281034,185.08772694440572,6.193124612573606,6.115058827049735,0.9389179332276855,100.0
4.437942561036291,3.789742515286494,3,0.4838359646961886,0.7454560268320753,263.2963623421492,34.149552015411864,2.514477746601331,0.6297881674487146,79.94837229578535
4.80734306796539,5.4185803446171,5,0.6453469287827678,0.7373897889058744,245.8177029546873,34.488110885604705,2.0403259575921693,0.5360691989336517,73.80107946747273
2.289650125343614,4.653696589727811,8,2.3773520831581356,0.5443654923991426,310.6285339188269,60.61424189864835,5.453799107537463,0.5259209872015377,52.8592863871815
0.8309259828163038,4.007101882081123,8,3.235323540342419,0.35383797324377303,594.390591641941,197.8337228856735,7.999818984601582,0.2119227265768429,4.937862335701069
5.418350709933899,6.308325068627113,6,2.449798193853852,0.5549611081057289,324.7310964214236,48.243598728621116,7.123745933576975,0.5902824697183728,48.24797268088205
2.308265737444878,3.0259139352282514,6,1.7023283694413718,0.5007619468726641,437.3607495652525,91.81722803604546,3.8013033934612808,0.3526802108742914,56.40230566283025
4.249463492889306,4.173507601783662,1,1.9293031957552498,0.808790422215674,177.38007540469872,17.645794649541607,6.532732959962871,0.7622589944236082,85.65990272911097
3.543839350376646,3.208225726300552,3,1.10617232246439,0.8005551817409295,278.9188776834935,35.5836483792625,6.815646864526384,0.7130363167641152,100.0
2.132987805839942,5.1717192476552505,7,2.896394761241696,0.6976586962904362,331.63862257099026,92.52733410732006,4.375865711683847,0.3957022528822516,57.149191726637206
4.321530279145655,2.679166408128229,4,0.7840546278593132,0.7209676015344391,287.92280488761577,49.476097275837546,6.339159308668496,0.5888264374752282,76.87554488660497
1.9913138664437002,4.173022610572335,7,1.6504864113346727,0.625652808601738,389.1161368797281,97.04169219951072,7.064435932394108,0.5367775074864576,46.59889975470568
3.5755897821179543,5.944856214553417,2,0.7540648323105155,0.8148184098555498,289.83084711651077,35.11779639732018,6.618660312567185,0.6184834732092234,93.91167266438393
5.134094656298595,3.023366978842277,6,1.5918458322720004,0.6648993988033427,392.27771273173795,88.5465404357958,3.5109997320105126,0.3511759734531212,49.915099269114535
3.0441595754756445,4.611306116415914,2,1.3733079622905702,0.8528594648472215,183.26064661653825,2.8610588330102753,5.678164648793433,0.9660889157061021,99.07645185335718
3.15041153056474,3.333973541027322,2,1.4787146670362659,0.8204746691365946,253.79516111444468,38.446433963896474,2.1051805108643578,0.7142457421715018,100.0
3.2066452116476634,4.358770730767037,2,1.0505535838045303,0.8053281433078961,273.9159466455698,43.35552320389908,2.518409704446956,0.7085182094706244,95.93953142395983
3.66762236687374,3.94075528594381,2,0.6584408932836071,0.8865146904310914,269.96860299473246,19.654643051134375,2.4027341064709744,0.8036963404071115,100.0
6.144634725107419,4.835767209249515,9,2.961179904865779,0.4071397994145658,445.85986191602797,221.01569072758625,4.076074666169285,0.13680343687593993,0.0
1.582213415750975,5.547563388336458,8,2.4874820056399467,0.6361847959579424,368.55511159953403,141.10811905517653,7.168020735261324,0.3486767645991163,39.68549850310991
3.7152087872078408,5.499808623677864,6,1.032165410162064,0.7534813766944176,186.36703779702395,28.13643434156907,7.640928495222248,0.5219728391056085,84.97165867800176
1.2961534837483077,4.219271527327984,8,3.4720529774128845,0.42596024440665914,587.1630858088788,124.18786046903344,4.061952220393048,0.32105602616680373,2.540332967015005
2.662932200982415,3.203379938197629,3,1.0102551718189108,0.7155740599379689,316.7759196624792,25.171363904256896,2.753673064548647,0.7671908307233551,93.38947092824237
2.8991616640755202,4.286691125019233,1,0.47649109505479736,0.8179292923392633,271.1246534807038,40.32482736866549,2.32418115953371,0.7482063689103899,96.11584872879389
3.897079824468029,3.132481662364186,2,0.8724009300322187,0.896428018494914,208.30814737411416,19.753038127678614,2.871487167757948,0.8086480701057054,96.81154406527338
2.3790866277505396,4.51338476224552,4,1.2753131492008196,0.7670891601829866,227.0798613985916,19.549775485584675,3.4680284271189183,0.7801094436030009,82.30061261182964
5.88288605734626,5.6879908695392105,8,3.323050491785086,0.539440592213393,545.2684579742297,206.5446134634613,2.882241454481175,0.01638538226491053,9.197049612424934
4.593977299617716,4.701902592264704,8,1.6581067529661362,0.5917943516976661,444.7305299732761,116.88909974556402,2.1739468138108373,0.4289995485904555,45.939578632011305
3.422647676222469,3.961718431016169,2,0.596867231784376,0.7238248760083857,216.1760526090352,54.03010897234272,5.113412447411771,0.5697362824725727,90.46435578134461
3.5748851159931743,4.160897399547644,2,0.8679862865369025,0.8281960256001895,262.3145191771199,24.056038419359624,4.998407383806757,0.7166193568132991,98.01892592372589
5.3524149770666485,2.091992034633557,8,2.3058292101690556,0.5567398847819751,339.4363587190019,58.65730423652135,5.060859250874255,0.5359957589831754,36.979735628498055
3.805948143194927,4.947158942169268,4,1.3774398765883267,0.8002390133893003,208.9432224381959,12.412026358396606,7.3552952925578365,0.8476383132494194,100.0
2.157031716129901,5.8980884782905845,6,2.769703055198239,0.5793861902565381,383.2747903648427,71.80359827144385,5.8210511448586155,0.5240557472254561,54.81256817737726
4.531769258039996,5.613251161606189,6,1.7121577740451697,0.6946906731143065,353.16385207030726,86.63507456966279,7.504638945110954,0.5711156945914663,69.34357955763252
0.8692715902497881,3.1685920875323395,8,3.184283756349343,0.5152917173103096,507.9032649118517,196.61660515523138,7.167711793933439,0.1337496146237386,5.398486970589263
0.8624458134342986,5.613068717833004,8,2.62570542736698,0.47761546577864233,422.31704053571684,135.22943275830815,2.195038468549213,0.2915515627181268,0.30046829625259175
6.049303010242566,2.1041765182325864,8,3.500424213711999,0.38856181816702595,557.2328794640558,221.09189485593797,3.6005153458277617,0.21038886789899217,2.161848181761874
3.761613866324072,4.610607749119394,3,1.1934456445211916,0.8820701658689865,180.7494552400166,2.9345047141036553,3.071358376120584,0.9701537762019112,100.0
2.1772483629909214,3.0190233111847755,8,2.2611935444000255,0.6091946348894339,354.72722337976813,61.62200635206483,5.10755318686646,0.48214014168466823,46.09794725532307
5.0301732833927035,4.088377015457358,5,1.5109234365999182,0.5953644447594427,313.7739671575276,56.30418129228957,7.552498345399161,0.5707739726078513,50.277261561932875
4.646347708239481,4.794140108672682,2,1.2536054376582724,0.7958163365317903,189.2402339108908,42.918828365506684,7.92019132998819,0.6029360059067043,81.3883630334208
3.8577677982051264,3.7316555108450924,2,1.1430290658041657,0.8078736150982224,195.5482349812335,4.217281686507546,7.970331137923516,0.9432545191078002,100.0
3.505596157537055,4.867422816877898,1,1.5122903096350573,0.8224363058205773,327.20563377368586,71.17533036621968,7.007265344698466,0.5355557351901168,86.59481433929002
3.8430943657511643,3.5356485474815633,3,1.1959333180912306,0.8582362893422261,221.13181975518293,21.485764450608567,4.442074908606271,0.8017852718498476,100.0
4.305210697146812,3.093654270625538,3,0.5717553968954519,0.7761601189706336,211.59585480879068,54.561610177143216,4.8012006227326935,0.5011959126736224,75.44963627444507
4.987786303690338,3.607887922459954,6,0.5282575760840795,0.6979446987521414,293.2960185055008,46.67263253406634,2.7336547402899383,0.6918488064614512,71.17666140140982
5.452121140490327,4.4366434700846895,7,1.7788158985477565,0.5612721687861462,346.7978139759338,58.50439082147837,3.96136272782144,0.4927616505978267,44.81448865193208
4.698997440559123,2.658601262614071,8,2.978978749882856,0.5595815725837562,394.50619472493537,98.53281461693575,2.022740559101939,0.5059645437100708,49.9187474389858
4.869311390317357,4.553605610536176,1,0.4996048943572018,0.6946591773406405,241.30543349945026,22.227302828391174,5.335802831929484,0.7135032561655497,88.11024944518185
2.259438852020884,2.2905723122753847,8,2.4241022991515577,0.5263279946829487,335.2679207189141,73.32441379299213,5.40660127433698,0.5652546186878086,52.13313564012385
3.7629376519751414,5.577638636663059,6,1.4327277656772666,0.770476396420926,265.8976688200888,35.694279454923446,4.550950330440478,0.6585525027508173,81.40032660264518
2.722475120919166,4.126236339617692,2,0.9891171332606579,0.8940423236711935,267.04040296527756,29.7683464035395,3.720409081509283,0.7498332125577933,98.88485520138069
3.1715872462516805,3.1892352253542104,5,0.3420051928270637,0.8015218731000648,304.9042890962876,46.84727455010899,4.877560245474419,0.6321511441602455,89.63128170048985
3.686041392873235,3.18823714251279,4,1.4549262182275702,0.820181811043423,235.1235413021258,2.4617323225049,4.196160935059803,0.9668747514086623,100.0
1.9217081598363213,2.9984848060478084,7,1.6745749162482997,0.691341691126628,373.5364135995194,95.73953625536743,7.214480921427576,0.3375986943820148,43.374205236377726
2.170516010164671,5.343681521335015,6,1.9728296926771438,0.664743064390554,334.2480371517431,64.10127116317608,5.728264866521431,0.5067491443214681,70.15477085086003
4.496321399612937,5.633511936748149,2,1.7830626871376674,0.8066166453587962,201.05899618362804,30.381425142213146,5.890371655833844,0.6013629651836254,76.74057943297953
3.8587664847349705,5.016616236319571,4,1.3034459047043445,0.826053208998154,235.58368346328956,27.00332978998937,5.704339523553127,0.7247528945923252,97.3159779362678
3.642826881895845,3.8168160133225557,3,1.3137248219730149,0.8346797696611902,224.46673853667303,25.8354302798583,2.8274769674034452,0.7555591751846727,98.59832496564226
3.123677182963763,2.937187186689087,1,1.8097638581865214,0.7556898371398328,197.0680764600743,31.16073019389657,6.901535059424601,0.6948875262062921,82.28172667493757
2.7173472656885456,4.104342244380421,2,1.4309386476579573,0.8968885108000073,196.32208822476383,11.74818409347581,3.5029801771587366,0.833581383863074,100.0
4.32758779222181,4.279058735039356,4,0.36328085242530694,0.8393785304800288,234.97384028229447,29.512784671840095,5.863334773043491,0.6231104309216454,89.75056699806146
4.927096004826317,5.341283422699732,2,0.3299197930128777,0.7739427254684949,195.63828376165606,44.700344986921614,2.1453780413664543,0.5687113885157503,84.23797915781319
3.024191675969189,3.19667144318498,6,0.9204378355003032,0.7579076420442793,155.5909059464031,22.206073237433237,6.33667692139255,0.5255475858777477,82.55231748657121
2.716281644733516,4.321256854422157,4,1.242204270239616,0.883811690932982,223.42447934619898,13.820157864015442,3.946575512204028,0.8697957953456411,100.0
2.989415123248874,3.705429943727991,3,1.8675166217325647,0.7487342639338588,321.914180931141,66.41569484415704,4.707011969879837,0.6293256090914041,80.57512929173632
5.725468624126098,3.7723663801900846,9,3.981873078573324,0.5251281437689883,534.1571774287089,207.6424799909662,7.182301651134252,0.18051766012808837,0.0
3.0374161360862413,5.679116197785237,3,0.7750060986962204,0.7910501299682838,320.51097049468405,28.61394439433259,6.14932120458161,0.7050863396205052,92.9440835803742
2.0520329910020125,4.103605662910804,2,1.9041091360941242,0.6627698564381119,312.00974241606474,37.2569628132286,5.105199245281689,0.687833402348578,77.601706255654
2.2354845474899263,4.263846956450797,5,2.299768468265379,0.6398974625776466,417.35958074235316,88.12162543178387,4.5086074232488285,0.4555824008467333,51.10289862992573
2.3443598145781332,3.7261533098038613,2,1.1960041233154564,0.7445258559336853,162.20037741179613,16.16892793520825,5.328308286833781,0.689125278888054,83.47463341177641
6.442640927110417,6.378235598492445,10,3.0043163806928224,0.5217016156971828,448.3074828394697,137.90260774091115,4.234741360663927,0.12395615708388026,0.0
3.5411476147584593,3.340331748124489,6,0.6621808292348329,0.6809302357440195,257.68421643855555,37.675981108319014,7.680358038919122,0.6734696863491605,81.37266140148105
3.634331383009921,5.426498207919294,5,1.8599243357498656,0.771518427857478,252.75252878128236,24.662628927123524,2.5583998909294436,0.7710518579593642,81.50846395588282
4.975316017658779,2.7035689754136354,5,0.629548640391723,0.6529420241786172,232.48936881424768,32.338139437627525,5.9918671953675435,0.6835831337244994,75.3656725736937
5.706168313343229,6.9728969648585535,8,3.801259522579788,0.460296847168478,598.2040011564525,174.14736279134962,7.807920441809164,0.3202139714510188,0.0
3.03859830522279,3.508281780592222,3,0.9057176035959928,0.8870901631880233,276.05028873600355,12.31670077238334,6.551751894696054,0.8808873961972614,95.28754475607442
2.7030832327592287,3.7742909859785327,3,1.3603475172148398,0.7641759709791223,283.80966890312607,49.32867184170565,5.586008697739355,0.6832776263857226,90.36366919622557
4.095374291445584,4.2351826967009565,1,0.8001531556510788,0.7236677303085547,304.0313731708494,55.759171335203106,5.095374422175129,0.5243678997135179,76.86755917965615
5.3931118612497855,2.9224798723185694,6,1.945005033986375,0.6574279614513373,333.81001589671706,82.22742996656221,5.943521245384451,0.41604125456810076,53.490788044613176
4.980086814307793,2.443272297156844,5,1.9312590847044455,0.5887261968955002,364.2333760613202,114.71693840740743,2.7799714777346805,0.45990863388123676,47.81357519950283
1.3606788023358696,6.44984742870023,10,3.229037040372247,0.3576320932080529,568.1377537096841,118.85224814338572,2.351557868395336,0.3759879222045084,0.0
1.5340392844302686,4.890451542722202,6,2.073473372589714,0.510824534171765,388.7558585296809,80.38314630044935,5.5694802739471365,0.3920692423906406,44.921453042568174
3.8032737348851,3.1956728297675543,3,1.4772707017953595,0.811583619670507,201.95974262519144,11.186029646615722,6.582694006445363,0.8211543329559576,95.68558971953854
2.81388853206196,4.726680552103084,5,1.1061946687820505,0.7735181959295446,339.0889789542061,54.4203210550029,2.9409082092587364,0.6604588304418272,82.08188155529449
2.636370015552952,4.337644066791253,1,0.6354290767956166,0.8476136064532795,329.15101442264796,27.969651907843655,6.537479109892813,0.7544617877521543,100.0
4.541039544126301,5.074222647809205,6,1.1133163061087037,0.724650756442135,293.4397052587743,81.08212620239298,2.0024029411238975,0.5001524924974933,77.92693098562947
4.772876401388839,4.197360150188013,5,1.099378848558638,0.7580413959695593,169.90978110813967,26.30641239592463,3.0869258856110227,0.6693112476770289,78.74536723979892
3.1904186240912176,3.240996289101262,3,0.39643910771123075,0.7301931572444761,223.3802802556511,30.612863705067898,2.165862957022891,0.6853927235720594,90.37261178628616
2.038729741422936,4.645301264310976,3,0.4773738410049955,0.7922193949263187,316.3791558253681,26.87710202559856,3.1015740437833097,0.7764769474161971,83.83299849232644
2.78896635371184,4.953899192245507,3,1.45235007917739,0.8756604327430709,265.40168983306245,8.153251698394445,6.728666762162435,0.9206806164783636,100.0
1.4215481508140848,4.142324909292444,9,3.5665106656755357,0.44867824701403186,585.7102850740376,173.14999114593223,5.916167077143951,0.2433757085389155,2.320180257249309
4.7420328724665985,5.827067290794439,7,2.8951309480727625,0.5235666109458263,351.8759426157143,101.15723478257937,6.346662287577163,0.31864002488509635,42.09854382156836
2.3448568008248736,2.1203023942997428,5,2.0713976550343243,0.5613808260694232,440.7456223877816,120.00513761333976,7.189327400305227,0.320794131723371,43.27946950562058
1.9535275356648547,4.51896376039767,6,1.6699450612689948,0.5841957854518949,325.02913546668464,76.76544522652006,7.141726622575419,0.4590585496507443,50.07688651265398
4.1996383924663085,5.07365785704318,2,0.6900697901091362,0.8367933570350717,255.146705478224,32.49488781029267,6.521302955033975,0.6623876302557117,87.92443055455156
3.992056558880767,4.368249396208636,1,0.7901994743744624,0.7607630084036222,247.39877810067492,48.55012391281222,4.928558746100283,0.6170478334299925,90.92936758415638
3.1659414794917327,5.438896307194307,1,1.8760109397446842,0.7081674523928414,292.4754121781025,34.61193736791668,7.477746378191914,0.749599364093071,85.86607129581145
1.0315009919621414,6.75834223702271,10,2.7142704112809315,0.4740876245101674,598.1520776810411,223.5521004541664,3.107728880068579,0.3300660347901741,0.0
3.106949280602679,5.892540366874036,2,0.6596201092634759,0.7955677450813201,237.14529567130447,23.29005255073741,5.212445527964218,0.7874857372931083,98.85711323422372
1.426524381176431,4.464065773170937,10,3.6120090313845097,0.4184990827275332,514.2789107157188,144.92083105552695,2.6985780746111336,0.27399370289521424,3.339556210928926
0.96363240709746,5.853597002626019,10,3.995975230194494,0.37737631656278686,580.0851957087738,149.86159705133142,2.9340229779303755,0.31626612599161397,4.08616153825214
4.868793475796069,4.430873236450221,7,2.009793996644655,0.5797662773953411,421.5056567177574,86.18902237275977,7.272099312355864,0.5708170620372438,45.20096350225031
4.703957178516886,4.652288935610171,5,0.7453358574227579,0.8172168043410815,221.704382214113,42.87735102236751,7.862644704687687,0.6283085628484714,81.44843875074214
2.9408171682617805,4.067884768754233,3,1.2828683214293226,0.8736971993717879,198.00193846177066,30.07973579506141,6.470516616655033,0.729658272357524,100.0
2.504386343621799,3.3250815611153395,4,1.0078001761416195,0.8838439851050253,214.94598183874942,5.03088366587367,7.851464782446318,0.927082586866893,100.0
6.103377059253493,2.2883671637355048,9,3.580043727788869,0.4745233923888004,423.0351910752731,157.78500305421764,2.7320823890984296,0.3022995572016572,1.7841341233974206
3.1185621561989274,5.001074029662035,3,1.3792193762413165,0.6774023205859759,307.606733080631,47.694052902077395,7.4215162633093925,0.5037308955138244,92.39637734724593
3.7171136672992904,4.428010756957136,3,1.3054168522576939,0.8397531810505005,223.82648082371284,4.491057891375961,2.613985923739203,0.9631239457013183,96.68036040678476
1.1292326671635908,4.100824747668711,10,2.735417174750925,0.35634525357707264,530.5060569837296,133.96722356283965,4.420597644280546,0.3356891919468936,0.0
4.040387614742938,3.7465119186013998,6,0.573510387375037,0.8480426238317724,295.392812129867,45.54181468054526,5.747586498013323,0.5021763698675074,83.41459790636311
0.9141594673873956,1.8823310883651252,10,3.6810303766484083,0.5195039525553402,536.7666816389773,169.14096149224767,4.676673615737053,0.3428378500291571,1.488399985463339
1.8774050315299768,4.538039583273404,5,2.470801410243034,0.6689722493972707,392.97102063801935,101.37805193971887,3.810345490477639,0.4965299978055202,41.54003329046791
2.1731231313198243,2.6581786956670332,4,0.6184488879136444,0.7899407641283569,278.97590419867953,52.99522549494271,2.6232681469526886,0.6810394271835363,78.92870227411251
4.740364828691325,4.71067792999382,4,1.9795898417898237,0.8440625115917013,303.4753232617995,38.042570305860615,7.789810055616504,0.7794284196731649,89.60655882378364
3.792988347619822,3.620701532254406,2,1.038842838739511,0.8629400676392177,183.0079848446782,2.3219112446988164,2.1584489221632452,0.9658431754852129,100.0
3.595548564166129,4.604375357275584,4,0.735605199692762,0.8369316125607335,186.73852440886265,14.041305839298548,7.4296364355129425,0.8568451274125328,100.0
4.77265361210908,5.519071674814366,3,1.9278878101578905,0.6576251660461925,295.60719033212024,62.97692385397964,2.938548723576151,0.5724093535743031,78.28167111406239
2.717455023593372,4.751401083881781,2,1.4613566751130618,0.8449351359921878,260.7192514938165,31.6710473594398,7.308896236982735,0.7297200693299717,100.0
1.8769214135014058,6.049738008003359,7,2.820977325045841,0.5359774472463674,334.0646347572482,51.056070565678745,2.8056107039316642,0.5472352734361893,41.30820414310262
5.1863621042036625,4.036721319575438,7,1.5572029914347711,0.5911768788645484,439.51267078459625,68.57189126773469,2.2118360429940114,0.5041961105215201,43.89827526541399
3.98774259103518,3.2352650940045797,2,0.8014763431887169,0.7225682729539703,205.06850039799713,30.689430005824505,6.667835596695814,0.6157507541841593,93.96017955548587
4.178399649081642,5.315007436694325,3,0.4539492598668138,0.6534801933098329,228.41171675541517,16.893054383647403,6.714009263330896,0.7715988663897715,86.80807492971326
5.355457067060453,4.830352033438337,5,1.7955933980668402,0.6872069662009583,336.2357133948229,108.58862852945157,5.521054419969358,0.4423685917069176,53.24970920705535
1.0392660766121555,6.759665088221515,9,3.6949247526651687,0.5150044982403399,454.9008033682252,195.78417222125248,5.365807831079388,0.046893991335585784,0.0
4.831947205696608,2.3557856615721144,6,2.71668921821853,0.576844713021989,446.12434546589316,135.92877212884983,3.5219970078868843,0.3115228187376984,49.93396071695132
2.790255029263513,3.3726554168789455,4,0.6802643338927036,0.8227651754461368,266.1545207948148,43.92926449416712,3.922149099039888,0.57515546253653,90.095538762996
4.736306274711396,5.413852342449048,3,1.134792452319937,0.7048506285221102,187.54659557781878,16.10466004814651,3.620178989982626,0.7187945471929265,83.48625605174544
2.1299985648583615,4.0645198473442985,6,1.569420333087561,0.8129932149334399,277.0444706083001,23.362726031773388,4.4254161772436555,0.7907824987829053,82.85603054079668
2.398197973800988,5.318047600880368,5,2.440129543401802,0.5738478713271725,306.16080045000786,43.524988009727835,6.6785486302682,0.5479431021854398,62.92654152296283
5.669180221939776,6.213223993313451,10,2.825342016139318,0.513600512949126,424.10051915960804,139.49329508104594,5.9941757669731235,0.34832734890108463,10.156694078557468
4.308972880396725,5.8017207672742535,5,1.3162876868373503,0.7176366105739743,289.8036358558643,37.74992800245526,2.25847689548657,0.636609078434495,77.0589695405737
4.721876364968654,2.909297829121827,5,1.1420743791136365,0.6598759649259405,338.64364118979285,69.01976540191515,7.709363055177291,0.6009586522287915,79.70816575694346
3.4347755239737006,3.6169155918722047,5,0.877516098935377,0.7884371289725743,211.65661759464064,37.804708259161025,2.016487125247611,0.5122932291871273,83.75932972770809
3.8679478208107696,5.995737389210858,2,1.009781304259152,0.7122214848369076,330.1599318765477,43.92517062514724,4.310476450521149,0.7060158622761488,98.40230282039612
4.52644735584764,3.4448345755364205,1,0.896879787630347,0.7166941121319703,327.2750040715676,74.43132095796022,2.7358637273223305,0.5249209938449755,80.03420058002183
2.6239291309118316,4.088993359045457,3,0.9707862544602565,0.8059873905666523,247.00492180046504,1.8932388391781148,4.73586184031334,0.9867317344803701,100.0
3.8445315008474297,3.3407603320682977,6,0.539068556792204,0.7474795118301633,168.57060902711817,21.110325593339905,7.831289881661562,0.7006935584737887,88.48583324411646
5.6976385827242115,2.0929967153106586,8,3.437157022110237,0.4678917776932061,561.0489203512774,206.15367192374472,3.1709989518381843,0.29137229821942157,4.148978546418245
4.749108753184647,2.5291127999616174,3,1.7420098318149413,0.8464188661399086,246.83967446503297,31.25693282561508,4.01070856376446,0.7063651924529979,84.7382600958086
1.2631421652037786,3.612604872371807,10,2.9013219702931456,0.39710658506997587,434.83920422256705,148.91202617121542,4.139921773139418,0.0062660296180159225,3.498164165501999
5.392714360571233,3.688183027617999,5,2.8667291252968843,0.6337481857640818,311.22536044649326,88.69118142904,5.119826880656008,0.41687012516417293,45.89370193197981
3.5300420097602365,2.758630072459351,3,0.7256118396156527,0.6616532057665305,157.672518235616,39.12579315314758,5.487420969399806,0.5692032615702487,92.91698863068498
4.25395863226565,4.181731196299346,3,0.31861074865778805,0.7074686869715938,200.13217409634848,19.98043505718019,6.275750311660322,0.7556811887447239,81.37103392178291
5.15952960699975,4.794307087945021,5,1.678030675522458,0.6921386291883372,389.44734808131136,72.09217645298574,2.377711196324536,0.5560555841114759,53.39732347913801
4.318952149943045,5.2464841548610535,5,1.2346133717758212,0.799958593527715,292.65208003355707,44.70207241001717,4.948983299111307,0.5562586765131324,73.20935639483646
3.754794749059493,3.300734480065633,2,1.4681793254234226,0.7985100316880152,212.46801885953516,41.55518111754262,6.240799231886363,0.5769589801224867,85.13825702295055
3.394294405141641,5.2946421367025165,6,1.3949430267872869,0.7357317649128856,317.7554774817691,34.27322930398353,2.1015839381133024,0.6747826667988096,85.48704642996378
1.8174602950990506,5.6379503130963915,7,2.562956846032339,0.6284030571136024,346.4600547107347,114.77872817279925,5.163350665103563,0.3768911314199561,39.263861594095985
3.7662623933689567,5.003718648364312,3,0.5451872366249572,0.7704129454405642,322.2114380598416,45.30103752971639,5.159323017356062,0.7527371878928262,91.17872150755787
2.683296026610659,3.9588534222240974,3,1.1634285496228998,0.8737335406075096,204.1814402392092,23.333375830421282,4.945523484631299,0.7502918474605959,99.86463559854852
5.90794181175761,5.393790163821579,10,3.3547221882209013,0.43993940394954123,456.8330539373888,180.36769123897747,7.655029871378007,0.1014914295677007,4.8680827482588125
3.6327160673548358,4.408859210904452,1,0.6778926753558465,0.704872655200575,178.82879442911747,26.434335202176822,4.644730438232064,0.6048467922159289,89.39315938003362
3.670104910923503,3.64670488243093,5,1.3230916888675923,0.6726871813090932,227.81339103458396,28.083186413120796,5.552036845792076,0.6719030876647424,83.28543035040727
1.3540533136778616,6.070191580782817,10,2.523505746428505,0.5337856305043617,422.26350643846627,198.39143711685276,7.878115795283087,0.12720672551936896,0.247865617178177
2.538394019010327,4.968952559150602,2,1.0295830328314808,0.8466596088722235,180.57994575233067,8.311427011504092,3.102393259514698,0.9207812559585864,100.0
2.5121300057150995,4.328372298099901,4,0.7323695968098676,0.8489101603099339,230.35402688203462,25.634490258510425,5.47443146725166,0.7527869793644945,97.65437196131514
3.5013907663598864,4.0804672396525765,3,1.1459783483711918,0.8457076754635873,213.04297330851313,28.51425273991659,3.932847254307802,0.7203477069144144,95.72482328412458
4.9429650518790105,2.5380923798296973,6,1.8775187196371832,0.6846743275212452,439.7861113134396,54.47021426323016,3.1004870722511226,0.5908829421518803,63.89288917651812
1.8135685264697998,2.235853676107763,8,2.0045949724001497,0.6586416164781933,420.95186975487616,59.78497443277,7.638821878080555,0.5956307602880213,40.31278092327715
0.9551674068978512,3.6719297117043346,9,2.95401981631926,0.43888926113422044,536.1752267276297,175.0605397417442,3.3712766618547496,0.2982237546501346,0.0
3.0665621021861282,3.78631121950504,4,1.0718725224548336,0.844370136745669,262.6881820697812,23.603239444495898,2.692146285019853,0.7477299695434765,100.0
2.396525987072121,5.209492255494653,1,0.8600652967163928,0.7531498874454596,319.7253062045688,33.19596674960432,4.144078859240228,0.7681962929324937,84.23253531562389
2.2155354311506534,3.10917533554564,5,2.5172432240146816,0.5016440494781164,428.53391871281383,108.22514758215803,2.529376050354247,0.5180832273855746,57.346933271425925
2.1934757080023233,4.750429673280731,7,2.8320161290408024,0.6973867582050747,381.0406996035101,106.52052738554622,6.117586083282194,0.3964470486370582,51.592342609547096
2.739411215427863,3.5906837360842165,2,0.7893378303707058,0.8125744894314435,259.8351746069894,19.68353399820826,4.06437387965573,0.806638500846445,100.0
1.6114497380950004,4.060088440882643,5,2.645618109066739,0.519931392437805,431.98040997514124,91.40136827552277,4.561769210828417,0.3431216912875756,43.6858164749738
4.0849864425081535,5.533691150751162,6,1.0346213685643557,0.6554337708336961,206.53282550726396,44.82394952018084,7.1970315252951025,0.6343386280261787,70.91077847610904
2.1123283236047072,2.188939576656874,6,1.6033026161409505,0.5643381667666215,425.0006281221225,110.82529171125589,5.759062212416881,0.3959994766613661,54.7758174725615
2.624541780567828,4.825202774333078,1,1.0908686682111344,0.7421934923692313,287.14976797030477,37.42790854766602,6.541036492753465,0.6679826963648543,94.07099570648236
5.945318640077341,3.479791486874464,9,2.8551712740234225,0.5451733831758947,594.5683928427077,207.54535005197292,5.905527072223632,0.2774939679145673,7.479200596890471
1.509639554552578,5.144050737603466,8,2.0204410883937123,0.5279815858496053,349.0477600952944,68.06314848805346,5.042810498884936,0.4089579436722605,40.69847232465046
2.7133921844992934,5.4695176907204806,1,1.0255828508375693,0.8312688434391828,257.2202698204255,32.995058489061265,7.943150735760756,0.7840267586701658,100.0
2.520846652695655,3.75481398821546,3,0.7957038412869292,0.8109556874690806,231.18257808947752,13.114506826479538,6.629690934213602,0.839303999181576,100.0
4.541350999079339,6.232888413502678,5,2.5295326309899737,0.5389852002446308,332.4346186462708,89.16216207229206,7.797730339784253,0.4654733623457009,48.49201974092467
5.181686299147787,4.1437292222048105,8,2.4872940116726507,0.6160040867584755,343.78826622087496,106.9466606968603,2.7374048301458966,0.38404410136669737,41.54525784587355
1.4449665009590298,3.1957179880134334,10,3.9757661427623443,0.43167570983857223,485.68534522238133,165.19387942197446,7.69034016364891,0.1914273918495477,0.0
4.622953353031861,5.668748345136439,5,0.7542064840852164,0.6581309331565741,337.4500578426308,49.48385079498364,3.3290417003824286,0.6458535702832827,75.751391622736
3.8972780978416095,2.9829663993933115,3,1.5735586800185988,0.756635745729809,330.6584117715178,33.861260160295,7.108446380560608,0.7206799402458292,85.83175169741665
4.437892115269787,4.257034828610016,2,1.1726465226094531,0.6901697024780215,268.9632755684921,21.140277969058825,2.261865814464335,0.775339460042221,81.05535990739787
4.731355289648121,2.1897320580109785,6,2.576410252694714,0.5016623234720148,309.40659421681283,102.28468508537566,2.300720751986508,0.3655393362634654,54.812721916383275
4.929079405237066,5.3954659148120605,5,1.9795005953118003,0.6724171807747208,373.90983272050346,48.94905758279969,7.77635499924094,0.5911165008498782,61.083160658208335
4.151202023233018,4.776226653590315,5,0.8587488453793288,0.7437564824779576,173.7865024233913,14.959162499892416,5.170646926500631,0.7869547145576767,81.3324510419252
3.301564057970836,3.000150006342901,6,1.4172684363112416,0.707389141691137,207.2502720573732,45.56760463103251,2.3178945457935405,0.6284432938668187,83.86217563638814
3.7269605668905275,3.7939766200813803,2,0.8325644881155398,0.8606645597814742,248.69222978849385,1.803383559146215,4.579472856553272,0.9758787564231514,100.0
4.6083412440426645,5.683356210978831,3,0.4963787577790517,0.7299845453327652,335.0801857351487,34.42702992931278,3.810577688855247,0.7941836164992983,84.7740477208081
4.530194606545785,2.730716527745746,2,1.1506764519537862,0.8487418766175705,282.39368893633576,50.11946357370621,6.198746724877371,0.5528889888740833,81.2240886814493
3.135232148510453,4.05381609535942,4,1.218652065552731,0.7814049263796011,258.06366816333406,67.81855569659174,2.0758781514246594,0.5539163237286042,90.17229471812286
4.267209480917995,3.8932151782714897,2,1.1424684529005997,0.7432192277268065,301.09376158141635,60.53306828374657,4.734294947222626,0.5084934428944132,77.45160625272044
3.1572156076762803,3.909486504685357,3,1.1060824952605701,0.8357418979006855,253.7546323270247,3.3500330801974365,3.393531605519434,0.9756597943970727,98.9623249428776
3.0458505145719608,4.409573533152531,3,0.9988637502039309,0.8775341899079526,271.94492962542176,26.565370823292024,2.7086387457672307,0.8295588152985793,98.86516943480792
2.4465838357079903,5.05017208274346,4,0.7105594445020971,0.6599729071013246,347.9993318735259,78.61442520938925,2.6230521519031407,0.5312623080713531,78.63867646894992
6.1010198008821455,5.132850275943253,10,3.046908451406942,0.42925031065139646,515.8900078330307,262.6422689511944,5.546284784223813,0.051431895754500356,3.740178173596096
3.0361753479478493,3.9021549063760763,3,1.3573740721914025,0.8750471449851693,200.8845161672203,1.3582212216931213,6.855510886235254,0.9800819184658309,100.0
2.362644867053785,2.1176074099546787,5,2.5910210483704126,0.5268199154190788,347.91347571488785,61.30620090225083,2.271285208740859,0.4838557422005557,49.6738942709912
3.3806753404641734,4.89620025405571,4,1.218185413769196,0.6785522776211168,196.98168438041648,42.78909305310226,6.302390409858631,0.6144438912471744,86.64553079813744
2.88375065713293,3.6499745519127442,4,0.37844129437813534,0.6885181168822402,296.6482523994217,36.77890827473052,6.0703121445128305,0.7504627825301776,94.7090157402286
3.7160619135650164,3.3267683095467833,2,0.654683350226465,0.8215819723409185,196.4542176599229,34.45949774225244,4.537872292280995,0.7030666325057757,100.0
2.1917168715144584,4.8214271113730875,6,2.8664301207619345,0.5738400057412661,411.01274243719905,78.72083586906287,7.700604268214828,0.5936233187410825,57.91567463383705
3.994422212630018,3.1371517762684773,3,0.9329098544128455,0.8611322975991373,230.1400894014311,18.06719342660617,5.5158571225094635,0.8402452273354871,97.64116102286104
3.366440867925221,4.1909219611493915,4,1.9493436251362786,0.6840389470915006,285.13770675591695,49.74563927404293,6.114303731391303,0.6233588876521027,87.0030086225043
4.752743909229838,5.138927858661213,5,1.5490096943435954,0.7466066372200315,257.39654862036485,18.467350147559188,4.698939256980815,0.7915467076864972,71.92254600701952
3.6041026168469017,3.542343796486204,3,0.9820546876359404,0.6677548134652055,292.09410608414953,42.04380096010208,4.235153032140326,0.6258818900169119,93.32810060632158
1.0553999000842444,6.558881415459258,9,3.499626690166572,0.4097517442468172,480.83711806358656,154.39878324253408,5.583970206594778,0.09155248478945169,0.0
1.1883352538979,3.7727465061854364,8,3.47586023275244,0.5481191201395161,447.75183014969406,142.6109672057586,6.419313015038799,0.1907633428291892,11.244341914814806
5.698691220771744,6.571257621856122,8,3.916367561746732,0.44987915420822083,536.7897335190582,210.380594513788,5.808073112039072,0.23046096717123224,4.6299651071703165
3.4809792574392135,3.1495565028712234,1,0.8299866694255932,0.7348249741362853,325.20691298221016,59.117377038839,7.557092579445368,0.5819303668951762,94.80996695912933
1.7759421306874748,2.873462360236901,5,2.8939600290634604,0.6769808818165232,378.5326911149617,64.03242397847154,7.945110907850217,0.4427157119277702,45.340504423210376
6.228786478430496,3.652030533748013,9,2.50096924576409,0.37703475229235056,566.9185297432009,135.4275565893385,3.7408454131321096,0.32156662390419655,1.398345397237113
4.3854073779186775,5.4227487220426225,4,0.8710731186404213,0.8181831119122758,317.9439380287132,45.7767678924732,7.98190429651258,0.5685555301525105,87.28522811340106
4.564173321246363,3.6137027364608163,2,0.4582800565328933,0.6871108393564477,314.2629716559731,46.24623171209514,7.103429090790701,0.7332625124943388,81.81496290116458
1.5219683299991493,5.306251318560141,8,2.7237990720734007,0.6657107690314009,310.3188040885777,70.65358145419589,2.6616014417173925,0.5126438824303547,51.874675880153234
2.5327445691656543,2.841983039042878,6,0.8359713375869819,0.694492806420335,231.1161269136017,53.65466642201928,2.117058881381566,0.5365943233534519,80.12752857417698
3.11273128416105,4.412264848095902,2,0.9036780916232974,0.8880029505886934,184.25752227329903,4.711480183110349,7.949656044420383,0.9571696623204277,100.0
4.802391875791928,5.603657894005448,7,2.922848328179648,0.6219739692231141,335.83805419917064,70.3737462033687,2.0370646595160142,0.45445210041256706,47.55376895268542
3.85090566265546,2.859060857706535,3,1.5352808356637029,0.7582411761241586,280.95880295762277,50.11150771868728,7.0525360947767375,0.5087037809740195,82.2670263552833
3.215941701013838,4.634693911186007,4,1.4267213818571114,0.8222700879877631,275.4264955005135,23.351901360507316,7.0585063039725515,0.8327424130753778,96.52867833631495
2.89932310880943,4.821493094479595,3,1.109161662025731,0.8690119578725389,211.53142935510462,1.5218333392524626,3.188459396980096,0.9818345324591573,100.0
3.435839743322297,3.1257624316485235,1,0.3777129882226104,0.7317335606653559,202.08826636962175,38.95470029417599,3.96412484167944,0.5644779208417932,94.96729714379225
4.321180465145419,4.474386034740943,3,0.3601609783817828,0.7715376093075854,229.95707687347436,20.882662301593033,3.4636700971164656,0.7024793542005501,88.77484899365344
5.770142689790299,2.3993727934536544,9,3.5277641365101453,0.36378061113723725,457.76725084299085,146.11915309283856,6.299461554804376,0.3076144057582965,1.9867578724749535
1.2474528450120281,2.2372148734289747,10,3.0081047791581574,0.46183301822633577,590.5204917159882,300.80557004999457,2.6997664774741885,0.1135077376643166,2.3499574743152896
2.671473710819315,2.940940376663997,5,0.65623255883352,0.7280409269993906,212.8061975588912,58.79155995911985,4.738928012617619,0.5095740395709717,84.5366416597951
3.416771151458415,4.69940749105546,5,1.5415485349368403,0.7404669828938598,240.58024168753997,32.14875603323583,4.802358581096687,0.6584265540563218,80.67821212651343
4.696840675023637,2.245869135175157,8,2.978891338033114,0.5274048221942663,315.5651773518683,71.66171462364562,3.836244139141294,0.5312816432855579,48.288195275369795
3.6266853393695055,3.606426669092242,4,1.066892584409255,0.8236365198781056,278.3311156494872,14.003530147381513,7.453677830152279,0.8347292083540025,98.84961461092995
1.0908820648721955,1.8430322914314174,9,3.9216647597849925,0.48413599828446063,598.4755677987478,262.56536300862604,6.245518870035336,0.06753930902013727,0.0
3.5636030800179395,3.0941816023768194,2,0.8328300225569695,0.8126493142027509,283.546639392632,59.902683838449434,4.919221546090222,0.5885713637377452,91.05502161618897
2.8781445262667,5.484885485968082,3,0.6667004712312136,0.6605754165065133,167.7984117380128,21.69233464469219,6.480787575638688,0.7600912074025765,90.95298084858084
3.546352310129626,3.8297906964872412,3,1.2989135298653107,0.8544066878558492,209.23859772957655,31.73080356210059,5.700835654677753,0.7391689050154558,97.339707253011
5.348992813713336,5.137098266814391,6,1.7044142894721557,0.6819826711386989,448.38816689184745,125.09066403694816,4.979864050987336,0.4421427035878422,47.90512857819199
1.9635855979110537,4.921617867786114,6,1.8410034863163836,0.6499493331110645,382.69916015628013,97.97730655282848,4.397930544702002,0.3850797339101565,44.84280268221128
4.572148045955276,4.018558948438965,8,2.961810756189555,0.6941479767351895,400.52931287670634,70.17392356491662,6.634360897259839,0.44829118894218895,49.02506835091421
2.0912950510362363,4.552437226760837,8,2.3169395722280455,0.5863582391719508,347.5614275851426,98.72149205356075,2.575803946567482,0.38104811094102603,49.43265607972306
4.061050497033069,4.001551430459717,4,1.1642532601284203,0.784858203534382,328.6656705926843,88.3808893460123,7.3037328875494625,0.5407655125114811,79.90214953308943
6.249606614830458,5.338937232193805,10,3.0957058929834136,0.49003312438753144,420.3106992930307,145.50542430084795,3.872071367323315,0.029543904687426494,0.0
4.565762206984982,5.759407046326014,4,0.6263225489734296,0.6990432116450215,243.18866657694863,21.13501449557559,7.535293020329823,0.734755413834915,87.89935609915095
4.374884794973739,3.6000642284599698,6,1.3864628259103715,0.8086209948371427,301.71063320947655,35.25561523078095,5.34055733610016,0.7848993889201455,88.2291147243683
1.874951064464458,4.080374714348958,5,2.696726288698351,0.6644663897770343,366.5857652527813,111.89498694972302,3.8803786963218165,0.386311587938032,46.13881482104873
4.392423959730076,2.9094905195041028,4,1.7302691409046167,0.8044630719891275,347.9974704223625,70.13726277210463,6.886395590651617,0.574847395741945,77.11784765405216
4.171512773946623,4.121783949684239,2,1.8976683106000118,0.7977306359291689,211.29485098422867,23.3398515579493,2.0792108597703347,0.7515460901053292,75.01673962179751
5.907295680502618,5.88382524606709,8,3.5555727659701697,0.5292991979048112,587.8258687746443,235.08889679251848,4.728924995895573,0.27239153082959267,2.5337647682354003
2.6878880942257672,5.650736946914331,4,0.6465139928913667,0.8288836840418218,184.15957395617252,35.30054010030343,5.133353073991386,0.5345751589489073,92.27078169113811
4.021272254463674,3.284379172460315,5,0.6814971655585534,0.6761537855449792,284.9145580714138,65.4309884426954,4.670130875393423,0.5488447678333284,72.98959551073305
2.632468135701297,4.3582545831335935,4,1.2561886427165554,0.8249784290921768,182.9847186775023,4.306157861809094,3.4354972490795417,0.957871665783564,100.0
1.3879380608254202,5.354142522961031,8,3.161095018346872,0.40932036154384366,535.065486346122,203.18745683787552,3.203545526857826,0.30233448498523335,3.818462071363707
3.8090597190629683,3.5610987273403114,3,0.5302595127459615,0.8961340422567001,233.99677422151785,18.4189554751497,5.589796921203865,0.7606953532995653,95.43846824326188
4.319991336387956,4.23517799840162,1,0.7864187741137084,0.6592562696434668,184.60526322197964,15.394067270052124,4.969752526791039,0.7625920883076297,85.93092463478304
4.873132681592668,4.138284536217085,6,1.821611217814798,0.6669301468465358,328.99894968857944,29.695454346842222,6.792508912905217,0.7412187183576177,78.11709313591244
4.181528411512925,5.953459832671562,3,1.1795908010698068,0.8462411545856332,221.43111818109,33.49670737328347,7.917343133939168,0.7353181004881598,86.97631413870006
2.536149935487893,5.986590841911662,2,1.821355256746177,0.7291008167357735,269.4403551438967,44.93038982916979,6.539085142817374,0.6830422129793896,83.66266488318047
3.9003032526880914,3.3935362726369616,4,0.6517155173018555,0.8615447348305408,216.95862437561038,7.894503246346996,6.186705639906299,0.9133422716780085,100.0
3.7423717465098583,3.1764650290924905,4,1.2775872058942643,0.8834094227248944,256.76563662141774,6.311291825449953,3.295638664777555,0.9386177813111836,96.74826039757922
4.163944234610399,3.8363875865274557,5,1.2176295183289179,0.7279773887344549,252.65972852085912,60.86238175977179,5.469121247665382,0.5566880342272141,75.4500325738815
2.0989828659642353,4.405079033086493,2,0.5220772451636739,0.787035486108888,243.47262788508175,20.23170383636303,4.18803911734286,0.7280656829537221,83.98847770572695
3.6649983060490317,3.6472361843988548,2,0.7981415227637966,0.89372291256681,182.718394737278,5.464236420519409,3.356188846998138,0.9446918244578096,99.89589796130184
3.214683576067783,2.9449973984923825,2,0.3872308535208639,0.7441120987962698,335.05098231059554,61.84908237597284,7.40856482870603,0.620990482110738,88.95746803307934
6.3101124685596375,5.776538294750455,8,3.9411224228295256,0.5249523273952408,432.2008528029458,212.13781996027186,4.038455776208987,0.036060874404267466,10.976911243534452
2.9925098848034564,5.2637130058239965,6,1.1722180132541504,0.6901721596689473,250.54303947188217,69.08513644626467,2.1745303555837543,0.5053784099040998,80.82580421796561
3.655749446489155,4.516865450730113,3,0.5728825923516161,0.6831533294730737,264.69002816316646,26.778506514074927,6.941912842742797,0.7344698847107651,93.64135348667791
4.545446397034075,6.208339666858367,7,2.4739721947213438,0.6982200721958294,324.020839223099,78.3561329164821,5.794423398254519,0.55678884265408,56.85733692189061
4.647112874976837,4.328474453364357,1,1.236675805419103,0.6774971077335877,293.2457645466026,37.61185848863277,5.156030520381478,0.7399371545957478,83.04162128950517
5.843727952673265,3.60193901154595,10,3.857934858708852,0.5099210697151354,421.1999500019083,110.65687207660866,3.7570083023805747,0.3142845936194235,9.924409296234373
3.7520374875556177,3.0012143372594924,4,1.139793641449026,0.8396894609569245,247.72481853418995,37.60363964473907,3.658763120127144,0.7425344529321064,95.48828346389875
2.9782864440522774,5.476045762383388,5,0.8138720382512928,0.7796280846410919,300.28673461754187,28.398462481317996,6.370231556481988,0.7496520743446198,87.07762505779594
0.8662495139439227,4.444954783478058,8,3.5049035890743174,0.39690439659381527,408.27712504912506,188.5795295101889,6.2992649881889,0.1042630729332224,0.5547906404880842
5.056214895646019,2.079737994749382,8,2.4293646601378436,0.5338118000034096,409.0569575263662,102.56170532428175,5.098529209142974,0.3078428643217043,30.64829109739431
2.1779670932592627,4.526638110063284,3,1.3389438454430833,0.8433506397930683,228.36759907610747,25.65351760908869,2.8782074765553425,0.7618246705071232,91.28833538372392
5.201798976987514,3.0436684036419783,7,2.1971828169421768,0.677355455243634,409.9968942475604,104.09366832423596,3.374601835595838,0.3792740173627766,44.12053298315327
3.180454638561102,5.817647873627704,2,0.45340779409618676,0.685905896075287,191.42495044178602,26.01783225373094,3.4681851993892074,0.6004822259412934,90.62759453221045
3.564292462457834,4.211394789401885,4,1.194521813578957,0.8121990641704266,182.7860617207698,25.35231039639678,2.7776401339599532,0.7407210183471408,100.0
3.387213571703607,3.575694694047233,2,1.4343438211410942,0.7085266774873563,241.92655853592908,32.18617252097684,5.767540171086788,0.5590743214136945,94.456496966078
1.0216527749082982,2.6022245724523816,10,2.834518309729679,0.4185522350203901,485.7067450130288,236.52925853964203,7.755387607474443,0.0786220195056632,0.0
1.3100019553758082,2.919868163110991,9,3.084773122225065,0.42712675468911376,431.9064637230856,176.75993128904244,3.4534237550757565,0.0545846064467173,2.4264319882468888
1.1693261532509318,4.706939482173844,9,3.2503612900052836,0.3915980327714814,562.899261003124,261.554481273365,5.417479559678896,0.20544191523023195,0.09581325239319982
4.544154281799293,3.997622097490975,4,1.8708398183097388,0.660106739895839,324.2587149105861,37.47845655186535,5.249932227195281,0.6456818232212905,78.74937211064454
2.895008783239585,4.901851845687043,4,0.6414038632434511,0.8758431551057286,227.04819712967765,0.14803861435922833,2.5035919321510063,0.9980871063420197,100.0
3.8754702925624276,3.977424208645144,3,1.4883565520172892,0.8001542234266148,198.2788027696115,3.46785505573259,3.499644442959823,0.9672586006713114,96.07399650525082
3.9396489232022978,4.538718998077986,2,0.5431602170970163,0.8333692075523984,204.73863300904017,5.8617398066714355,7.118767539255046,0.9289858187409555,100.0
2.9352601804721887,3.5398715446771885,3,1.3272186695548662,0.7179991871198362,312.14226171890937,25.44751481898851,4.618713663709279,0.7999076110813731,98.5076112643377
3.419636722736464,3.863787556927178,6,1.6991794278640722,0.8408423825807557,326.2512658395719,28.562407117468247,3.2922383078387654,0.7184975461181865,88.03605189761927
2.1715522288180007,4.549165792651446,4,1.7831900973240713,0.6692166984460064,208.10316760079058,48.496610578638666,2.2353970279251474,0.6078848755160747,72.81038602555229
2.9181257948973265,4.374181425560079,1,1.8234379191133645,0.8283302657852651,232.15457234002025,31.465240666153772,5.952984723572359,0.6065052018092896,93.70166691551047
2.3205246174774823,4.434568749701223,1,1.3559383062321957,0.6609713848347747,156.04540368794355,24.263969358540514,5.603272878002699,0.619235104543737,79.154237376014
2.747874323720072,4.88412287716211,4,0.8936109778805172,0.8425266816867443,185.01498599008985,0.20333842211554892,3.1837578511791587,0.9979551928597129,100.0
2.6139248080495303,4.557184524821201,2,0.46243888881499984,0.7200837273687799,347.65014386721685,82.05670466120094,4.627168710590481,0.5037315309993303,93.59650947072541
2.394002919179687,4.715681985022209,8,1.8628988430520295,0.6379908592962638,333.6206083290675,72.23030035717744,5.784536642164885,0.5067478531137697,64.89201303819802
4.5213536936863035,2.513734039730031,5,2.164016020133547,0.6399940183130297,360.30191582544313,105.3375662687704,5.244438905005735,0.3898225206227051,54.58821332284484
2.900950722370036,5.342942656582913,2,1.6432193251103757,0.7401712190394432,284.6144556214326,52.244100114838275,2.5358788045220457,0.5710826131062591,86.12682332858212
2.100608076422753,4.510989830380282,3,1.6000508470103063,0.8228193321933925,269.3364283722962,36.69835047262556,6.158838775684831,0.7201116162780513,84.27319079118324
4.578898162794506,5.607218809472128,4,1.3994335891424488,0.6827548431091973,232.7071280763273,23.59472507378107,7.680843386947174,0.6732380407127793,82.71319149021659
3.9487815036214946,3.2241683449848244,5,1.087957370304994,0.710347484785539,217.17144520905407,24.507511947688847,7.948903000024405,0.7802331188363358,88.20496377870882
2.4426019367462315,2.4546643785172666,7,2.8535598238064783,0.6587082255116384,433.52901127844336,79.49458691099926,3.524108513280664,0.4407915180505105,49.42880162797905
5.284463437233368,4.015404201327417,8,2.8377631104809398,0.6389339492236935,345.3501315416544,133.35739675476256,6.5784756648829585,0.34580238095940347,38.06099429428354
4.528193356446659,2.712997739726033,7,1.5797579697251884,0.5252114047520035,300.5380076629945,95.86873516118285,4.913731771350914,0.34825006979179024,58.83696344556095
3.3888159810337126,4.235148590030752,2,0.6935621006643385,0.7161534918124607,265.09857966721376,47.898143404339436,6.461576505388167,0.678593183327972,92.54297476062257
2.762297330183354,4.5311083854066165,4,1.091538817588999,0.8390731913633227,213.60603845965105,0.4731301453863657,5.652760962836183,0.9962398003864618,100.0
3.8923189969487995,3.0450777622373324,3,0.7750412480084818,0.831492461226231,228.96948935325705,24.58967120846066,2.2511029525948976,0.7454902798532862,100.0
2.619162530991051,5.52827153260297,3,1.9547783356112387,0.6867105113112455,278.3365945839866,46.400297768812976,2.850319441078241,0.6368421689257834,82.26344034260575
5.056307476467365,3.432108639610907,7,2.7930558561187366,0.5680322218402294,371.67824056133406,80.53972490982964,5.518426848772311,0.49567433007623196,39.539272008246584
2.1101126601659557,4.3022440358992435,7,2.986311798430079,0.6286159572647687,350.2317415248943,63.879523113761024,6.70395839213127,0.5457980941799652,54.091476312345385
3.043082118820452,5.263880245733898,1,0.31927467525310943,0.6838378460703812,165.80774817645823,41.19435283683956,4.459324836936035,0.5394929516437669,87.35534127901536
3.2866977563886453,5.426751017159792,3,1.2926342619432825,0.6576917217163046,182.45517029865056,31.57673551126725,3.147941077380321,0.6192194796718213,92.97429432372542
3.146053782050514,5.570650499838871,4,1.6102241926782874,0.6686723171312933,218.31024774544068,27.01854384255097,4.2112542202145935,0.7708341903206523,87.65829402134004
1.796312753262211,5.245999235754411,5,1.6492188248255244,0.6341814030240529,328.86397786349806,75.90477644659637,6.762738887567264,0.5070594043911156,55.06810001217699
2.2989404503673865,4.604783602970793,6,2.3057638687111344,0.5082698784310886,397.1765248881364,134.46594904634756,4.701413698166679,0.3297696244089655,53.80294066853873
2.953739960010723,5.73349451480003,6,0.6595113968944921,0.7824332667346923,347.0134418653869,68.3469015822415,3.5161335297619765,0.519124255943823,83.06235747233943
3.7219843973969704,3.010218097091274,3,0.8613148466637287,0.8554024542908608,183.6705701362901,17.082613192839766,5.888994057665235,0.7129223170632125,96.14491011641498
6.094040360711505,6.926167426268979,9,3.2654117203708415,0.3689180367726536,412.33594278079977,195.5303679148366,7.709034483105326,0.1911295311678881,1.277077290525147
2.0878211425656494,5.983282911368817,5,2.470135181859039,0.6660812394886931,383.07400867997615,48.23680075207893,5.579932896270572,0.5870148042819989,63.997797403817465
3.2045553168154752,4.146385244613258,2,1.260221272196111,0.8160775196651986,247.22826158652688,1.0686354045191353,3.090054675556603,0.9889800377333079,99.91655316567469
3.3588455762979827,5.931052253582614,2,0.37246705444219963,0.6570128204594159,239.89232853855685,24.383760913553374,6.808370745390881,0.6935496187235871,86.88987043544233
2.673220924989793,4.878690039330602,3,1.2456424235994188,0.8950573159330536,192.3122520643114,3.4235969176918255,2.703043471720422,0.9552567522415979,96.33132545469272
5.887209355736044,3.934394312755936,10,3.929341728463861,0.4690139002570124,496.39654697220857,155.33448359998658,3.2934618914777234,0.1990770208540129,0.0
2.5570860040890415,3.52215848967709,2,0.5547988610574099,0.8155698821514112,188.79074559360504,21.64814951858375,5.7533392327678685,0.7930957816444022,100.0
4.7055513110604394,4.014081221770083,6,2.794015985552459,0.5699492817184256,338.75900758381715,67.48596158936499,4.670292728012155,0.5461046740047876,63.354888553994584
2.8219239814144883,3.820486304739029,6,1.2227314789754353,0.8481237860041911,321.37811618306904,36.74910749927339,4.592046652606988,0.6310147449188898,86.03405336015138
2.3057326575978507,4.9144946894673085,6,2.953701238942293,0.6891003192133471,346.65375013332516,72.02811015441154,5.846604897762454,0.34789003643993593,64.03332708417065
1.5563065870251402,3.956108533976958,5,2.0078954179689177,0.5936895017060081,376.2891260926706,128.48570606013578,4.4558420216841546,0.41383627878134616,37.79839791434841
3.1112582400585644,4.867420379058394,4,0.7260913860106454,0.882313161734536,210.86730998113555,25.48106076487444,6.756459522791765,0.7913659036819076,100.0
4.970769599407751,3.5677978892854156,4,1.3364942348329232,0.8160525406994084,167.80812366240724,20.606075359815183,6.700948844973526,0.6795079724142655,80.51453630439849
0.881048477321016,2.1633068710098122,10,3.8873032737532043,0.43189596484755177,455.3836724410081,187.23611598012153,6.023977030104113,0.14780460647397323,0.0
2.8766299335107153,4.259556078040784,2,0.7916726978779874,0.8689293820711593,276.21037659438474,42.29810269173831,5.9272280659763545,0.7047687157762298,97.68029851721353
3.4137573650583732,3.6432848407695952,1,0.4953702705511182,0.7993661844322992,190.06276861356548,38.5529009779866,7.656593197739494,0.5610249827307421,90.33844653193643
3.843881030564378,3.082488906395568,2,1.0346224526578367,0.7576780139852403,293.8380549476429,62.5863266273382,2.6689455460070435,0.62318054057898,85.54199021815879
1.789915012227255,6.128734759180628,5,1.8534293604388794,0.5815432067942986,318.61617039416586,59.25007127238518,4.4466029646561,0.4505995528766848,40.445389093603296
2.798431440923954,4.437902253055681,2,0.896416081565141,0.8924619872937144,256.48568541694175,20.26468071590681,3.272251165995039,0.8595790352577466,100.0
2.475358173188105,5.48614296204014,6,1.9026034156683511,0.8478446560951886,303.57799976109277,49.0202679660077,4.96488727607869,0.7294557407833065,78.84857596494493
2.221253085818801,3.966608886390903,4,1.3412370712656245,0.7996632719040598,218.20831515894628,23.346121022811964,7.54624699078494,0.6549367577157922,76.48668313977352
1.2779953799257642,6.050754069291138,10,3.7150778525842805,0.46399278388274323,518.8431935673813,160.15042437358392,6.426470381703356,0.23361015948213817,3.6636256086214356
3.597509166122153,2.571571846686964,4,1.2193851161616303,0.7157837630324362,332.2149029243114,34.06677645831152,4.5118666776757665,0.7275712682271277,97.68829130028519
2.981145585380591,4.918124998084578,2,0.8959514124487398,0.8381223910473005,244.18995923023752,11.87571220326823,6.381176792868588,0.9180271464212948,99.6815280153544
5.797044621439426,6.651600858583896,8,3.7100654717048593,0.5149501393932258,445.5638297816916,141.0456699488687,2.908914304893385,0.06000108041313715,0.5114087463911021
3.665270222853108,5.288317618649924,2,1.1573640379928933,0.8013280683621795,294.5029935760536,30.096730950784952,7.907898997162431,0.6611209266473155,98.16939867162893
1.8906797949310534,3.8464830726950647,7,1.7585782381031265,0.5427553585083662,362.96448833983567,81.93314734481382,3.831982867894135,0.460216755504245,38.22542000401297
4.616310602215784,5.054211007825231,5,2.3206246478992685,0.5383314600414082,434.9309333550093,160.05256217987588,7.800935948639924,0.3574214438386683,47.07164381031754
2.633970720100586,3.9453097345429464,4,1.4733049249469898,0.8624832371384655,276.8835956616372,28.2241574318872,2.665584908060233,0.7230386043302923,99.53999449846931
5.774037556813826,4.762177010878618,8,3.9812611631808066,0.5226414133287756,453.64121145462394,178.45264826328295,2.5174325115642544,0.05925047375330342,6.75906294234162
5.116563582377156,6.396141409398262,6,1.8216224612323328,0.6985426439522655,410.1557343217662,96.31455448786285,7.536366518438275,0.47307310186536594,46.50408187810592
3.8487469733051496,3.167373413159499,4,1.9979653168134663,0.7769933693077465,304.8983086100455,27.151964150144295,4.058591883749267,0.7752868564816149,88.1426676610963
6.2194325463450015,4.331516740899375,10,2.829574740664021,0.5025623948011537,445.021957526845,121.54055365341794,2.9998116504467527,0.3809289150500515,13.467966337949857
3.890228551459564,3.960430428083284,3,1.2304661867964768,0.8026371591968933,184.18785661794442,10.698298592739238,6.2330612160336285,0.8811324663399329,97.3003848341773
4.482708424512621,4.720101089975079,3,0.4133302101184133,0.70020200334499,257.45258925433683,35.31878681010485,6.369027847259885,0.6944848317356574,83.39470005457657
3.262212308089684,2.545437334579468,1,1.4020287419901765,0.8096941382338229,249.72848595867188,37.21335017663916,6.0580892343473085,0.6929620040985797,92.65669877748654
3.419594773886432,5.170539464196794,6,1.703546518873483,0.7482474917612078,326.20588522375294,43.98441527472534,2.743619450065781,0.7060313988990207,86.45751165900084
3.6674430647312164,4.911762805275496,1,0.5759185986923216,0.7399157255164099,278.72060756245725,63.43305993767495,4.398388686213259,0.6026946902361017,92.82551012883876
3.6132285686217838,4.1008230169915905,2,0.6140205723858478,0.8934165620262126,216.24690134394982,12.584661541585906,5.18477746026338,0.886829982736931,95.1585177261454
2.9732726742577897,4.631899766844127,2,0.7850997093536856,0.8923479792058765,244.74307417149078,1.1269608235324358,5.630687642178184,0.9854216252609236,95.61251613751719
1.9315592245634647,2.9860853642059233,7,2.750290261018685,0.668473016642215,420.67136821843445,112.82724941236354,6.272491331497104,0.49858796775461084,41.559217811270074
5.896067911783327,6.375537721054055,10,2.8714364322970205,0.45615027657639773,452.52131707823537,219.8166518141843,3.649268136289562,0.12117599196063869,1.7438393260249707
2.9545826680365312,4.159029552424961,6,1.6482970808019308,0.6648571466833637,229.5089593355803,58.95177265026626,2.0860162298217184,0.5192807421799647,83.67338731309519
1.4813119206069951,3.79381881086436,9,3.6684948139932354,0.4147448017052603,490.58836346301035,215.87148561981243,5.63441593476815,0.1386455070455508,0.0
1.0365235426711252,6.7173096301706465,8,3.825281110334654,0.4731125274084654,462.272886411972,138.8407941226024,3.175462035613341,0.2862416062698035,3.5659267467328846
1.018538266735112,2.740525972063775,9,3.632189007067593,0.44672516408374824,521.5935137256071,207.82375867897775,6.140482406870784,0.23335593083864192,0.0
2.198708312751622,4.452845959765291,2,1.1980218049580607,0.7607841751394951,331.41581253599037,70.49492354531036,2.3332225358742327,0.5477929755693228,81.72571244882474
1.7294169399028045,5.532554379112062,8,2.016427531946121,0.6946850840280666,377.13073812391764,80.73843238678025,7.0309788621842175,0.329251778778142,35.19645415747284
2.349686730291041,5.370743698523986,7,1.8031268178027748,0.6576900777991049,327.32264820549983,69.95627506876262,5.719803130299317,0.5290321056704329,68.87456605599553
2.928925543796353,4.0358416806478905,1,0.33008245058584446,0.830774628056574,338.8772957143831,31.127179273691425,4.01011309473264,0.7666949819567462,95.81032601301382
2.510715681897526,3.626391015726994,2,1.4397401754155101,0.8026621394657992,231.38101841538673,26.81877346066309,7.682428223296862,0.7811305968460801,100.0
6.463319025015881,3.0046861587658746,8,3.216925346921988,0.41458597689134125,511.38139067411635,261.1834480931771,7.0741448299112495,0.06252498785030514,3.563314653276578
3.9813722814738237,3.445237403748713,4,0.7147863510707554,0.874376047489725,270.09014378605065,23.61477200148606,6.678391750273243,0.7872414457449248,100.0
3.9566082063815786,4.900366616677517,4,1.7800255544366008,0.7180235649376124,345.42106432645465,46.375348262835644,2.2746286567239555,0.7682410031735607,87.60391506684451
1.2020293618898161,2.735230865512262,9,2.602879280985606,0.5459160317983377,437.29787334152996,159.43462339772165,2.2706110246589972,0.2661709487810808,13.818941970477036
6.408015001129721,6.736292239284564,10,2.6915501919315377,0.4336082051025446,580.3625643171644,252.98210840391968,5.066762371652896,0.21830587510827001,0.0
4.004307457348116,4.9149180918879765,3,1.7510380532749987,0.7670326651524383,258.68919671006694,29.2059695333497,3.78748920344609,0.7567462030504982,84.27134525342254
2.703051697794734,4.454834763951872,3,0.6931565676618093,0.8222024732331883,293.6178338178227,39.19318569264829,3.128556708121115,0.7018884888434999,100.0
2.4646394412796475,5.93298438075381,8,1.6786438188279675,0.5817051644207429,359.5064531012823,139.61161627131287,6.109439564630091,0.33798557856217176,47.49538047167981
3.2042713404994903,5.088786630872524,2,0.5246234037142672,0.8054037896045636,192.49390645925413,23.38469224819593,6.50028978815924,0.7025720051890261,100.0
2.8151651138120424,4.777068467822209,4,1.4371689710784852,0.8283966228815095,262.5644116287641,30.782216503006477,7.822912842313217,0.7835503336461994,100.0
2.352981159279818,5.000091324291369,8,1.6671301601233974,0.6116940243193748,449.7066226050913,150.18786364685397,7.558689401025548,0.3988358217253662,46.12949261143986
3.116551481776299,3.1498782634819222,4,0.4798678431762223,0.652354818629434,334.80483003153097,55.7485323826159,3.5872131926768374,0.5726438890900996,87.89515877874216
2.125933875670275,5.192506671036677,8,1.9243018697815852,0.5857109902787854,362.81298843044635,111.15537296579613,4.499137664149481,0.30998021697422623,47.84414226996944
6.001709875004945,2.3345809977099514,8,2.77999520130135,0.48505374437641935,452.16052520403883,235.15550516167028,6.523840683204376,0.11333018593602447,1.9628572881500872
1.9400715531335593,2.7259487104468167,8,1.759791698193126,0.6179035268835779,322.3841806963405,71.57077250005327,4.899200423596682,0.4199517907664961,41.43557793271905
2.4283990366277894,2.246272166544922,6,2.3792202743745623,0.5224844146786424,445.83313832363734,97.4036657178994,7.845085423211948,0.577700712794555,49.75297236777257
3.8897264993308838,3.6166613987887226,2,0.5705825568152957,0.7077205012486473,327.6827281389433,51.0376298377698,6.055225831272707,0.7066006924083511,91.95615213245996
3.7762235180053714,3.2281202426678135,5,1.9420855038164688,0.6523776720150811,268.2419064115293,27.755794171666526,5.923677128319112,0.7855077329705661,89.98068614936392
3.608073407907477,3.282264197440579,4,1.2906010073159604,0.8300976742627583,180.34008229818633,3.253671094466932,6.667175419474741,0.9655208179937869,98.48509265363957
2.3466086579721797,5.321024227427252,3,0.7205259906991051,0.7223224906241291,341.4376474992763,33.79175499533883,6.2116146442440465,0.7919912583340596,85.02346296851682
5.910997392839837,4.121182079195111,10,2.802521068416753,0.4071544986555684,541.6351000405003,202.44812561145463,3.495012651715334,0.34174507178765956,1.5864600671451068
2.265038679150298,3.4363750789866505,2,1.4722773654756613,0.7560567865615775,152.67000753010527,29.274364847814898,2.5299204903738577,0.5467103136741052,79.94305133424501
1.1485774832437228,3.3407568174685087,9,3.7826307373218016,0.4942109741230723,493.0745477850601,99.68433962274887,3.156528492793876,0.3705223578652629,0.0
3.8245453345781524,5.117377445868186,6,0.335653129802495,0.68254788080147,154.01025857490765,27.199839129742447,6.7806636892315355,0.6866387790851255,80.50556352129455
4.37411558121274,4.396860430142852,5,1.4331693382133963,0.6637821527916328,214.56547082696468,18.397002341807497,7.7378005676993435,0.7860356366071065,82.54861512773982
3.0865207202968468,4.83920541501959,6,1.050670364901606,0.6653065649554359,319.3458636514039,49.730791927470435,6.963591140558107,0.6130128678871337,89.53731703570315
1.0833287495456663,6.710781200341611,10,3.431876021513369,0.38364049378738774,519.2953461271845,182.8122155506613,2.8827088908797407,0.2802956064479435,0.0
4.571975515833215,3.544265226279255,3,1.9954023411202817,0.7680098245148524,286.36750429485454,46.32990512109775,5.662028840823569,0.5509471613643296,79.92045102619821
1.439689100090263,6.114506918342846,9,3.128244078575729,0.37755265798382165,556.8507287844844,190.38599412207913,5.647832139047901,0.06156177011473956,3.631617671822368
3.959924538045647,3.766260852511178,3,1.4665623058768529,0.7816729793089428,285.7068753061121,39.24040346425467,4.683514170065448,0.6531717509853981,85.39016013880999
1.0417539160997822,5.784873221960213,10,2.9572362450668566,0.36371910183616774,496.3542296410781,224.72996027250255,3.4276292170843052,0.03792454188193002,2.94929372067727
3.8800969375737733,5.374428615257715,3,1.1187511044983545,0.7922262766629876,336.805723295482,32.30449745238584,2.9455652212022354,0.7666395966548643,91.28679716508398
3.970801799884658,4.841404165198034,4,1.1106708771522613,0.848217405940243,218.78894122366628,4.752412785862878,3.323034361657202,0.9491864529587721,99.5302543198854
2.832603120928125,3.634134755097791,1,1.7003888767825834,0.8228216488580918,280.23261447127885,27.975386128566228,3.5096213818783193,0.6795923155594692,86.64409380746989
3.0713108059500187,5.531678692527487,1,0.33517156738743165,0.696209025971937,201.36328391117888,27.407273964914108,3.035507489441782,0.7710092848218837,92.95498098121058
6.2716279797647605,6.078147525381303,9,3.646153508247197,0.376296353027651,574.3381375690184,114.28247535147204,7.850577820825373,0.35894750491521404,0.6919616564346665
2.2746816117324364,4.480345301228736,3,0.5229374740175681,0.8498124662787834,239.62057349287286,36.08080654068515,4.72024150754607,0.67292129096778,85.4727781125791
1.5006800973172514,4.2665518048629085,8,2.3490467936228,0.5117612914423736,360.9128712395999,72.11299748603452,3.4442145216996787,0.5803645157860373,35.2825943154691
5.410219944098192,2.1639757951557796,6,1.6712414325407383,0.598054339961174,307.80796088269267,89.24157278283677,4.085293889424983,0.39719888341599946,40.72208667627253
2.2511776884997956,6.42142717970583,7,2.786931793083189,0.5470420532131711,344.2551767855413,137.05208633796153,5.835570297704312,0.33616076589951027,43.85831355771742
3.0313597118404108,4.035810651817124,4,0.6442351849799116,0.8275732667640272,209.58758099003563,0.4938067541074036,2.819363812748308,0.9947412999545387,100.0
5.889981919455819,4.903823553093694,8,3.7954828225616275,0.5330381909057091,517.13917334272,197.88200383757263,7.8618973780842065,0.26363664658425007,4.556936096812164
1.3216611115982164,5.192649771236623,9,3.449908523025932,0.48116321267186146,521.2819670680317,175.69583874105905,4.763632772919445,0.1635471948422254,2.310832239122508
3.8334191766152594,4.955387116823519,4,0.6390759400924845,0.8361070176178619,229.9129368280073,17.341096312084975,5.1914868071906195,0.7891085960840003,100.0
3.941523720498331,4.896376434204953,3,1.2983765020929539,0.82160661277614,244.50453346951775,22.425300506847275,4.914996298990566,0.776762605360749,95.20035323426444
3.5062163083891775,4.689716545519298,1,1.2337350336155506,0.6735213057415267,224.1412605285603,50.747348628118004,6.182424037844925,0.5220919202233884,92.16544422790697
2.4643224175848824,4.599997194279696,2,1.6065766327809803,0.8459269089815773,310.0305619733264,43.46277332053619,7.905442676692401,0.5545902697832821,78.57486499642917
4.754062626517793,4.858719389199209,2,1.7651875624789475,0.7442414779781872,295.99692130833495,37.48326151313096,3.185666920954241,0.706157811155671,80.85425324681675
3.0361018026024036,4.136785716461098,3,0.7172083506830464,0.8084763280824955,230.34782399344135,5.2779736590532575,7.157723202338079,0.9500968876926139,100.0
2.6176726982954026,2.7428597925058478,3,0.31021706321344406,0.8002771875545721,183.8594856892963,26.198808234030572,3.6336729292965853,0.7451261552738411,100.0
3.231795559822204,4.3483512745496276,1,1.3046070228371183,0.816929508437546,151.3387913304552,17.644066563800706,4.1666831539443745,0.7489331044338698,99.9382372980855
5.281705645263102,5.661888522628146,6,2.921892119493668,0.6110045327131358,314.2956785092426,52.03441611859196,2.517536184344225,0.47909777510246904,41.706147734649775
1.597404523914933,5.9630482379614,6,1.5863175559040619,0.6359995608012031,320.35932556040353,88.95827238332463,6.356759781741112,0.5292053677986983,54.46624863607962
2.6802625479303215,4.080524874288241,3,0.5865049450878503,0.8375862441550062,252.91199173892417,23.628452313912465,6.0547693533863605,0.737755715047649,99.79434009233017
3.5996455951819377,3.12019740558226,6,0.45029335660086056,0.6726679208317864,303.7668034475174,52.227753779058396,4.401360072922985,0.6564068606647113,86.89207016671368
1.8738557896641626,5.020866065558696,6,1.5852283991285288,0.6578664144594984,431.8037340922164,85.42290386389779,7.529359491613032,0.5907806666044902,57.136727072170075
3.01474457676343,5.351912347973963,3,0.9368229320200226,0.6865847427186272,282.56102707442903,41.81733884809813,6.063082303069161,0.65760382098041,88.1373069603337
2.167241058635318,5.714943141487883,7,2.994380415327181,0.6156634073248349,384.93451260355954,89.91838731256817,3.6295104414130765,0.5427446289923459,54.223460958694794
1.4559890016209882,6.004866440808475,9,2.5300570204208563,0.5451306896612322,594.4264478636511,122.20645472365412,5.558950403426834,0.3321185707547704,2.0746350729626384
3.438563313103712,3.4289944186177257,3,0.9452056137290633,0.8401608361758849,197.569760313863,15.676746275936026,7.231606293595919,0.8141177581193275,100.0
1.5188247251082863,6.041473749938888,6,1.57092432990064,0.5286770364357354,383.4886780592658,117.91202760424812,5.802675365301666,0.36983363749253173,36.09616751831612
3.6209186519544287,5.871808090212532,5,0.5169296624867822,0.7177596580310095,332.6843764732228,58.621124052053865,2.7123842038199992,0.6216910890479497,89.8304562810812
1.8079238151346708,4.370823948245901,7,1.6962069295346947,0.5144848800882824,337.89045454275725,58.83346758906659,7.418466691092316,0.43707935742174453,44.15890446876137
3.6458356579200015,3.971605956030631,3,0.49711312591821233,0.7258193878071408,180.68431608848002,17.21957651400118,7.071490346878606,0.7161916196536867,97.90791566247772
1.3610751085119375,2.9750868967513893,9,3.6983402519691704,0.4437025305149539,472.09825962106015,169.40192188217432,2.6200053455405357,0.3705403793867928,4.960529725653066
2.69859418318533,4.980428775804421,2,0.9497984117372325,0.7196535733748449,266.6759609694807,47.15403842795806,7.843597339296391,0.5399297283429663,85.80144176292148
4.659925749345764,5.6005242813860505,7,2.863086072182998,0.5990652734381536,395.18570279805243,91.16094658275692,5.9942666697425375,0.5067162521659382,51.79951984170362
6.295394059463183,2.411908857277974,8,3.487173463023907,0.4571981726037308,402.58127893770524,148.9257773103048,3.7651374315236756,0.042444583226014035,1.3922978427218458
2.0644415794020734,3.11648483379726,6,0.3543057579242768,0.8485947593121668,267.2984527563593,41.09717731518767,4.817635611650491,0.726565317160452,89.72352655890366
3.603249310874288,4.777228454413463,2,0.8371759109754546,0.8615864636974225,274.5229933860231,18.908581257707805,7.350335425977636,0.7821873232378815,100.0
3.9079829426914445,3.537089672317757,4,1.9668061464263016,0.7700435656569179,293.50075074287906,47.75277556928522,6.6424251647931705,0.6453410001038442,86.87883073135987
4.639555724110793,3.3274457077316235,5,1.2555781774622752,0.6720460820352547,199.05569300489114,25.65735829642326,4.778122490540804,0.7295942821352086,80.37335319700813
5.26224530476938,4.703023389116124,7,2.7209260625189717,0.6980934147617318,410.22937263663414,148.8497475221648,4.297810274565375,0.3547283950645981,35.27917237140737
1.5637613706512634,3.1355338960539214,6,2.2059076055382296,0.5705628393260379,400.33799043184393,72.20307058692336,3.4466056618333942,0.46530570841219016,39.62396286515545
4.868360871416375,4.979922890039215,7,1.6921005043788473,0.6970288255006823,314.73805634638177,48.54295445452155,5.651694347304167,0.5682020576145514,67.8636657869168
4.525046117960601,5.34810384199476,5,1.971836490391953,0.5195915669599919,442.1441715027329,133.97353629930416,6.194895870171585,0.4074429941161563,55.2175191879387
2.4666706457405336,2.5129194475866696,6,0.7613811377104048,0.8229839557697631,261.37449283398985,37.45317098015072,4.773697649724208,0.5747648294279186,83.36871817884703
2.3076775148863,2.2990650617498916,7,1.6073694930607176,0.5538422513363508,407.73260906633874,99.973216771728,3.489661589663749,0.5094026969952964,52.09913622763981
0.9296655387199428,4.598944111248684,10,3.1456120268261327,0.516454648428601,460.57855067010536,136.16359531352097,6.710001741972798,0.3393290173054501,5.62404006696715
6.443573443745021,4.455473963315327,9,3.0036408536644212,0.4552751042690088,552.614769995057,313.59876181273154,5.365241993024834,0.04605245480527516,3.0371807704885647
1.6396222558838547,5.178979601287929,8,1.6959197815620584,0.5728493522673386,426.88044843269864,109.46850601956436,3.971006582160305,0.5531179568226757,46.14589085226569
3.433021802400406,4.553530199790544,3,0.5873589059372185,0.8453495594410135,209.84102345649848,5.216549485379645,4.467956822192502,0.9195601390658142,100.0
1.666823063931202,2.5691752851171463,5,2.445509114084535,0.5088569262395634,362.878351771303,60.607244692955675,4.609665677502916,0.48798082510732693,35.10515624367554
2.0754398994281757,5.131787764244669,2,0.7940011338608876,0.6862079777383616,263.1309334391469,50.75145977905973,5.174616769761409,0.6363392425581437,82.0459731470236
3.3311925352361964,3.0392863306571014,3,1.4082999569019574,0.8801841403949149,220.1423757940365,20.206675758800824,2.6436631245807813,0.7600255633291281,99.52614443446652
4.324927688873704,5.275687125468885,1,1.6546925901678882,0.7391724585063048,337.44977725073863,28.91854780407883,4.6702624413816,0.7655578629821214,82.12083850267913
5.060658359550534,6.078848373921609,7,1.505830485402312,0.6754969841176017,373.481956640034,109.57915835293191,3.6922057843202096,0.4545728381978929,42.91512241317979
2.4998870950767356,3.3787557218203577,3,0.49258923539952515,0.6904810276556661,285.08622685764584,43.40884494453378,5.186465263467722,0.510953819828288,79.27198789406266
5.3453348568608785,4.1099761020338255,6,2.756073708332309,0.5171426627561876,336.96527479752905,98.71609538383112,3.306930219507308,0.4785277300687765,43.71723019955223
6.052456367238014,6.318185958861349,10,3.8268504863252186,0.41073723864334716,469.8588822457848,110.90205567455463,7.424613033974319,0.2189818760253874,0.9994752512183713
4.9697607689709,5.060889841382205,3,0.875485241619958,0.7588156600464099,300.310175139003,37.850282117246245,4.698356654711121,0.7698610789159187,82.8607229333293
2.121771946992096,4.009278979126963,3,0.5806529711741194,0.8173760312643599,227.2992554094237,50.312495288901665,5.646647941854351,0.5084103825401834,83.76035859113296
1.944720129757222,5.844765404286875,7,1.9328803780676995,0.5697706869004345,411.425635914727,86.68207920543149,3.927965735367236,0.3671722393808402,36.8179955419401
3.107320166418253,4.463803666229536,4,0.8895699101839948,0.8141459588938244,207.00848597518905,33.251623883764964,7.9771944184527985,0.7185844021911268,100.0
4.242300447289052,3.230549102334292,6,0.4261591701309977,0.6996487599087832,331.98548454885713,55.148552751960366,7.941532655418917,0.6181719252802834,77.86972790931601
3.07202502857605,4.756657618406697,5,0.3331444896743899,0.7928258099668283,299.66575486838616,49.269215282142746,2.721088158150092,0.5543232692475136,84.67725121654809
2.1622374389107293,2.393505619181801,5,1.552943556823212,0.5018979036599034,380.1149741713259,142.1764410654223,7.618615667657336,0.30533197218688296,53.897407555932716
5.116637909049754,5.007015830192559,6,2.8038236183894716,0.6973488256157888,382.59107547570056,117.43161456170247,6.325849268177549,0.38780058818228796,43.41338081457962
3.621850990639678,3.5451960343139866,4,0.9555683341353046,0.8267256251909046,211.30203100622242,10.988423932720634,5.511020018453026,0.8852556851691006,96.75498424657894
4.528969349280143,4.868314687918592,7,2.01565974031821,0.6941696340750785,429.75357370608776,116.316305113838,4.442627213581726,0.44784395054940046,47.972053328738
3.223493291976139,3.762335018458983,4,1.051678327553962,0.894998837424567,212.67771397745054,22.50390173304312,6.668095159014495,0.8002093693123545,100.0
2.5292347068768897,3.1440155172254025,3,0.49189810897041014,0.8062048207134159,179.242550792649,28.068981776503,3.784970687895201,0.6870503871614994,94.77688230322063
3.8846221565147467,4.185321975294839,2,1.2866545562415825,0.8310742080250526,180.1931784060783,14.018511330222218,4.466342615652576,0.7509095067427966,100.0
3.65893511338086,3.820015830340363,3,1.2939823946980369,0.8227667960206397,180.31842981006423,5.042324168234861,2.421605995884047,0.9447005602352319,98.56592823836927
2.9647709577778967,3.404572937445014,2,0.5662739221086678,0.8664256957493779,242.9941820764788,41.88960687327843,3.230778607765711,0.7062631393188654,99.67404820648275
4.31652324050299,5.270915818005398,1,1.8833864544074919,0.7389971237379912,264.8313930214053,48.87838956762446,3.468632434204171,0.5775325338368917,74.88447511734735
1.758106095727395,5.633374180271882,7,1.6242198017457592,0.6315804342935376,437.0780062091734,147.876235124726,3.2270002005630496,0.3527420114800005,38.816326718436734
3.845932301922624,2.6016064876770812,1,1.298229935103583,0.7022842544957935,324.7079586526864,54.190396395331234,3.513178109755547,0.6663090430528068,93.65471311517739
3.6847061499718463,3.2340938575277183,5,0.6222125435173033,0.732847469450023,201.03477870132173,28.255691806669372,5.135861924846987,0.6231430931364441,83.07915740775091
4.329141683261116,4.112560440049027,5,1.8617213563653858,0.6935561087934702,260.8131051072423,53.23851596596912,5.547829594197968,0.5883770233619916,72.36170825600193
5.591318346392819,2.3363671861478577,9,3.7381215993403694,0.5164406711532158,477.33852735627426,174.23472103673856,7.515542323264198,0.1329840934277416,0.0
2.6785368621085928,5.021578794844644,6,0.6579428189485875,0.8056428497901273,326.2942513461528,62.773470510527986,2.286855775276443,0.525168493957615,89.39054953820323
6.019177626641847,3.6365526393222347,8,3.325281561458627,0.47595787632527153,516.242189105702,177.03474308681172,2.092497447608098,0.22626096251307357,3.404657385252462
2.4854811670014243,3.5000460448557087,4,0.3844209850444549,0.6545879212086514,293.8428554880767,72.6556028508556,6.172039397293147,0.5143160643502638,76.71954560169185
2.3241059671096607,4.039224922735727,1,1.7849656477357212,0.713785318591004,269.613883696381,46.3641003464445,5.976436084816484,0.5505463165472291,76.03454949160428
4.888524633269202,6.068976169640054,6,2.621986308211487,0.6294844784655637,404.5581495622854,162.21203425710672,6.2116685265613825,0.3276700689255808,45.137650246123684
2.5395207987369806,3.161841407170845,6,0.6450087675683428,0.698230430472297,262.1301660002787,42.54691773604141,7.185069895175289,0.7103379319601812,87.5193640848932
3.7031634864033327,4.966225696287581,4,1.7526058690746653,0.6677975836126171,220.9354044045809,32.628278504873656,4.820668116915234,0.7222851981936954,85.0971491709715
3.5450051757660512,4.588955513644127,4,0.6969418241597731,0.8259799181168791,205.14611263085612,25.38809963491333,2.955366045630882,0.771996466957431,100.0
1.7315144488007193,2.488306347657916,5,2.5604665322432125,0.6565101135161542,319.621088896189,60.646226378847764,3.8093239521028304,0.5841828887246202,54.7643008644516
3.732029584269183,3.0785348288359233,4,1.795168343389459,0.7509295849203547,239.20639931293059,25.845244353607534,6.380084883061139,0.7785029059123257,93.81933508278144
2.5104895861966074,4.572688341288304,4,1.0960331097412854,0.8168981972602808,247.9216664488975,12.306202888940277,7.354855894668715,0.91103356116909,96.8147389077275
4.5298817528014155,2.750553590590346,6,1.5439762982756342,0.5860570897501566,419.2490758535913,71.17856674151021,7.175507221463101,0.4416959512575065,55.58396853257938
4.867841332564638,5.95893848750827,5,1.4786685423670096,0.8304161478230951,183.63554345832537,13.070049239332427,3.874131134772574,0.7820836309807854,84.64853233168914
3.610399635009928,5.711653546870184,2,0.9246867472495959,0.8391409415333111,173.51684221118126,26.312967087471506,7.666969285416663,0.5384536183753019,91.76580697882606
3.961799754876642,5.455013065062259,6,1.709098443310464,0.8285089426789088,232.40165656268323,59.15513225030941,7.566308875285726,0.5696968058333247,80.7921888717826
6.374106272236403,4.233285576465371,8,2.8985842107288877,0.40258137936035265,412.4751991316419,215.36255364121524,6.243760480682795,0.01911981058193466,1.2943755618071573
5.097067313512305,4.53155292135286,5,2.612788289360676,0.5221817788769094,323.03376062445074,103.64356083299933,2.1103329730291653,0.4123069844690394,41.19340688663326
2.1974391097106234,5.24579821742166,2,1.4886061005178437,0.6927729176263457,316.76524329269876,45.65427831752579,6.2618903298960875,0.7290474676810145,81.37375702363012
2.228384617292456,5.217929544902205,6,2.3647875492143076,0.6816395630449277,366.6355035320902,102.13393527787782,7.385586924443073,0.31755008039758736,54.2996463352567
3.050963868401653,2.891216524551057,1,1.557483267456734,0.7223200786970132,256.5024729560856,52.14144981155211,6.591373204591687,0.5034904045464338,87.4970753009237
5.622017419777503,6.64353191263341,9,3.2039301554539135,0.44195005326079567,483.57751070150505,129.2718843380898,5.295247626269982,0.20561831781110254,4.2477628381881285
2.8535268680840513,3.670765978041856,1,1.8397027021243926,0.7334264360112681,163.67900547087498,26.329961853494815,4.033901172216353,0.5196989185675079,88.10308350294967
2.4940538920934103,2.90128370922607,6,2.107277128087172,0.6085515359090305,369.5485119238461,134.69567300837204,3.504459174120705,0.37519760774650324,47.3175432694669
2.1349934208805768,4.58593293113709,6,1.0709064855209958,0.667790838199287,282.90912040405027,80.28805767204086,3.085375728094051,0.5250801260658354,72.67811261370312
2.2658623929521085,4.059648369233427,5,1.340773616545012,0.7666969310992289,283.9282518251941,36.47361463597278,2.9094644465532817,0.7245324318677447,75.62631946296872
4.563013816846148,4.132823644091985,3,1.2933401461537826,0.7261881212490795,192.57539825258496,19.526564210736485,5.428708861067288,0.7072297974636553,82.86469440951025
2.9099739941545084,3.5162982036227337,2,0.5216212391640156,0.8493993249902726,211.9577252174177,5.965815425186573,4.78169742654673,0.9277207037404848,100.0
4.250110453377927,3.6168208352469797,6,1.2803712054046517,0.7299383054630122,289.8785960196455,61.067356517365184,2.903649243921291,0.644051442160004,76.02933735150678
3.137211774113848,2.9063703985836984,5,1.797626339634375,0.7404826032195287,304.47694792329077,33.520781635964944,3.6745408156063553,0.7837744666349881,89.38271192599882
3.5368821428799753,4.8421813760177965,3,1.1264905516039594,0.8307528041302844,209.12428439073835,21.32927069844048,2.902656680437807,0.7727191051414337,100.0
3.423453844575991,3.917563791680647,4,0.44606921990015547,0.806299185806077,179.78566092467904,28.514533154015083,4.247474986148519,0.5924361798139018,95.91144992893659
4.999062594302544,3.6438419038578833,4,1.0997025079499843,0.7506266907412127,291.9189558430628,56.3016024516977,5.463929814949543,0.5351092157544525,81.00994046101921
3.096009521828937,4.339882811377745,4,0.3547841781584086,0.8427719570946296,178.41918902465903,31.193856320588083,4.425448223450614,0.6786671007845932,98.09264639573168
3.83282480315299,4.865966973229229,4,0.8397787006009266,0.6937635033496036,315.7711602775906,27.43558916816132,5.182230563862449,0.7491959900782136,96.2258992701848
1.2999451904403596,2.224227619953919,9,2.913875387153417,0.47915531505368736,442.6593208444101,91.1676255837049,7.077952375831668,0.3872045236044841,0.0
5.965195102734215,5.489829478303448,9,2.971928988167376,0.38931870417663583,502.6046323493618,270.9285745181565,6.8396026667283705,0.07173430180990219,1.348444730277385
3.8060814213588556,5.15766355490455,6,1.7612823005888445,0.7202930153014131,180.32345729717144,24.097431640901274,3.052757343324616,0.7529415855450513,89.57668890425721
3.0742919082221647,5.554886390183017,5,0.801705061727292,0.710035901911459,189.74343268846113,41.639186717604105,6.1093423582159305,0.5033324251325855,86.58722942431496
4.6373674069111575,4.3925354041807285,6,1.9436335277624919,0.7058892663490051,155.5437405446504,19.332895328875463,6.773259189552201,0.6287714052077031,68.84944898568865
1.5644087462107756,4.005890421935873,5,2.471350043331888,0.617734761777975,343.26386343624773,79.5871668248296,2.9919737018651382,0.41971739502787975,47.51159841314499
3.7131009898454135,3.226720785188583,2,0.9835176731074518,0.7524887088564798,196.69782615280036,26.329048519432206,5.375300108145174,0.6237574951006924,94.4041250374486
2.4062325018442685,4.378538934553086,7,1.522528552255669,0.6743264881279373,393.40277646151645,75.83602227241158,2.2935806213684318,0.4047128527614819,50.477388549189094
2.609800817988523,3.8541644037970513,1,0.9346852940403362,0.6524170606673866,166.14488805044599,19.24267226928206,7.033002231549357,0.7814526564247491,91.53490136324788
2.310643310016793,5.64368409742622,3,0.8647797939955968,0.6777978138664765,318.1399659276363,69.4242317467685,4.006096362258162,0.6066441621366323,76.98919670352257
2.0102352412376754,2.568040821215806,1,1.3383929861695814,0.828010632910331,220.98774952833682,29.849874789560292,5.492950859175158,0.7218424536993489,92.83471456094608
5.937829837349155,1.6307408164353658,9,3.695369580235109,0.5020570197777792,436.26444411199833,206.06358732729524,3.7583555759978813,0.11702521474709414,4.258647854373833
5.696398149023525,2.7502897733305054,10,3.1854441908804585,0.38934902730138304,527.8522386990359,148.32644025879702,5.7990908863880835,0.1522043430337345,0.0
3.2604607939293953,3.007111457115007,2,1.8476582593886919,0.6663098977610982,339.9410166742428,97.60775646095944,2.6097241213738007,0.5051169444498435,87.01464252080378
4.831291662847999,4.739722155629709,4,1.257300701814629,0.7114140480319389,311.0305972183408,31.274303560300773,4.502861781246334,0.6786983151997494,77.51446390582153
4.765090535006293,4.311937776478075,3,1.7347913537451491,0.774646121607316,328.37268073979635,70.74897858025719,7.4505786454526515,0.506972860834708,78.00500302230235
6.357349268185898,2.1058601397709498,10,3.128760714410156,0.4639470572648052,546.425018720679,267.82352380874937,3.6763024908460626,0.04957186578053943,4.441956058023226
4.853998500514327,4.515742880311758,2,1.3976402914368897,0.7923979455724841,171.9019474701814,17.54365097042094,6.658662998184879,0.6868525782356432,82.86434604067536
0.8299170350544821,2.852051342906245,8,3.7390197545190675,0.5388690437549354,487.7815291993835,156.92939421791746,6.257167443768765,0.18521075624038053,9.441644385423052
1.488488641595251,4.241376738189566,9,2.692700450518424,0.5332946965636275,471.61641996791235,151.09550364218953,3.5627995028148987,0.0884270611535904,14.543972436867854
1.2402400010814192,4.428524856310411,10,3.4737381590733527,0.4326275833727427,564.6034676243879,207.76071029618137,5.710307152818335,0.11874101809109955,0.0
5.3232308556601176,5.777523855504057,7,2.222320651675817,0.635314603855375,418.88520930084394,90.82429568591907,3.19293674357687,0.5885926758531635,35.3345464316931
2.0270728365402064,3.869335809630295,2,0.4385847633048547,0.6895931992794274,155.03824924972773,18.89067064427797,3.814778120541399,0.7858716358812822,83.27451584210442
3.860959864073727,5.243510582957789,1,1.1848449888614447,0.6658620227737151,192.74467678557127,18.15283958061521,4.857154608779527,0.7382899900027967,91.10725807530866
6.326879844083539,6.45327837782241,10,3.511106094968796,0.511564057746012,502.26901397211105,177.56803745404872,7.7396129635097815,0.023846218045954926,1.8314837872974898
3.3947167264825,2.6520217160467774,3,1.410781483939422,0.8278348648975223,241.1615044555137,46.092567490837844,3.8567251800202076,0.500309763495702,90.9422982774792
2.516022865031903,3.456724799873783,2,1.1388800407620507,0.8314248171123059,225.76682717741625,3.448013863534154,7.382442491694416,0.9686066681508355,95.74594334826043
4.818689190448166,4.833693123288988,6,1.7941890191784124,0.8445036466487087,191.9985125821288,51.337917996996865,6.357075775511337,0.5112785471313086,76.30841698913036
0.8815531971610273,5.784943837329118,8,3.3973097702921984,0.49100966719787814,411.10758046519675,97.74169500203222,4.594783711170091,0.27252935866998396,3.0899079063492474
6.049761242242958,5.640681916435002,10,3.4164035193613187,0.44665538895794504,429.75588946941633,122.88606471056006,3.8713599274670045,0.1722010083836737,0.0
4.673172001063729,4.915441098338014,6,2.807472641303121,0.5609337930014026,398.5528560346102,104.77179181190463,5.364449664110425,0.5429842342131618,50.65511824016141
4.828355523006884,2.773062254203596,6,1.9769266964405627,0.781016683413498,238.43710312009588,19.159672978971432,4.933802314053274,0.7326510980438007,72.92678638207458
2.424750925208011,2.6988047087160094,7,2.9471067488622236,0.5660079907198269,327.9839168037421,55.0271165027256,3.73648569134133,0.5298459263879906,53.47174175420106
3.5480797117641765,4.179268437629266,2,0.8554504869418703,0.8120153907457399,269.34649118571065,12.27691190699075,6.367707481053033,0.8508783488432663,98.02147421087479
4.3247698314282665,5.129639715734296,2,1.6089181190684727,0.658142054384522,307.11667021613425,30.795023597076515,5.019512354122867,0.7462322030384382,84.31854140404378
3.4987293906669543,3.6135587646526064,4,0.5317058987998106,0.8026525022750547,215.75203862822687,0.07247135138578809,7.577337966481711,0.9989914666531673,97.36925622719272
0.8334830138289132,6.979440935137273,8,3.846793291476775,0.5059136405515957,506.1913920513409,242.43129317030449,5.495070638269057,0.17349778622107703,2.269613671184032
3.985360866593651,5.1776596564382915,6,1.6964986470993586,0.840306424798899,176.52177029313654,22.076987296916734,4.248388444803015,0.7484279154204041,86.20679734449664
4.961157037682286,4.245037596124199,6,0.7703118948611128,0.7993147455737405,177.55207379622172,38.937589280639465,3.9106175844690623,0.6336965060842057,72.01323122963777
1.5361433045160524,2.6127046385484025,7,2.4329101723942337,0.6011209720321384,409.7154668997265,122.01207122193915,5.140202659984058,0.3756828896303942,38.98861740274814
3.5734816522978274,4.268399551054084,4,1.3674458397588325,0.720975985490672,341.3871823109415,58.23468225735744,7.693982709918359,0.6905110997719682,88.32642669586683
3.3482282839750135,3.9971375311148005,2,0.9227478692594863,0.8562552016640484,249.7399252568638,2.678885827673724,3.7766480475433326,0.9718245816983594,95.79486963124029
3.6920629012217745,3.801385285450978,4,0.883734396275792,0.8756253444305009,230.5838850444331,9.858227110167466,3.7921988286270274,0.8870215387788,97.51894493537132
5.859211805979004,2.0653297303434397,9,2.843192078129632,0.450167621725936,560.2336995668592,245.38425747530368,4.745435817893278,0.08552110775561306,0.0
3.857452505296488,5.354958142069837,3,0.7150084616083685,0.8424616209475096,347.2783686270776,69.87024982295308,2.631675020299326,0.5679010211955423,90.70177107315735
3.204101263976101,3.1120378844311043,3,0.7391770928790085,0.8438935098382422,257.11700628021947,5.677166004580342,4.3516237284283665,0.9610692146071247,95.0431310495421
1.3321016399626462,5.129489415754902,8,3.7331432670554934,0.3722316162988654,594.4175112578313,152.42605460629855,7.813844241445174,0.3059087193857188,1.870214774572091
6.271735398111855,3.419203961597585,8,2.5292459369763525,0.3505980868186029,545.8085958492564,143.81419772022278,2.5913971122585693,0.1929569134831659,2.945874321826285
4.8826842174232645,3.785454969353794,6,1.5365140267595307,0.8102205365230571,347.1527074048263,46.34110797167863,2.6532300946397136,0.7457153840027557,77.94206723260127
1.3948516364686696,5.961391947064048,10,3.388658709512765,0.49802580196286506,504.3546617341765,174.1112317726107,6.858635104917104,0.16257090108642136,0.0
4.1086518126498,2.6245193742042643,5,0.33127104778294114,0.7778491112485117,183.4983311330253,38.55808366862897,4.388176981626215,0.5263392615790504,76.81196754746482
5.5686937777078045,1.7964363272387802,10,3.2870788689880457,0.4991772253927629,582.5487277496507,174.5656987519264,3.2739844953626926,0.05184656606478786,3.28285261458785
3.055876483319964,5.522566491679981,1,1.1258991647223289,0.8156047155277008,160.81431502530248,31.300751994180644,5.690586902095932,0.5776859487085351,91.0598891641969
3.8369506888479776,4.320756895910159,3,0.6239385178978548,0.6858560692130045,165.22358422315605,26.69197795322073,7.3190496365688285,0.6896704901764441,86.2394013608242
1.4703041509617536,1.6675597026591542,8,3.780167231014847,0.4722221222699342,524.4089477564985,186.09858335013328,4.594194160146469,0.393799148988093,0.0
4.959402661913065,2.4491154018810426,6,2.6972214888944577,0.6175426338863659,342.80114730319406,84.52119653646207,3.6729231642183837,0.5027423005449981,57.7390397154809
0.9585511726744746,3.02597903815076,9,3.422302561889631,0.3594704093902016,570.4647673868899,127.9765095256563,6.555502436478374,0.3001323423675498,1.1933112641660393
4.754876486155641,3.618198621405412,5,2.550899923673462,0.5106387876664485,372.65148385959816,63.067483169325385,7.180384289248494,0.4407506891134517,49.09174739154318
3.5814892298592427,2.8352350107625073,2,1.8214962361264442,0.7889365336240877,158.51645960015765,31.260422414139832,5.354215244154519,0.600744606513333,89.11881751541166
4.9406088986826315,5.553388920234228,1,1.8909792973747648,0.6837632650873464,152.65401211567408,24.92380368592206,4.592446673190883,0.5573588634192289,79.99548265918759
5.378562789389606,2.6800728880869666,7,1.8793043313768938,0.5617458148332197,404.3275588138696,65.35565390447827,6.705568860058508,0.5634684283461667,46.6061687434852
3.042409807640735,3.0765008102523934,3,0.5985670051035398,0.891860300766238,233.6142368226663,18.123119388779457,7.21136389926594,0.7868186385548888,100.0
4.167527277712026,5.260210511761394,2,0.8604478631625607,0.8267667216125559,341.7790259450496,38.867123866216474,2.2639805205914323,0.7312641226809051,92.3077648564281
1.7612454431786562,4.266633977440377,5,1.5896235981992597,0.6603097266788459,422.6663437501864,61.04429576151431,6.8447936738585575,0.5384207415099543,52.50228601465375
3.7018046624172056,3.0539935623957395,4,1.3541587934743695,0.8684918170911928,250.96853364847414,12.155873980402113,7.367656397553546,0.875991784818922,96.70942635960745
2.163929117350196,3.489616434393839,8,2.437668991958061,0.6163777004129224,421.1694448171622,64.94534209608325,2.9809253883442395,0.516080897243858,46.286554786749036
5.3734852033809215,6.148366906048374,7,1.8478167818209241,0.5957342333853506,336.62186375764196,85.982985886044,2.992800194326251,0.3763707324061384,39.59114361691815
1.9823991671274235,3.4423776042224046,8,2.1347133088225125,0.5230693728987063,377.2351679261223,92.39118291137802,5.6218069704021785,0.49985857015777774,37.35987878247161
2.3333025869748014,4.833426190104885,6,1.6083401688001602,0.7291566056180873,275.8246260586607,81.20636145030794,5.471945035269954,0.5088730595460013,67.58626673932393
3.430833781628657,3.5569010899985853,3,0.8142145625187472,0.8475196435187825,279.8730629407314,8.088744585242777,5.578193247254254,0.9418593915533113,97.77454308176168
1.6883844841086697,6.391102263126803,6,2.7376647903548346,0.6556352216250534,396.8537701803299,51.88447335754815,6.869842879952353,0.5985180505371871,47.23640354682256
3.1181819334984016,4.318024116201404,4,1.282174657888152,0.8940356530303534,192.6916197221893,15.60315986738843,2.6755739442609032,0.8337377231089793,100.0
3.153978224612114,3.2109924203608955,6,0.47329096531107845,0.72420936971242,255.18755278588156,36.42198411794513,7.210618122954707,0.6192574645776777,82.71259036136647
3.3451563281886756,3.1298547170928472,3,1.1469236298483092,0.85703286658788,217.0636651793963,15.143689022355499,5.300647257506356,0.8475440699335358,100.0
0.8907556175339729,3.69240957431155,9,3.9656981363528545,0.45661228548731847,413.96632571028573,130.18466945565953,4.116149922887645,0.36890039116362383,0.0
3.4847720394025994,3.5354903240016635,1,1.1374132422705296,0.8233032185970711,178.58692555061805,27.0969153192361,5.337016932038201,0.5360811489539564,93.98344418463323
2.946005923789769,4.320034104585759,5,1.714528224184318,0.7763696420778999,327.7589077010563,81.17344678331041,6.414526079744434,0.51634020730259,83.40897312228793
4.037225537875199,4.157939209392293,1,1.8963759352819154,0.8109564676218008,318.2080335252778,71.79885969119229,7.245929286279445,0.5462820397987269,77.44342774170995
6.275134134697549,4.782535093628073,9,3.4305025484371128,0.4336574973498743,473.3027043976786,216.72057233344955,4.305729586511364,0.09465292561394888,1.1568954027130918
2.2034692020207327,6.4896031754896715,6,2.0774297799828174,0.6459337746860965,349.45356459646274,55.78250854324187,7.231440540565262,0.5006110240836363,58.276645009520045
2.9190775547699865,3.950497693101861,2,1.5621459244741198,0.7017147580671844,171.9449525960463,32.66564308125775,4.135618297836239,0.6640572753356131,82.01802754393572
4.449826481294731,4.610245852481135,6,1.100371198011041,0.7801373948836418,189.32569609266204,27.74326145606413,6.074047657959862,0.6382550870040857,70.20895027470348
6.038546710737205,4.886343501359081,8,2.760037400214329,0.4839235184428126,529.6169540188449,229.32708526045937,5.859364527937636,0.041440879383015175,0.0
3.8981255838997977,3.2424931018278915,2,0.7268926401265228,0.8603381232924578,254.13039511499892,2.05552332322829,5.730518405847101,0.9772735324985916,100.0
5.199368016475988,4.897667929813711,8,1.7805231899387333,0.6754213451773928,320.00390235432843,102.37297964310137,3.4346545596175684,0.3031223768807617,54.25565577394149
3.0766559656507795,2.7590654528495318,2,0.783710237042037,0.7315802526892764,218.55532793267486,21.015874842570614,6.62443054302973,0.7855041929981512,90.87552710220737
3.690793208902749,3.394942116065201,4,0.6423262021915975,0.8003243306921677,185.53703793765035,23.658911146355525,4.423560537653208,0.7202439267376803,100.0
2.815279859239705,3.7516085752437567,2,0.6375819833234176,0.818162055737803,180.0731037050066,22.270131724219095,7.444161433682082,0.7374841187561159,96.52466635009347
4.939257499937564,6.014864339281287,6,1.9829308374458745,0.6279170713252928,341.8563786466772,73.34926788851409,2.1473684935331443,0.5156385204485741,58.99315802282436
3.674638958678982,5.017744818281863,1,0.3525812367035869,0.7552859124644589,343.369948454562,44.811469668412,3.752124017485207,0.7032772661065688,95.5012108730788
2.3589842691989036,2.828083568722763,5,2.7156485262194248,0.648282039968961,346.6418395513281,48.92505882979017,6.36328034200542,0.5516263942166253,59.00579812998124
2.71715995646421,2.963847927009095,6,1.2998917136123886,0.8276093668294426,295.21255052583524,42.23933421919244,4.076298998814069,0.7475299856860582,90.07033196452971
4.284342011811701,4.682731730575711,4,0.6290602237052307,0.6661316613499869,325.276151541128,65.78920311133203,7.159341253097876,0.6512985934942133,75.238479435412
2.8719508162874274,5.9209669724708505,6,0.6681690160599085,0.787291925385839,277.3738718122127,48.49488275100734,5.95777717066553,0.6680069793761679,86.63004760262034
3.9356230813961006,4.883998359979511,3,1.3546329883751844,0.8973526336382305,226.80037514844565,19.558344860381,5.872802802335272,0.8429645671508988,100.0
5.602395978350013,6.306267380494201,10,3.410059043148217,0.4403103195336665,483.05572142949956,188.1094049091206,4.518770060383271,0.14922040294577835,0.0
5.039893586548017,3.3354738470858893,5,2.0769099441198344,0.5798095002339329,309.9682270566409,74.97155013908862,6.538956603586424,0.4093895518432978,46.861882445326266
2.4975357748473046,4.292757308552766,5,0.7693554055274947,0.7865849622521012,268.13344987748405,66.22705292078555,7.8999041556754985,0.5093376614154794,73.35890146972787
3.297612275714075,4.169113546777068,5,1.9846267665978228,0.831240523036637,197.56623506808359,36.4107847347088,2.3369223092532363,0.5766747393132561,82.7041599683695
2.776681586637801,3.6946060363202182,3,0.9543447110679866,0.8649618834720586,219.41607053428254,2.150573856168261,7.184682175340899,0.9816433228377177,100.0
3.1685424576860024,5.58050204562352,5,1.8015648553177706,0.6632603342392233,325.0753885850638,59.247703080880335,2.1199201874813687,0.5143705590093528,78.60743652171027
1.904341489558798,4.76022771482428,8,1.7627577955978806,0.536529961121902,314.3293613066982,53.65762721306923,5.376232823435598,0.44392605973873295,45.99664433583133
3.389402132348484,3.994032047300874,1,1.6216704756452753,0.713634337793484,202.4130287861795,29.19066631085008,2.0460952354681936,0.5947054839718753,80.72720093931235
4.789210024620856,6.1458071763084146,6,1.9448571168098963,0.6890433855120989,394.9268557917214,107.48111787291036,3.2494361187781373,0.3074104548770391,56.98544529011826
3.516838648021538,3.7607554556801226,4,1.1876577555802357,0.8113356022367514,276.9813630476626,10.367861805315483,6.759712890704896,0.9107752247773959,100.0
3.6065992549458463,3.681335458845429,3,1.395482283913331,0.8452992620929458,185.43312253700918,21.372972997239287,6.069647290377599,0.7424922183262347,100.0
2.215682788484867,2.5565076465636705,3,0.66449473391667,0.7840041043994,265.39610048539254,52.715257113332896,2.38146955837898,0.6006070183685276,83.23094893085008
0.9872957425735523,6.747346506435389,10,2.5353874613467697,0.5297513581553479,431.99951091705486,93.78670001465231,7.046940128537339,0.3172859984915486,3.01002115566968
4.9158295113773836,2.48112350343128,6,2.7347187832341087,0.5702369438427698,361.0997150470577,74.02720702098183,7.002956007742382,0.34955843121056385,42.14427868531883
2.3505070830586954,2.6683387847324873,3,1.561020132932249,0.8439346618656792,159.56407422721782,33.749182524717746,7.646910827780157,0.549101877756632,78.51052462356719
4.814840182077866,5.057313455177475,6,1.9710236719916048,0.7919188294952272,287.20761068744065,46.205648732800256,5.977112604630243,0.7311814741685851,76.14887033091243
4.116546054929621,4.035847325998294,3,1.1306130343545624,0.65925231809771,153.4522702458641,15.083068194399626,3.822551425649852,0.7511672610690266,86.85734222874773
6.442931508381506,5.764708247435531,10,3.304869405692126,0.4291830806648515,471.26285419606614,196.43287788748017,3.81068928696243,0.08772091188687794,3.7938212854378826
3.677352466255946,3.5257895245576902,4,1.1049340163491077,0.8174322567269445,268.4384655382923,30.336391775993466,7.720839772887791,0.740066245467541,100.0
2.5473755867036756,3.688842625495747,6,1.3447643258458577,0.8185531932541732,343.7048323796168,55.053031930497504,6.594228676925082,0.6322707954997748,86.69968441506849
5.157927937890338,5.171455187265524,7,2.482870728170307,0.5125344663668494,393.08299296255854,110.9640516172317,2.3675633916987557,0.5248684079467312,42.630501183296204
4.917213625519732,5.355840063267514,7,2.909463914423719,0.6925672100890735,347.58259279474606,114.40146898799878,5.455208092527078,0.40908571026584084,53.95597184533895
3.7078936540661465,4.017200752638581,3,1.2015862625228149,0.8682580151537103,244.04656390561232,20.544497030613204,7.366638907237971,0.8030226604999073,98.0889175678181
4.222218111633063,3.4518890028804474,3,0.9454994251228318,0.8163299072857485,180.1237435468757,29.997391007760772,6.917308608344257,0.7024825571042422,87.60777438481742
1.086861030624625,4.0884504899375,9,3.9920049591930065,0.526610619096731,454.10063887363515,124.6789515291427,5.191960393525367,0.34150233850633543,14.317378077284157
2.289133755047364,5.634364946470014,4,0.9587950581733259,0.6579559409748605,309.2507482565558,45.87421922999484,6.5403909795853385,0.7238684233418712,84.60604929748646
3.366167687885615,5.953739265103349,5,0.42610677697266724,0.7062710903702898,204.46789348416857,32.08329516657249,7.08512634342662,0.570403505549662,85.7942451271146
5.194936732792135,3.970084742397522,6,2.0418889737237853,0.6815909674875804,371.3869645115082,68.06511564064789,6.2037981725932525,0.4390175737649066,42.75502446266631
4.002275911206215,5.574983925249695,5,1.4015667691060048,0.7495039814788959,302.6231525107585,62.272877854351755,6.39514894206141,0.6055329159501924,76.39337423861642
0.9839565873057,3.4805869815174955,8,3.1327207506656634,0.4189722646581202,424.0676588360615,115.24275331423348,2.7715764069884568,0.17302659858186079,2.159714947678416
6.4597336097670865,5.592747471453664,9,2.8919892465802732,0.4056581250192898,443.332976806168,179.99199426493755,5.586978859838915,0.29904105050857566,0.0
5.200633657208764,6.1489248544955535,6,2.713639756655597,0.6348784373407642,409.6763492810917,108.74912018261787,3.7850133915771544,0.5399546627827514,43.31694684771294
3.7250663094241285,4.741156316669455,2,1.4002050441435254,0.8400724156711522,202.735314439052,18.96553515168926,5.963409800027755,0.7268779578876944,97.59495922086593
4.926450919081038,5.211351458058208,8,2.0216937012925076,0.6339395785627723,425.169220557985,109.54523691307351,5.138431508807946,0.44193841720763405,41.775202525242555
4.9572139781884434,3.4877400633241438,5,2.151491341004388,0.6716127336500974,351.1319635582069,54.09048715709091,6.057602589616678,0.5504118573245281,61.4168954164491
4.752203613221408,5.410216512625189,6,1.6568172907990606,0.7017183086057669,259.53436211963157,68.76588947022739,2.896689047848833,0.5278180523792855,66.64359378418997
4.8797540984350105,5.910241972729131,8,2.0192078416815877,0.5907265269104428,309.4004935523962,55.54464596901779,4.077617794034255,0.5045496453084415,57.37756583839606
3.7965361882540867,4.501681387765906,5,1.5370028690624553,0.8478071971575378,348.7669566059013,40.499618193409965,3.459504424997501,0.6581731393568401,80.39758103188262
4.762710247636809,4.400916951733092,7,1.9198040584779683,0.5352899381182984,430.3807607905515,113.40148810391138,2.3828240064720894,0.5493909746269392,53.52002041257573
0.8606913584666119,5.990178853550472,9,2.5040737375795876,0.5033754798614817,553.5927448541104,208.9562723599124,7.436900679301598,0.01102078136134832,2.792885740292337
2.1800170163919566,5.823851363048163,7,2.9602520155472636,0.5159394404349135,370.54554490339774,118.34702307984574,6.623447747023442,0.30227335113122555,42.333505676256095
4.319334657275351,5.634483579433458,4,1.5864749614879696,0.7305025400486175,184.88443734448578,27.961355497283026,6.288561417290448,0.6527415275813475,72.48303943877966
2.4548434265976002,3.551839766323669,5,0.8971474113485235,0.7270728303534587,227.76506395464233,41.39970231625426,5.868906679353755,0.6910319201287635,71.4799911307646
5.713594357169134,2.429023714880634,10,3.9367918348251694,0.5431543148185997,527.0187185613937,126.78688123971054,6.947080756430664,0.22457820623726651,0.0
2.676248283029541,3.203663316556519,5,0.7032916024407909,0.8145842596830245,263.7818066331964,39.15469023809618,7.034515017565231,0.6304525319562359,90.86706867624555
1.8474712551284798,4.513307712163958,5,2.725342974728698,0.5322360567273573,366.1495193013403,50.84582867575995,6.358091869138317,0.5737594025272129,40.86497139727339
3.2615662057446384,3.4459138648695706,2,0.8698434313034795,0.8090105351793551,269.5361257221955,11.377439105403505,4.5801135404937465,0.9153764725929344,98.61840636333713
1.1504529208510519,4.856254704940084,8,3.70727304116661,0.3867118373107277,598.9772254978891,193.6488190532688,4.259102110768756,0.3439029427702093,0.0
3.759294233731909,4.390645246728197,4,1.3602532202748416,0.8700261060734996,187.72428800839182,21.771753779611814,3.0100660771582963,0.7499304620205247,99.06303255985739
1.9866448635818243,3.8149774012611153,7,2.739711050457156,0.5481967755592942,347.74388536566204,85.02444262237618,7.540675630566336,0.40994735024259676,43.80656046666552
4.940597860287207,5.2188421983385345,2,1.3886442971948465,0.6732453136676817,268.1527392757959,50.2833213645963,5.9212051257578775,0.6571377621774616,75.12000238006854
6.457370874679309,5.682499026043791,9,3.488230135395024,0.5106354540537899,427.30782063244783,87.4223118036018,6.465551001522469,0.36922036761413574,11.292270830888077
5.187926148212463,3.1202279591476403,7,2.59002297179463,0.5318023113738547,421.66808176388764,60.30270574048409,3.3456210398323654,0.5256330661853381,43.7295595899767
1.0665311762130794,3.303621355228076,9,3.3537110678201763,0.38935939738915193,589.6683232148026,153.7221612864833,6.000969651430064,0.36274462988149225,0.710269332456831
2.7204812699016507,3.0758572262336283,2,1.428413532317419,0.6770605154326106,181.43307079436477,18.44190746915822,7.051743292356103,0.7033250391053868,92.88411193847396
3.6053475631718945,4.9727107857904596,2,0.9713063665223568,0.8004610161103322,253.0468110308761,7.084550660432228,3.489716596163279,0.9193017741475834,95.14416350213362
5.666507990498602,2.206874357489421,8,3.3199069023005605,0.522771506278255,524.5976350758696,254.37004569656116,5.088516566180657,0.10546812029768837,4.47043481564897
4.8363713705859475,5.45262593205981,6,0.606751600417783,0.7375439148702635,201.20868491893356,41.14929044206862,6.170526361854012,0.5882977384002023,72.22978255595817
5.101244108639529,5.349642160135498,5,2.2874025561534697,0.5485943561793898,365.3593698827359,76.39247187553256,5.4074938401188914,0.5320397880321656,49.95886615857658
2.551866615992723,3.6451244053568024,2,0.7110071264051346,0.8583310618078405,218.15951136113523,23.458176117116746,5.1237188300008745,0.7704556877305643,100.0
3.7815192264926507,3.243913604179694,2,0.797629183100894,0.8173070165406346,184.99771277795955,16.22826853281734,5.657522768660952,0.8020247115499629,100.0
2.132395675492778,3.9669410813990167,3,1.0382854894154103,0.7537350015167232,183.98980368887644,25.801753000152463,7.199958178942294,0.7015539464244304,87.38851190187744
2.0275583741371768,5.11660581266533,6,1.9060511899962655,0.5589143402349303,361.41651366345377,124.72856262554637,7.430461449760495,0.34302452400302563,50.69267293590318
4.631985755630595,4.318575538082122,6,0.6282060473583297,0.7026554862058728,154.6323777508697,25.01396698448395,2.2127079701160017,0.6150330606290526,71.02101103383453
4.499986126068187,4.962438981372653,6,1.0911977924103393,0.8373746579571937,234.70715187482932,25.779373420560905,7.441180630974064,0.7863569421080897,81.17121603082944
1.975525967512965,5.682324592169097,6,1.8548937395658205,0.5747150174417255,353.5196825414107,71.3241416770187,2.2011775052631304,0.5279266279905104,48.41419285856473
1.4656422029043994,4.447044082281853,9,2.977664522735087,0.45004117108644554,455.58914450451664,193.9670999870121,3.682294659861995,0.11749600845611315,0.9369742610071052
3.817167582118352,4.172482301384186,2,0.4510022430226436,0.7842929990809611,311.99199552890923,34.79033569953086,4.475974514530507,0.6476275667399858,91.59824695461832
4.879942010432272,5.045673292665726,8,1.91213274100567,0.6737970521024812,342.29623764824834,91.13728656965289,4.196002700432826,0.3368716459246942,60.47053677647814
3.153427132389357,3.4902328895939276,2,1.1176349128362513,0.7158661603990774,320.71224150296473,70.45351521800295,2.246647018693991,0.5049270440962703,89.59102270455094
3.1697181907342005,5.310219231872212,1,1.9867458188443377,0.6897695938408084,163.80955353619518,33.34126061797265,2.313134740887972,0.547566310850836,86.11657498008725
2.5111969762939323,4.895230058230606,3,1.2083850320144673,0.8477080747102452,245.39331151891287,27.403646910091403,5.156725833382584,0.7443876776955903,96.11617148165438
1.4292013659282774,5.689514612507359,8,3.497445749468515,0.4410718580678318,477.4541627594286,91.56120038094694,4.449313434490678,0.3978812448927315,9.626283474520742
5.043126580364113,3.3466208655504115,6,2.7565347262267657,0.5620741039981252,446.5330811366543,167.08520349368163,5.273822049959197,0.35361294852171526,36.765659538593034
2.299196271927854,5.3255916675628185,3,0.9127396677144497,0.6997632264217359,327.25644993617396,55.068078539944715,6.373165035397424,0.6917080391729437,84.56688842104616
3.5140672625120164,4.643235174990764,2,1.0858843860769227,0.8222884583733548,225.24276465008967,27.34176978839663,2.137105675494462,0.7955833448474846,100.0
4.767664178300931,3.788172490038045,3,0.8945276911487088,0.6890168376166509,185.75359584655945,29.2165357100052,3.791009384540398,0.5369648860194501,82.87976869453661
2.7700821928996286,4.531824716249131,3,1.202487508247295,0.8441963270610271,255.2541725513011,36.67146019645898,5.060337941542308,0.7018058122908519,100.0
5.22322980721494,4.248069240409563,6,2.9020906428538153,0.6802090215553648,435.10487124467204,101.9258595721822,2.4694499648702584,0.5882740939996086,51.8942945086564
4.4972607181662,4.948280135649971,2,0.3899038009196001,0.6641363348110609,155.08068378952999,21.218705011818265,4.4894482129436675,0.7702875545675648,88.7414228692483
4.101900653720604,4.2921074772904415,4,1.6018783286755236,0.7369116984204075,307.61475315324225,70.26694381147789,7.535380986672166,0.5100068735660728,79.29031661094159
3.5158932714904925,5.6059773550784335,6,1.2211669771191622,0.7391116576611377,182.41637910781415,24.590452696377465,6.178720861320903,0.64725211650056,88.58074454649983
2.1035409982816953,4.859743995337392,4,1.9003203568059552,0.8049311752285895,324.5736476981026,51.54858355304362,5.651817572916748,0.5350714784974947,75.84829913322356
3.4368919848845048,2.770475942146328,5,1.1340962156502734,0.7456489350372583,246.35793728998158,29.11160046236124,4.118282574850923,0.7915601177636462,93.41000618330168
